iter	Logloss
0	0.6774557055
1	0.6638746214
2	0.6539097687
3	0.6443784217
4	0.6363526202
5	0.6293117305
6	0.623295836
7	0.6181109601
8	0.6132888911
9	0.6091120507
10	0.6060644028
11	0.6026708167
12	0.5997737862
13	0.5975657491
14	0.5957218414
15	0.5936636409
16	0.5914481566
17	0.5896359573
18	0.5881189847
19	0.5864139208
20	0.5846232384
21	0.5833945594
22	0.5820421843
23	0.5806172975
24	0.5795414186
25	0.5784181172
26	0.5776289826
27	0.5763852691
28	0.5755022009
29	0.5746418609
30	0.5736938238
31	0.5730122546
32	0.572141916
33	0.5714085661
34	0.5707223347
35	0.5700479009
36	0.5693748497
37	0.5687436117
38	0.5678184062
39	0.5671023992
40	0.5664316683
41	0.5658322898
42	0.5650771271
43	0.5645251179
44	0.5639116745
45	0.5635115754
46	0.5630914712
47	0.5626774336
48	0.5621138082
49	0.561585102
50	0.5611920603
51	0.5608576323
52	0.5604038344
53	0.5599265964
54	0.5594132766
55	0.5590198552
56	0.5586195676
57	0.5582062728
58	0.5577934791
59	0.557377121
60	0.5570651624
61	0.5566507345
62	0.5563445728
63	0.5558865564
64	0.5555826214
65	0.5552895813
66	0.5550795755
67	0.5546925437
68	0.5543447429
69	0.5538867561
70	0.5534781073
71	0.5530931731
72	0.552758277
73	0.5523991185
74	0.5520210743
75	0.5517549269
76	0.5515182573
77	0.5511843849
78	0.5508897356
79	0.5506105614
80	0.5504033882
81	0.5501651597
82	0.5498517512
83	0.5493848998
84	0.5491533366
85	0.5488329248
86	0.5485825817
87	0.5482886399
88	0.5480359193
89	0.5477709586
90	0.5475056828
91	0.5472521429
92	0.5470427983
93	0.5467986272
94	0.5465239185
95	0.5463641515
96	0.5461399019
97	0.5459091254
98	0.5456524646
99	0.545432937
100	0.5451596261
101	0.5449753503
102	0.5446847954
103	0.5445053119
104	0.5443049812
105	0.544043173
106	0.5437842207
107	0.5435631639
108	0.5433635315
109	0.5431204624
110	0.5428283625
111	0.5426170978
112	0.5423905989
113	0.5421790152
114	0.5419646643
115	0.5417158814
116	0.5415735981
117	0.5413639149
118	0.5411176952
119	0.5409229071
120	0.540677716
121	0.5405069057
122	0.5403300966
123	0.5401146772
124	0.5399142081
125	0.53974931
126	0.5395474439
127	0.5392956752
128	0.5390608457
129	0.5388159205
130	0.5385950411
131	0.5382843821
132	0.5381038595
133	0.5379387781
134	0.5377806477
135	0.5375827485
136	0.5373742463
137	0.5371865452
138	0.5370092197
139	0.536796873
140	0.5366086124
141	0.5364454462
142	0.5362502077
143	0.5360061155
144	0.5358337135
145	0.5355855399
146	0.5354364492
147	0.5352547453
148	0.5350909676
149	0.5348593517
150	0.5346270528
151	0.5343896782
152	0.5341630205
153	0.5339351813
154	0.5337441306
155	0.5335925727
156	0.5334200384
157	0.5332122306
158	0.5329830974
159	0.5327401135
160	0.5325381729
161	0.5323305162
162	0.532160199
163	0.5319998747
164	0.5318041658
165	0.5316584377
166	0.5314543889
167	0.5312723809
168	0.5311017373
169	0.530905121
170	0.5307345111
171	0.5305613759
172	0.5303805726
173	0.5301594756
174	0.5299856129
175	0.5298458731
176	0.5296996756
177	0.52957442
178	0.5294469138
179	0.5292608334
180	0.5290857663
181	0.5288932538
182	0.528776449
183	0.5286408283
184	0.5284461019
185	0.5283200323
186	0.5282003533
187	0.5280203825
188	0.5278310948
189	0.5276322222
190	0.5274311619
191	0.5272423212
192	0.5270613147
193	0.5268884412
194	0.526739642
195	0.5266405066
196	0.5264833184
197	0.5263483943
198	0.5262187909
199	0.5260354982
200	0.5258853708
201	0.5257246693
202	0.5255647144
203	0.5254753144
204	0.5253368002
205	0.5251249669
206	0.5249755105
207	0.5248275801
208	0.5247017574
209	0.5245388203
210	0.5243858297
211	0.5242472083
212	0.524114497
213	0.5239765186
214	0.5238099184
215	0.523656635
216	0.5234903874
217	0.5233878218
218	0.523278033
219	0.5231305413
220	0.5229708874
221	0.5228249451
222	0.522669895
223	0.5225124877
224	0.5223474102
225	0.5222299141
226	0.5220555019
227	0.5219171361
228	0.5218010156
229	0.5216443153
230	0.5215112777
231	0.5213692454
232	0.5212316016
233	0.5211001574
234	0.5210178147
235	0.5209083101
236	0.5208074097
237	0.5206672751
238	0.5205325888
239	0.5203989408
240	0.5202978047
241	0.5202097616
242	0.5200345975
243	0.5198819081
244	0.5197376523
245	0.5196389016
246	0.5195051693
247	0.5193608789
248	0.5192053137
249	0.5190806125
250	0.5189322019
251	0.5188216442
252	0.5187217364
253	0.5185815769
254	0.5184577214
255	0.5183336022
256	0.5182288548
257	0.5181248831
258	0.5180132333
259	0.517906838
260	0.5178323172
261	0.5177095766
262	0.5175799404
263	0.5174611402
264	0.5173113199
265	0.5172080366
266	0.5170814434
267	0.5169275388
268	0.5168465064
269	0.5167687526
270	0.5166353663
271	0.5165267158
272	0.5164463563
273	0.516332533
274	0.5162265514
275	0.5161146711
276	0.515989095
277	0.5158724577
278	0.5157756426
279	0.5156574908
280	0.515525085
281	0.5154041133
282	0.515279415
283	0.5151736128
284	0.5150751793
285	0.5149958099
286	0.5148902602
287	0.5147475312
288	0.5146434301
289	0.5145393988
290	0.5143973124
291	0.5142697383
292	0.5141418318
293	0.5140338856
294	0.5139275646
295	0.5138398892
296	0.5137504123
297	0.5136713233
298	0.5135483608
299	0.5134403514
300	0.5133662533
301	0.5132429619
302	0.5131626027
303	0.5130478272
304	0.5129081876
305	0.512809214
306	0.5126916161
307	0.5126021276
308	0.5124841558
309	0.5123640384
310	0.5122323931
311	0.5121427316
312	0.5120152878
313	0.5118985882
314	0.5118312535
315	0.5117579021
316	0.511650133
317	0.5115567895
318	0.5114279617
319	0.5113283107
320	0.5112331121
321	0.5111454843
322	0.5110401352
323	0.5109251515
324	0.5107923271
325	0.5106939293
326	0.5106017725
327	0.5104832047
328	0.5103962904
329	0.5103032581
330	0.5102154706
331	0.5101328986
332	0.5100102237
333	0.5099117319
334	0.5098286722
335	0.5097442768
336	0.5096337432
337	0.5095204571
338	0.5094477253
339	0.5093659694
340	0.5092521233
341	0.5091561138
342	0.5090588259
343	0.5089559836
344	0.5088732589
345	0.5087646524
346	0.5086771646
347	0.508575286
348	0.5084754343
349	0.5083796583
350	0.5082780144
351	0.5081665633
352	0.5081075678
353	0.5080086157
354	0.5078973248
355	0.5078088426
356	0.5077180519
357	0.5076218737
358	0.5075205511
359	0.5074136933
360	0.5073018506
361	0.5071889383
362	0.5071007611
363	0.5069890527
364	0.5068708335
365	0.5068049859
366	0.5067218334
367	0.5065973784
368	0.50648299
369	0.5064088606
370	0.5063280068
371	0.506260431
372	0.5061914003
373	0.5061080198
374	0.506007474
375	0.5059296115
376	0.5058266933
377	0.5057392619
378	0.5056225602
379	0.5055378238
380	0.5054687697
381	0.5053942798
382	0.50530951
383	0.5052108372
384	0.5051404239
385	0.5050572701
386	0.5049904115
387	0.5049248505
388	0.5048256011
389	0.5047304671
390	0.504627209
391	0.5045217204
392	0.5044131229
393	0.5043101384
394	0.5042217663
395	0.5041225093
396	0.5040248772
397	0.503946615
398	0.5038805751
399	0.5037910402
400	0.5037075778
401	0.5036239164
402	0.5035310918
403	0.5034436336
404	0.503357872
405	0.5032440516
406	0.5031618833
407	0.5030797478
408	0.5029807227
409	0.502896538
410	0.502792916
411	0.5027249554
412	0.5026642732
413	0.5025686291
414	0.5024751109
415	0.5023871005
416	0.5022780057
417	0.5021876539
418	0.502108344
419	0.502044789
420	0.50196766
421	0.5018689592
422	0.5017875241
423	0.501678346
424	0.501580194
425	0.5014716971
426	0.5013779587
427	0.501265698
428	0.5011937287
429	0.5011141036
430	0.5010306995
431	0.5009563806
432	0.5009035677
433	0.5008344079
434	0.5007395784
435	0.5006608652
436	0.5005848076
437	0.5004948372
438	0.5004154164
439	0.5003533261
440	0.5002380187
441	0.5001812512
442	0.5000531032
443	0.4999673447
444	0.4998824048
445	0.4997752963
446	0.4997099871
447	0.4996240522
448	0.4995084695
449	0.4994314617
450	0.4993708259
451	0.4992934489
452	0.4991835481
453	0.4991075371
454	0.499035126
455	0.4989415686
456	0.4988690795
457	0.498796261
458	0.4986909215
459	0.498570025
460	0.4984959688
461	0.4984175616
462	0.4982975803
463	0.4982092229
464	0.4981425728
465	0.4980529505
466	0.4980010942
467	0.4979273651
468	0.4978634607
469	0.4977813503
470	0.497700787
471	0.4976168375
472	0.4975380253
473	0.4974515944
474	0.4973982804
475	0.497308313
476	0.4972316786
477	0.497163649
478	0.4970971546
479	0.4970185534
480	0.496942698
481	0.4968552634
482	0.4967887451
483	0.4967105705
484	0.4966199744
485	0.49655131
486	0.496465361
487	0.496395645
488	0.4963093082
489	0.4962406477
490	0.4961791899
491	0.4960987682
492	0.4960163435
493	0.4959139469
494	0.4958494616
495	0.4957800055
496	0.4957069258
497	0.4956331805
498	0.4955383178
499	0.495460579
500	0.4953890284
501	0.4953207211
502	0.4952593289
503	0.4951785493
504	0.4951195381
505	0.4950457513
506	0.4949743085
507	0.4948961402
508	0.4948412508
509	0.4947720333
510	0.4947044979
511	0.4946201975
512	0.4945681611
513	0.4945116663
514	0.4944342631
515	0.4943649997
516	0.4942641911
517	0.4941892599
518	0.4941318591
519	0.4940365765
520	0.4939639057
521	0.4939094163
522	0.4938402631
523	0.4937636997
524	0.4936820599
525	0.4935982818
526	0.4935227187
527	0.4934560666
528	0.4933754743
529	0.4932864843
530	0.4932168329
531	0.4931575845
532	0.4930659309
533	0.4929849383
534	0.492918863
535	0.4928571173
536	0.4927781303
537	0.4927040585
538	0.4926411533
539	0.4925620099
540	0.4925065243
541	0.4924363182
542	0.4923659666
543	0.4923062807
544	0.4922588841
545	0.4921767211
546	0.4921004751
547	0.4920345027
548	0.4919537227
549	0.491856758
550	0.4917905979
551	0.4916970345
552	0.4916435047
553	0.4915782398
554	0.4915290889
555	0.4914585713
556	0.491385792
557	0.4913037435
558	0.491230833
559	0.4911713503
560	0.4911027499
561	0.4910206317
562	0.4909433738
563	0.4909026181
564	0.4908232809
565	0.4907320275
566	0.4906610799
567	0.4905974008
568	0.490515873
569	0.4904411238
570	0.4903554858
571	0.4903045524
572	0.4902276135
573	0.4901432232
574	0.4900497616
575	0.4899710695
576	0.489891411
577	0.4898015542
578	0.4897380804
579	0.4896628658
580	0.4895991564
581	0.4895443409
582	0.4894799619
583	0.4894227918
584	0.4893642003
585	0.4892920037
586	0.4892336596
587	0.4891805851
588	0.4890829662
589	0.489008793
590	0.488922642
591	0.4888629013
592	0.4887948779
593	0.4887436606
594	0.488661106
595	0.4885752414
596	0.4884880294
597	0.4884212806
598	0.4883725683
599	0.4883072118
600	0.4882159992
601	0.4881583796
602	0.4880995154
603	0.4880428997
604	0.4879525835
605	0.4878878689
606	0.4878179861
607	0.4877722376
608	0.4877176736
609	0.4876596574
610	0.4875764237
611	0.4875271303
612	0.4874624455
613	0.4873847272
614	0.4873038911
615	0.4872288524
616	0.4871507755
617	0.487067047
618	0.4870182691
619	0.4869394192
620	0.4868722494
621	0.4868056962
622	0.4867331357
623	0.4866653823
624	0.486603683
625	0.4865286091
626	0.4864516775
627	0.4863972068
628	0.486343287
629	0.4862826901
630	0.4862106076
631	0.4861552025
632	0.4861147348
633	0.4860531725
634	0.4859985063
635	0.4859372501
636	0.4858835163
637	0.485815966
638	0.4857389303
639	0.4856977849
640	0.4856224103
641	0.4855431778
642	0.4854878011
643	0.4854127903
644	0.4853583912
645	0.4852764319
646	0.4852111684
647	0.4851167022
648	0.4850630146
649	0.4850027361
650	0.4849159706
651	0.4848657826
652	0.4847842819
653	0.4846983451
654	0.4846310047
655	0.4845747905
656	0.4845246972
657	0.484454234
658	0.4843905728
659	0.484309392
660	0.4842531149
661	0.4841839568
662	0.484114153
663	0.4840584583
664	0.4839746939
665	0.4839085722
666	0.4838326438
667	0.4837687103
668	0.4837102207
669	0.4836517791
670	0.483595844
671	0.4835209917
672	0.483444091
673	0.4833720792
674	0.4833063498
675	0.4832343124
676	0.4831773664
677	0.4831059695
678	0.4830405198
679	0.4829630164
680	0.482910932
681	0.4828263324
682	0.4827638507
683	0.482715435
684	0.4826597581
685	0.4825800804
686	0.4825190848
687	0.4824427616
688	0.4823812417
689	0.4823214098
690	0.4822720392
691	0.4822097209
692	0.4821266605
693	0.4820624273
694	0.4819998877
695	0.4819535253
696	0.4818998301
697	0.4818434797
698	0.481773954
699	0.4817231283
700	0.4816798767
701	0.4816366021
702	0.4815765936
703	0.4815191051
704	0.4814455222
705	0.4813871455
706	0.4813204049
707	0.4812427789
708	0.4811771367
709	0.4811253524
710	0.4810707616
711	0.4810073106
712	0.4809548698
713	0.4808704039
714	0.4808124815
715	0.4807706838
716	0.48069852
717	0.4806430692
718	0.4805858411
719	0.4805223615
720	0.4804703264
721	0.4803957551
722	0.480315543
723	0.4802531931
724	0.480199971
725	0.4801358255
726	0.4800781151
727	0.4800347428
728	0.4799686031
729	0.4799204247
730	0.4798707048
731	0.4798028404
732	0.4797408539
733	0.4796849382
734	0.4796282244
735	0.4795685777
736	0.4795234699
737	0.4794789108
738	0.4794194784
739	0.4793601776
740	0.4793228896
741	0.4792450331
742	0.4791980288
743	0.4791629783
744	0.4791139906
745	0.4790512992
746	0.4789701009
747	0.4789237468
748	0.4788663591
749	0.4787952857
750	0.4787348658
751	0.478675863
752	0.4786200782
753	0.4785598283
754	0.4785228033
755	0.4784727227
756	0.4784189577
757	0.4783626016
758	0.4783136366
759	0.4782774028
760	0.4782189604
761	0.478163248
762	0.4781086187
763	0.4780554135
764	0.4780013793
765	0.4779402079
766	0.477898576
767	0.4778350883
768	0.4777843668
769	0.4777242532
770	0.4776475883
771	0.4775835634
772	0.4775169698
773	0.4774706884
774	0.4773878136
775	0.4773238972
776	0.4772697725
777	0.4772164608
778	0.4771618998
779	0.4770937913
780	0.4770383202
781	0.4769882085
782	0.4769333581
783	0.476867105
784	0.4767878738
785	0.4767385275
786	0.476684342
787	0.4766360975
788	0.4765746197
789	0.4765345453
790	0.4764783871
791	0.4764283185
792	0.476354407
793	0.4762959462
794	0.4762443957
795	0.4761887917
796	0.4761148413
797	0.4760875187
798	0.476032252
799	0.4759780422
800	0.4759263973
801	0.4758658966
802	0.4758112583
803	0.4757651098
804	0.4757255529
805	0.4756628412
806	0.4756094231
807	0.4755743705
808	0.4755077037
809	0.4754616644
810	0.4753997561
811	0.4753434591
812	0.4752741008
813	0.475197235
814	0.4751542541
815	0.4750965102
816	0.475037394
817	0.4749539887
818	0.4748901424
819	0.474825214
820	0.4747433607
821	0.4746795305
822	0.4746103963
823	0.4745532887
824	0.4744933557
825	0.4744370759
826	0.4743879684
827	0.4743269417
828	0.4742759809
829	0.47422533
830	0.4741478008
831	0.474096404
832	0.4740319632
833	0.4739966766
834	0.4739519527
835	0.4739003048
836	0.4738320436
837	0.473782062
838	0.4737117068
839	0.4736595753
840	0.4736083631
841	0.4735462284
842	0.4734852881
843	0.4734334907
844	0.4733865516
845	0.4733275113
846	0.4732758972
847	0.4732271713
848	0.4731599678
849	0.4730865997
850	0.4730408823
851	0.4729700992
852	0.4729192538
853	0.4728746091
854	0.4728176522
855	0.472754294
856	0.4726938811
857	0.4726577846
858	0.4726166962
859	0.4725634505
860	0.4725079574
861	0.4724386858
862	0.4723921778
863	0.4723267277
864	0.4722786455
865	0.4722223394
866	0.4721776977
867	0.4721427098
868	0.4721014894
869	0.4720571673
870	0.4720052933
871	0.4719220748
872	0.4718883536
873	0.4718422889
874	0.4717778077
875	0.4717220472
876	0.4716848614
877	0.4716522568
878	0.4715935329
879	0.47154741
880	0.4714931643
881	0.4714327157
882	0.4713856083
883	0.4713214992
884	0.4712513092
885	0.4711752172
886	0.471131834
887	0.4710774178
888	0.4710341298
889	0.4709859687
890	0.4709344238
891	0.4708503419
892	0.4707942849
893	0.4707445909
894	0.470715062
895	0.4706529915
896	0.4706048145
897	0.4705407379
898	0.4704936108
899	0.4704191053
900	0.4703574776
901	0.4703049305
902	0.470268773
903	0.4702233964
904	0.470169878
905	0.4701201223
906	0.4700722961
907	0.4700109638
908	0.4699718308
909	0.4699127713
910	0.4698770357
911	0.4698239206
912	0.4697810188
913	0.4697113322
914	0.4696610454
915	0.4696035488
916	0.4695435232
917	0.4695107092
918	0.4694578546
919	0.4694168949
920	0.4693362131
921	0.4692933872
922	0.4692363069
923	0.4691796237
924	0.4691052975
925	0.4690545759
926	0.4689845542
927	0.46893318
928	0.4688790543
929	0.4688351064
930	0.4687865094
931	0.4687310089
932	0.4686710205
933	0.4686296605
934	0.4685785114
935	0.4685146928
936	0.4684799275
937	0.468444845
938	0.4684068601
939	0.4683665516
940	0.4683071089
941	0.4682611045
942	0.4682008328
943	0.4681605316
944	0.4681116816
945	0.4680492118
946	0.4679870525
947	0.4679406051
948	0.4678848585
949	0.4678349782
950	0.467793228
951	0.4677526366
952	0.4676973203
953	0.4676476601
954	0.467609716
955	0.4675616902
956	0.4675235388
957	0.4674352291
958	0.467390195
959	0.4673234678
960	0.4672876827
961	0.4672425264
962	0.4672130531
963	0.4671609983
964	0.4670827545
965	0.4670258557
966	0.4669540531
967	0.4669012139
968	0.4668311723
969	0.466769035
970	0.4667266092
971	0.4666755553
972	0.4666134684
973	0.4665415117
974	0.4664867391
975	0.4664168106
976	0.4663829667
977	0.4663460321
978	0.466289875
979	0.4662564698
980	0.4661921021
981	0.4661374676
982	0.466095632
983	0.4660512296
984	0.465996157
985	0.4659644328
986	0.4659282404
987	0.465875765
988	0.4658126691
989	0.4657460974
990	0.4656963385
991	0.4656552665
992	0.4656006901
993	0.4655403865
994	0.465491974
995	0.4654541974
996	0.4653905253
997	0.465344138
998	0.4652906191
999	0.4652441657
1000	0.4651815932
1001	0.4651347934
1002	0.4650894649
1003	0.4650522625
1004	0.4650029183
1005	0.4649449983
1006	0.464892336
1007	0.464830007
1008	0.4647788087
1009	0.464732345
1010	0.4646943643
1011	0.4646498996
1012	0.4645929857
1013	0.4645234904
1014	0.4644550913
1015	0.46440755
1016	0.4643605055
1017	0.4643012861
1018	0.4642544412
1019	0.4641971466
1020	0.4641425457
1021	0.4640870851
1022	0.4640148684
1023	0.4639634474
1024	0.4639168186
1025	0.4638639079
1026	0.4637974601
1027	0.463767852
1028	0.4637200828
1029	0.4636736445
1030	0.4636167861
1031	0.4635784519
1032	0.4635276152
1033	0.4634796589
1034	0.4634424538
1035	0.4633842905
1036	0.4633262968
1037	0.4632744653
1038	0.4632070031
1039	0.4631793611
1040	0.463126671
1041	0.4630879094
1042	0.4630602737
1043	0.4630047164
1044	0.4629471243
1045	0.462893869
1046	0.4628324206
1047	0.4627684089
1048	0.462713256
1049	0.462672688
1050	0.4626195495
1051	0.4625821385
1052	0.4625412194
1053	0.4624837142
1054	0.4624487812
1055	0.4623977724
1056	0.462354918
1057	0.4623162849
1058	0.4622718159
1059	0.4622309117
1060	0.462173432
1061	0.462107558
1062	0.4620330103
1063	0.4619782778
1064	0.4619229769
1065	0.4618892851
1066	0.4618440702
1067	0.4618006115
1068	0.4617566861
1069	0.4617053068
1070	0.4616428421
1071	0.4615925725
1072	0.4615341599
1073	0.4614694284
1074	0.4614239448
1075	0.4613821379
1076	0.4613361277
1077	0.4612765074
1078	0.4612316013
1079	0.4611797746
1080	0.461147408
1081	0.4610970605
1082	0.4610601058
1083	0.461024338
1084	0.4609691554
1085	0.4609147343
1086	0.4608552328
1087	0.4608038944
1088	0.4607392519
1089	0.4607024035
1090	0.4606673629
1091	0.4606300531
1092	0.4605778858
1093	0.4605242621
1094	0.460480176
1095	0.4604158692
1096	0.4603698362
1097	0.4603303099
1098	0.4602843675
1099	0.4602319674
1100	0.4601689255
1101	0.4600940298
1102	0.4600411015
1103	0.4599781257
1104	0.4599325416
1105	0.459902387
1106	0.4598442301
1107	0.4598029955
1108	0.4597712853
1109	0.4597158638
1110	0.4596600264
1111	0.4596122425
1112	0.4595717617
1113	0.4595270972
1114	0.4594812533
1115	0.459444129
1116	0.4594035416
1117	0.4593617514
1118	0.45931035
1119	0.4592584505
1120	0.4591978493
1121	0.4591493217
1122	0.4591030581
1123	0.4590499257
1124	0.4589935531
1125	0.4589554397
1126	0.4589064757
1127	0.4588453481
1128	0.4588097126
1129	0.4587639407
1130	0.4587097954
1131	0.4586509177
1132	0.4585998899
1133	0.4585567646
1134	0.4585240688
1135	0.458466236
1136	0.4584266789
1137	0.4583722701
1138	0.4583208143
1139	0.4582765101
1140	0.4582058203
1141	0.4581463303
1142	0.4580953311
1143	0.4580692427
1144	0.4580271175
1145	0.4579794772
1146	0.4579207644
1147	0.4578565649
1148	0.4577975067
1149	0.4577529885
1150	0.4576854966
1151	0.4576250867
1152	0.4575664697
1153	0.4575172799
1154	0.4574510234
1155	0.4574081202
1156	0.4573532702
1157	0.4573128566
1158	0.4572550376
1159	0.4572002649
1160	0.4571520756
1161	0.4571052959
1162	0.4570588461
1163	0.4570241415
1164	0.4569780262
1165	0.4569284865
1166	0.4569021101
1167	0.4568678366
1168	0.4568433797
1169	0.45678917
1170	0.4567414919
1171	0.4566986014
1172	0.4566498312
1173	0.4566091484
1174	0.4565655011
1175	0.4565216316
1176	0.4564642689
1177	0.4564148856
1178	0.4563661287
1179	0.4563093466
1180	0.4562641887
1181	0.456216512
1182	0.4561613081
1183	0.4561215398
1184	0.4560681579
1185	0.4560135111
1186	0.4559674875
1187	0.4559267274
1188	0.4558754937
1189	0.4558254373
1190	0.4557845635
1191	0.4557356778
1192	0.4556926298
1193	0.4556628016
1194	0.4556102331
1195	0.4555713614
1196	0.4555070715
1197	0.4554552383
1198	0.4554201524
1199	0.455365396
1200	0.4553299849
1201	0.4552974066
1202	0.4552509032
1203	0.4551943366
1204	0.4551507137
1205	0.4550955119
1206	0.4550405821
1207	0.4549915188
1208	0.4549399283
1209	0.4548849228
1210	0.45483393
1211	0.4547924764
1212	0.4547380073
1213	0.4546861642
1214	0.4546417188
1215	0.4545873006
1216	0.4545588334
1217	0.4545071412
1218	0.4544497333
1219	0.4543862386
1220	0.4543449308
1221	0.4543072811
1222	0.4542648094
1223	0.4542026736
1224	0.4541536366
1225	0.4541144468
1226	0.4540743965
1227	0.4540257267
1228	0.4539588353
1229	0.453904069
1230	0.4538750178
1231	0.4538368919
1232	0.453793533
1233	0.4537466007
1234	0.4537049836
1235	0.4536585946
1236	0.4536115513
1237	0.4535744015
1238	0.4535194356
1239	0.4534938572
1240	0.4534336418
1241	0.4533991722
1242	0.4533710643
1243	0.4533282164
1244	0.4532841418
1245	0.4532217511
1246	0.453193301
1247	0.4531552691
1248	0.45311172
1249	0.4530642692
1250	0.4530124893
1251	0.4529581398
1252	0.4529199572
1253	0.4528779101
1254	0.4528285609
1255	0.4527785427
1256	0.4527418302
1257	0.4526846551
1258	0.4526374455
1259	0.4525951363
1260	0.452549292
1261	0.45250093
1262	0.4524614019
1263	0.4524232257
1264	0.4523646144
1265	0.4523367614
1266	0.4522790828
1267	0.452227635
1268	0.4521802365
1269	0.452136771
1270	0.4520977078
1271	0.4520632352
1272	0.4520288885
1273	0.4519934595
1274	0.4519658656
1275	0.4519337941
1276	0.4518873021
1277	0.4518429532
1278	0.4518137685
1279	0.4517627413
1280	0.4517134693
1281	0.45166616
1282	0.4516150842
1283	0.4515755895
1284	0.4515126593
1285	0.4514752582
1286	0.4514227292
1287	0.451386775
1288	0.4513418907
1289	0.4512860523
1290	0.4512352249
1291	0.4511874027
1292	0.4511252901
1293	0.4510876475
1294	0.4510303577
1295	0.4509897423
1296	0.4509364742
1297	0.4509042108
1298	0.4508616858
1299	0.4508053371
1300	0.4507626967
1301	0.4507148365
1302	0.4506756872
1303	0.4506413743
1304	0.4506015906
1305	0.4505638402
1306	0.4505200347
1307	0.4504843225
1308	0.4504356522
1309	0.450399413
1310	0.4503627908
1311	0.4503037503
1312	0.4502571898
1313	0.4502094943
1314	0.4501739583
1315	0.4501256285
1316	0.4500788162
1317	0.4500240424
1318	0.4499890774
1319	0.4499398565
1320	0.4498975007
1321	0.449847428
1322	0.4498258626
1323	0.4497800272
1324	0.4497421506
1325	0.4496897546
1326	0.4496312128
1327	0.4495696375
1328	0.4495258678
1329	0.4494763084
1330	0.4494407386
1331	0.4493934722
1332	0.4493574537
1333	0.4493084992
1334	0.4492713698
1335	0.449225295
1336	0.4491930408
1337	0.4491481425
1338	0.4491200331
1339	0.4490805181
1340	0.4490359312
1341	0.4489836888
1342	0.4489299953
1343	0.4488848807
1344	0.4488278775
1345	0.4487853285
1346	0.4487352591
1347	0.448681248
1348	0.4486319303
1349	0.4485968184
1350	0.4485325994
1351	0.4485005015
1352	0.4484557794
1353	0.4484214212
1354	0.4483800486
1355	0.4483178491
1356	0.4482663075
1357	0.448222627
1358	0.4481779729
1359	0.4481398433
1360	0.4480970459
1361	0.4480628456
1362	0.4480215314
1363	0.4479891997
1364	0.447952683
1365	0.4479214554
1366	0.4478845806
1367	0.4478525637
1368	0.4477921025
1369	0.4477389048
1370	0.4476821992
1371	0.4476434558
1372	0.4476132983
1373	0.4475775329
1374	0.4475440638
1375	0.4474899329
1376	0.4474687417
1377	0.4474292686
1378	0.4473891673
1379	0.4473452344
1380	0.4473133474
1381	0.4472689912
1382	0.4472235231
1383	0.4471929304
1384	0.4471562137
1385	0.447118449
1386	0.4470592706
1387	0.4469973652
1388	0.4469533787
1389	0.4469117738
1390	0.4468824548
1391	0.4468230189
1392	0.4467819424
1393	0.4467488549
1394	0.4466872928
1395	0.4466512013
1396	0.4466069753
1397	0.4465802525
1398	0.4465354241
1399	0.4464868657
1400	0.4464278857
1401	0.4463708911
1402	0.4463174106
1403	0.4462668944
1404	0.446237622
1405	0.4462188375
1406	0.4461675762
1407	0.4461119292
1408	0.4460784544
1409	0.4460486913
1410	0.4460096457
1411	0.445953499
1412	0.4458998292
1413	0.4458470001
1414	0.445805974
1415	0.4457582494
1416	0.4457064957
1417	0.4456719391
1418	0.4456436877
1419	0.4455956496
1420	0.4455506006
1421	0.4455184145
1422	0.4454794834
1423	0.4454257645
1424	0.4453895312
1425	0.4453327335
1426	0.4453031448
1427	0.445252411
1428	0.4451949232
1429	0.4451609892
1430	0.4451256438
1431	0.4450732839
1432	0.4450190543
1433	0.4449543425
1434	0.4449221011
1435	0.4448789606
1436	0.4448276652
1437	0.4447903103
1438	0.4447405893
1439	0.4446937033
1440	0.4446388036
1441	0.4446021255
1442	0.4445729177
1443	0.4445276312
1444	0.4444982752
1445	0.4444503627
1446	0.4443861522
1447	0.4443349149
1448	0.4443001666
1449	0.444245821
1450	0.4442093423
1451	0.444167702
1452	0.4441158081
1453	0.4440510974
1454	0.4440117215
1455	0.4439652922
1456	0.4439289565
1457	0.4438884316
1458	0.4438460035
1459	0.4437976357
1460	0.4437465002
1461	0.4437033906
1462	0.4436783358
1463	0.4436418426
1464	0.4435928238
1465	0.4435469399
1466	0.4435070215
1467	0.4434758203
1468	0.4434269972
1469	0.4433737602
1470	0.4433373515
1471	0.443304568
1472	0.4432717702
1473	0.4432420707
1474	0.4432002645
1475	0.4431503018
1476	0.4431101181
1477	0.4430685886
1478	0.4430324552
1479	0.4430044228
1480	0.4429573414
1481	0.4429122864
1482	0.4428873192
1483	0.4428568246
1484	0.4428232017
1485	0.4427762987
1486	0.4427244328
1487	0.4426664461
1488	0.4426295989
1489	0.4425842696
1490	0.4425244602
1491	0.4424788667
1492	0.4424292055
1493	0.4423927597
1494	0.4423317952
1495	0.4422751149
1496	0.4422291918
1497	0.4421864399
1498	0.4421518935
1499	0.4421165342
1500	0.4420757185
1501	0.4420524051
1502	0.442012231
1503	0.4419566297
1504	0.4419185022
1505	0.4418698593
1506	0.4418370333
1507	0.441795919
1508	0.4417514656
1509	0.4417127839
1510	0.4416618532
1511	0.4416156916
1512	0.4415760928
1513	0.4415243377
1514	0.4414841215
1515	0.4414478757
1516	0.441407782
1517	0.4413726433
1518	0.4413257834
1519	0.4412807575
1520	0.4412401902
1521	0.4411990512
1522	0.4411678106
1523	0.4411316375
1524	0.4411037211
1525	0.4410528373
1526	0.4410061312
1527	0.4409624767
1528	0.4409279678
1529	0.4408726969
1530	0.4408400193
1531	0.4408052531
1532	0.4407628012
1533	0.4407162368
1534	0.4406822906
1535	0.4406466929
1536	0.4406061663
1537	0.4405637229
1538	0.4405347975
1539	0.44049813
1540	0.4404491718
1541	0.4404178239
1542	0.4403767155
1543	0.4403362799
1544	0.4402769685
1545	0.4402398241
1546	0.4402091331
1547	0.4401536437
1548	0.440104491
1549	0.4400559498
1550	0.4399999253
1551	0.4399455882
1552	0.4399122472
1553	0.4398636785
1554	0.4398079673
1555	0.4397671096
1556	0.4397124967
1557	0.4396593414
1558	0.4396103621
1559	0.439579299
1560	0.4395382935
1561	0.4395078246
1562	0.4394801478
1563	0.4394411838
1564	0.4394099579
1565	0.4393615607
1566	0.4393056663
1567	0.4392609025
1568	0.4392340901
1569	0.4391859182
1570	0.4391623337
1571	0.4391294011
1572	0.4390717931
1573	0.4390375092
1574	0.4389762517
1575	0.4389536478
1576	0.4389291411
1577	0.4388937574
1578	0.438845
1579	0.4388029994
1580	0.4387665647
1581	0.4387237688
1582	0.4387001093
1583	0.4386490704
1584	0.4386123021
1585	0.4385640534
1586	0.4385414767
1587	0.4385116035
1588	0.4384555019
1589	0.4384271008
1590	0.4383870831
1591	0.438351023
1592	0.4382972543
1593	0.4382588295
1594	0.4382050154
1595	0.4381644848
1596	0.4381356325
1597	0.4381065497
1598	0.4380762802
1599	0.4380454897
1600	0.4380147591
1601	0.4379768446
1602	0.4379329252
1603	0.4378984794
1604	0.4378627948
1605	0.4378221011
1606	0.4377818447
1607	0.4377377348
1608	0.4377017197
1609	0.4376467901
1610	0.4376005089
1611	0.4375502044
1612	0.4374989285
1613	0.4374568556
1614	0.437419111
1615	0.437374183
1616	0.4373405733
1617	0.4373022834
1618	0.437261768
1619	0.4372118032
1620	0.4371611558
1621	0.4371194989
1622	0.4370716411
1623	0.4370273491
1624	0.4369821424
1625	0.4369485445
1626	0.4369158672
1627	0.4368881312
1628	0.4368399699
1629	0.4368154866
1630	0.436781919
1631	0.4367212667
1632	0.43667756
1633	0.4366304949
1634	0.4365975627
1635	0.436562971
1636	0.4365155843
1637	0.4364706342
1638	0.4364435453
1639	0.4364058707
1640	0.4363501358
1641	0.4363103246
1642	0.436262
1643	0.4362327776
1644	0.4361904265
1645	0.4361530654
1646	0.4361101616
1647	0.4360746384
1648	0.4360463187
1649	0.4360143756
1650	0.4359706904
1651	0.435941354
1652	0.4358974806
1653	0.4358559211
1654	0.4358156887
1655	0.4357714502
1656	0.4357361071
1657	0.4357062285
1658	0.4356765265
1659	0.4356344776
1660	0.4356037962
1661	0.4355741359
1662	0.4355254408
1663	0.4354820687
1664	0.4354346329
1665	0.4354092212
1666	0.4353753061
1667	0.4353395638
1668	0.4353010354
1669	0.4352583909
1670	0.4352142436
1671	0.4351869381
1672	0.4351594753
1673	0.4351241241
1674	0.435094945
1675	0.4350465138
1676	0.4350077399
1677	0.4349738537
1678	0.4349233231
1679	0.43490073
1680	0.4348727435
1681	0.4348485983
1682	0.4348224768
1683	0.4347667288
1684	0.4347275849
1685	0.4346666308
1686	0.43463832
1687	0.4346076883
1688	0.4345719775
1689	0.4345399503
1690	0.4345057083
1691	0.4344694654
1692	0.4344285398
1693	0.4343871886
1694	0.43434134
1695	0.434321823
1696	0.4342829287
1697	0.4342600886
1698	0.4342124286
1699	0.4341860835
1700	0.4341441505
1701	0.4341104591
1702	0.4340603448
1703	0.4340321912
1704	0.43397729
1705	0.4339425942
1706	0.4339058309
1707	0.433883609
1708	0.4338538845
1709	0.4338243826
1710	0.4337781688
1711	0.4337442429
1712	0.4337195726
1713	0.4336895091
1714	0.4336458299
1715	0.4336051366
1716	0.4335777658
1717	0.4335383825
1718	0.4334801833
1719	0.4334451031
1720	0.433402658
1721	0.4333722505
1722	0.4333363441
1723	0.433286183
1724	0.433263821
1725	0.4332373081
1726	0.4332025387
1727	0.4331628753
1728	0.4331363507
1729	0.4330978777
1730	0.4330616029
1731	0.4330147867
1732	0.4329706017
1733	0.4329276419
1734	0.4328909826
1735	0.4328686147
1736	0.432828371
1737	0.4327867558
1738	0.4327672648
1739	0.4327200307
1740	0.4326780307
1741	0.4326476022
1742	0.4326149564
1743	0.4325779978
1744	0.4325448139
1745	0.4325090931
1746	0.4324791041
1747	0.4324471386
1748	0.4324192879
1749	0.432371459
1750	0.4323346708
1751	0.4322935747
1752	0.4322335617
1753	0.4321927324
1754	0.4321419311
1755	0.4320915519
1756	0.4320430244
1757	0.4319992031
1758	0.4319607842
1759	0.4319295304
1760	0.4318929753
1761	0.4318543732
1762	0.4318105548
1763	0.4317767763
1764	0.4317383193
1765	0.4316948564
1766	0.4316530834
1767	0.4316178374
1768	0.4315835423
1769	0.4315448155
1770	0.4314983446
1771	0.4314507338
1772	0.4314182171
1773	0.4313794719
1774	0.4313300669
1775	0.4312869155
1776	0.4312286016
1777	0.4311893523
1778	0.431163482
1779	0.4311380189
1780	0.4311048325
1781	0.431063461
1782	0.4310247374
1783	0.4309758921
1784	0.4309483755
1785	0.4309191273
1786	0.4308718266
1787	0.4308518456
1788	0.4308127436
1789	0.4307836193
1790	0.4307346624
1791	0.4307008598
1792	0.4306577064
1793	0.4306265108
1794	0.4305761858
1795	0.4305512787
1796	0.4305146977
1797	0.4304891821
1798	0.4304510469
1799	0.4304059567
1800	0.4303608535
1801	0.4303302572
1802	0.4302966566
1803	0.430260078
1804	0.4302093956
1805	0.4301698322
1806	0.4301191486
1807	0.4300824881
1808	0.4300411115
1809	0.4299971787
1810	0.4299506818
1811	0.4299096315
1812	0.4298800834
1813	0.4298368559
1814	0.4298092651
1815	0.4297870794
1816	0.4297496861
1817	0.4297125342
1818	0.4296832807
1819	0.4296560319
1820	0.4296118145
1821	0.4295781774
1822	0.4295153802
1823	0.4294886462
1824	0.4294585544
1825	0.4294142878
1826	0.4293657631
1827	0.4293372824
1828	0.4292943573
1829	0.4292725514
1830	0.4292406193
1831	0.4291980786
1832	0.4291535014
1833	0.4291104986
1834	0.4290745312
1835	0.4290448058
1836	0.4290006848
1837	0.4289825295
1838	0.4289566984
1839	0.428915669
1840	0.4288822227
1841	0.4288235537
1842	0.4287867066
1843	0.4287620609
1844	0.4287120734
1845	0.428676352
1846	0.4286264952
1847	0.4285927123
1848	0.4285620857
1849	0.4284999803
1850	0.4284683451
1851	0.4284244649
1852	0.4283828553
1853	0.4283457799
1854	0.4283136444
1855	0.4282804847
1856	0.4282415761
1857	0.428212375
1858	0.4281785881
1859	0.4281437564
1860	0.4281132333
1861	0.4280782924
1862	0.4280553364
1863	0.4280190818
1864	0.4279728083
1865	0.427926909
1866	0.4278887252
1867	0.4278507169
1868	0.427831554
1869	0.4278050652
1870	0.427776829
1871	0.4277354762
1872	0.4276958512
1873	0.4276618207
1874	0.4276339113
1875	0.4276021676
1876	0.4275708714
1877	0.42753895
1878	0.4274820686
1879	0.4274399351
1880	0.4274218257
1881	0.4273801887
1882	0.4273626652
1883	0.4273261036
1884	0.4272817105
1885	0.4272555452
1886	0.4272232881
1887	0.4271784971
1888	0.4271320841
1889	0.4270932
1890	0.4270497231
1891	0.4270232755
1892	0.4269881109
1893	0.4269530971
1894	0.4268997593
1895	0.4268564033
1896	0.4268085843
1897	0.4267561959
1898	0.4267276021
1899	0.4266875487
1900	0.4266473643
1901	0.4266093143
1902	0.4265817929
1903	0.4265449052
1904	0.4264921081
1905	0.4264619406
1906	0.4264345639
1907	0.4263946666
1908	0.4263513694
1909	0.4263349775
1910	0.4262981462
1911	0.4262760671
1912	0.4262393487
1913	0.4261924681
1914	0.4261557936
1915	0.4261220116
1916	0.4260943777
1917	0.426056111
1918	0.4260121298
1919	0.4259755903
1920	0.4259164038
1921	0.4258764761
1922	0.4258300553
1923	0.4258075212
1924	0.4257712699
1925	0.4257345255
1926	0.4256796712
1927	0.4256369629
1928	0.4256040445
1929	0.4255512637
1930	0.4255184863
1931	0.4254711702
1932	0.4254483417
1933	0.4254009501
1934	0.4253781985
1935	0.4253527344
1936	0.4253207644
1937	0.4252715663
1938	0.4252462087
1939	0.4252223754
1940	0.4251849786
1941	0.4251623819
1942	0.4251334698
1943	0.4251018451
1944	0.4250593192
1945	0.4250106847
1946	0.4249815286
1947	0.4249434654
1948	0.4248996589
1949	0.4248717121
1950	0.4248340669
1951	0.4247996221
1952	0.4247634515
1953	0.4247051595
1954	0.424666396
1955	0.4246232937
1956	0.4245893999
1957	0.4245558498
1958	0.4245300676
1959	0.4244801775
1960	0.4244519515
1961	0.4244211796
1962	0.4243719681
1963	0.4243391251
1964	0.4243077466
1965	0.4242750452
1966	0.4242292888
1967	0.4241993403
1968	0.4241766141
1969	0.4241470173
1970	0.4241238696
1971	0.4240905327
1972	0.424046605
1973	0.4240272663
1974	0.4239791928
1975	0.4239514005
1976	0.423925561
1977	0.4238823009
1978	0.4238485155
1979	0.4238145215
1980	0.4237693153
1981	0.4237280864
1982	0.4237071564
1983	0.423656228
1984	0.4236186279
1985	0.4235975065
1986	0.4235743176
1987	0.4235501186
1988	0.4235151279
1989	0.4234833228
1990	0.4234397778
1991	0.4234105346
1992	0.423365977
1993	0.4233387388
1994	0.4233060712
1995	0.4232659033
1996	0.42324428
1997	0.4232086389
1998	0.4231718684
1999	0.4231227109
2000	0.4231008591
2001	0.4230630764
2002	0.4230208066
2003	0.4229852387
2004	0.4229326421
2005	0.4228984498
2006	0.4228547313
2007	0.4228321355
2008	0.4227997383
2009	0.4227669215
2010	0.4227375296
2011	0.4227037466
2012	0.4226707052
2013	0.4226489722
2014	0.4226073542
2015	0.4225645758
2016	0.4225378069
2017	0.4225174329
2018	0.4224786237
2019	0.4224445307
2020	0.4224206046
2021	0.4223813984
2022	0.4223387535
2023	0.4223108268
2024	0.4222713632
2025	0.4222393304
2026	0.4222103347
2027	0.4221669031
2028	0.4221340257
2029	0.4220966926
2030	0.4220716723
2031	0.4220411035
2032	0.4219932905
2033	0.4219635573
2034	0.4219275516
2035	0.4218930077
2036	0.42186655
2037	0.4218167636
2038	0.4217962018
2039	0.4217521408
2040	0.4217228563
2041	0.4216908043
2042	0.4216672489
2043	0.4216448752
2044	0.4216139765
2045	0.4215797438
2046	0.4215587498
2047	0.4215127972
2048	0.4214836843
2049	0.4214394318
2050	0.4214127795
2051	0.4213733047
2052	0.4213479775
2053	0.4213100067
2054	0.4212772916
2055	0.4212280904
2056	0.4212032778
2057	0.4211619132
2058	0.4211378592
2059	0.4211029575
2060	0.4210795842
2061	0.4210420302
2062	0.4210057279
2063	0.4209530442
2064	0.4209155966
2065	0.4208874605
2066	0.420854307
2067	0.4208310773
2068	0.4208073186
2069	0.4207711691
2070	0.4207362573
2071	0.420720172
2072	0.4206841019
2073	0.420641745
2074	0.4205984788
2075	0.4205638953
2076	0.4205229696
2077	0.4204950999
2078	0.4204534826
2079	0.4204107152
2080	0.4203528839
2081	0.420327535
2082	0.4202957282
2083	0.4202671376
2084	0.420235357
2085	0.4202129125
2086	0.4201853916
2087	0.4201419316
2088	0.4200969801
2089	0.4200698305
2090	0.42003545
2091	0.4199979802
2092	0.4199696501
2093	0.4199338609
2094	0.4198999222
2095	0.419876537
2096	0.419839594
2097	0.4198029288
2098	0.4197781852
2099	0.4197443967
2100	0.4197034824
2101	0.4196685857
2102	0.4196368693
2103	0.4196079016
2104	0.4195655085
2105	0.4195228371
2106	0.4194734722
2107	0.4194312948
2108	0.4194058413
2109	0.4193623112
2110	0.4193364573
2111	0.4192921944
2112	0.4192620398
2113	0.419221183
2114	0.4191858856
2115	0.4191670976
2116	0.4191404682
2117	0.4191118991
2118	0.4190703503
2119	0.419058439
2120	0.4190189042
2121	0.4189782325
2122	0.4189472223
2123	0.4188945015
2124	0.4188797715
2125	0.4188400329
2126	0.4188125019
2127	0.4187837049
2128	0.41874182
2129	0.418702573
2130	0.4186842718
2131	0.4186455742
2132	0.4186185882
2133	0.4185856774
2134	0.418543082
2135	0.4185087546
2136	0.4184806166
2137	0.4184444248
2138	0.4184083852
2139	0.4183661889
2140	0.4183268632
2141	0.4183022917
2142	0.4182631414
2143	0.4182136449
2144	0.4181779389
2145	0.4181363821
2146	0.41808887
2147	0.4180515611
2148	0.418020484
2149	0.4179840733
2150	0.4179541324
2151	0.4179010066
2152	0.4178668792
2153	0.4178257645
2154	0.4177834191
2155	0.4177625103
2156	0.4177272104
2157	0.4176908376
2158	0.4176578597
2159	0.417615488
2160	0.4175809857
2161	0.4175582356
2162	0.4175242824
2163	0.4174970648
2164	0.4174522047
2165	0.4174104822
2166	0.4173736588
2167	0.4173294259
2168	0.4172887522
2169	0.4172646007
2170	0.4172363538
2171	0.4171898779
2172	0.4171714114
2173	0.4171336615
2174	0.4171034045
2175	0.4170734916
2176	0.4170370137
2177	0.4170088247
2178	0.4169658692
2179	0.4169193859
2180	0.4168954024
2181	0.4168589908
2182	0.4168336978
2183	0.4168072931
2184	0.4167625821
2185	0.4167214124
2186	0.4166827033
2187	0.4166498085
2188	0.4166005377
2189	0.4165701491
2190	0.4165483018
2191	0.4165111914
2192	0.4164861439
2193	0.4164665105
2194	0.4164482758
2195	0.4164140707
2196	0.4163731924
2197	0.4163323426
2198	0.4163090714
2199	0.4162676667
2200	0.4162486236
2201	0.4162120999
2202	0.4161743067
2203	0.4161438628
2204	0.4161135584
2205	0.4160881856
2206	0.4160509642
2207	0.4160162997
2208	0.415997273
2209	0.4159649887
2210	0.4159185481
2211	0.4158759
2212	0.415832769
2213	0.4157868438
2214	0.4157494291
2215	0.4157264973
2216	0.4156923849
2217	0.4156552245
2218	0.4156212471
2219	0.4155851606
2220	0.4155575115
2221	0.4155189079
2222	0.4154810483
2223	0.4154511001
2224	0.4154123189
2225	0.4153857829
2226	0.4153549376
2227	0.4153033962
2228	0.4152801079
2229	0.4152488987
2230	0.4151897371
2231	0.4151472167
2232	0.4151142122
2233	0.4150872744
2234	0.4150556096
2235	0.4150349584
2236	0.4150150125
2237	0.414982136
2238	0.414964136
2239	0.4149200037
2240	0.4148778474
2241	0.4148459408
2242	0.414813643
2243	0.4147907355
2244	0.4147497344
2245	0.4147159948
2246	0.4146683733
2247	0.414639807
2248	0.4146033257
2249	0.4145618295
2250	0.4145181492
2251	0.414479173
2252	0.414437624
2253	0.4144122814
2254	0.4143841699
2255	0.4143472522
2256	0.4143199357
2257	0.4142904917
2258	0.4142548726
2259	0.4142192525
2260	0.4141690225
2261	0.4141181969
2262	0.4140916684
2263	0.4140635729
2264	0.4140387087
2265	0.4140030684
2266	0.41397719
2267	0.4139424187
2268	0.4139065296
2269	0.4138753927
2270	0.4138440853
2271	0.4138233452
2272	0.4138005118
2273	0.4137756195
2274	0.4137396901
2275	0.4137105974
2276	0.4136715112
2277	0.413630173
2278	0.4135851313
2279	0.4135436889
2280	0.41349793
2281	0.4134730274
2282	0.4134225217
2283	0.4133902686
2284	0.4133641614
2285	0.4133494994
2286	0.4133167119
2287	0.4132924136
2288	0.4132438708
2289	0.4132015095
2290	0.4131686306
2291	0.4131272585
2292	0.4130893104
2293	0.4130645883
2294	0.4130357485
2295	0.4130039374
2296	0.4129634148
2297	0.4129320054
2298	0.412900415
2299	0.412872045
2300	0.4128557242
2301	0.4128273797
2302	0.4127968527
2303	0.4127619344
2304	0.412737619
2305	0.4127083031
2306	0.4126631862
2307	0.4126287657
2308	0.4126025524
2309	0.4125746303
2310	0.4125272342
2311	0.4125076711
2312	0.4124585402
2313	0.4124332093
2314	0.412407263
2315	0.4123713381
2316	0.4123306205
2317	0.4123100341
2318	0.4122597647
2319	0.4122268605
2320	0.412174388
2321	0.4121328814
2322	0.4120945111
2323	0.4120591326
2324	0.412031995
2325	0.4120153629
2326	0.4119700741
2327	0.4119404372
2328	0.4119146252
2329	0.4118858144
2330	0.4118659072
2331	0.4118362487
2332	0.4117841502
2333	0.4117515592
2334	0.4117285586
2335	0.4116950469
2336	0.4116592912
2337	0.4116132985
2338	0.4115723215
2339	0.411531879
2340	0.4114957092
2341	0.4114641325
2342	0.4114388756
2343	0.4113942072
2344	0.4113652796
2345	0.4113302856
2346	0.4112795966
2347	0.4112550051
2348	0.4112266498
2349	0.4111901336
2350	0.4111582659
2351	0.4111334955
2352	0.4111092883
2353	0.4110817495
2354	0.4110512067
2355	0.4110231433
2356	0.4109906197
2357	0.4109580998
2358	0.410920455
2359	0.4108921401
2360	0.4108676411
2361	0.4108523397
2362	0.4108125533
2363	0.4107736039
2364	0.4107386197
2365	0.4107122286
2366	0.4106747022
2367	0.4106456923
2368	0.4106069741
2369	0.4105451671
2370	0.4105071734
2371	0.4104768307
2372	0.4104565616
2373	0.4104172858
2374	0.4103996406
2375	0.4103669144
2376	0.4103431936
2377	0.410302258
2378	0.4102710449
2379	0.4102403053
2380	0.4102099998
2381	0.4101770388
2382	0.4101499833
2383	0.4101270461
2384	0.4101012092
2385	0.4100619084
2386	0.4100351498
2387	0.4100091541
2388	0.4099893022
2389	0.4099489593
2390	0.4099118689
2391	0.4098916241
2392	0.4098569484
2393	0.4098177273
2394	0.4097902794
2395	0.4097517447
2396	0.4097215247
2397	0.4096958115
2398	0.4096701587
2399	0.4096346816
2400	0.4096048124
2401	0.4095768985
2402	0.409536022
2403	0.4095048707
2404	0.4094666463
2405	0.4094424494
2406	0.4094069563
2407	0.4093822488
2408	0.409344988
2409	0.4093036809
2410	0.4092782867
2411	0.4092463769
2412	0.4092169569
2413	0.4091810776
2414	0.4091443264
2415	0.409105224
2416	0.4090781625
2417	0.4090536774
2418	0.4090171722
2419	0.4089773642
2420	0.4089474092
2421	0.4089014074
2422	0.4088724287
2423	0.4088413378
2424	0.4088077006
2425	0.4087849186
2426	0.4087514027
2427	0.4087286964
2428	0.4086946678
2429	0.4086653381
2430	0.40863729
2431	0.4085967898
2432	0.4085663143
2433	0.4085367674
2434	0.4084953787
2435	0.4084656894
2436	0.408439066
2437	0.4084098501
2438	0.4083860712
2439	0.4083551136
2440	0.4083244389
2441	0.4082927255
2442	0.4082652544
2443	0.4082339403
2444	0.4082042319
2445	0.4081628489
2446	0.4081333265
2447	0.4080981691
2448	0.4080577607
2449	0.4080252835
2450	0.4080001156
2451	0.40796995
2452	0.4079451234
2453	0.4079243703
2454	0.4078807949
2455	0.4078538998
2456	0.4078290611
2457	0.4077905011
2458	0.4077621605
2459	0.4077294742
2460	0.4076969369
2461	0.4076684776
2462	0.4076405196
2463	0.4076038497
2464	0.4075581657
2465	0.4075324674
2466	0.4075017707
2467	0.4074620453
2468	0.4074165493
2469	0.4073920423
2470	0.4073487851
2471	0.4073250667
2472	0.4072862265
2473	0.4072587073
2474	0.4072229058
2475	0.4071993745
2476	0.4071804222
2477	0.4071535865
2478	0.4071155484
2479	0.4070839444
2480	0.407054529
2481	0.4070274385
2482	0.4069855709
2483	0.4069559629
2484	0.4069246459
2485	0.4068997309
2486	0.4068666638
2487	0.4068318422
2488	0.4067843471
2489	0.4067617636
2490	0.406740933
2491	0.406707549
2492	0.4066767095
2493	0.4066358196
2494	0.4065999685
2495	0.4065649152
2496	0.4065352154
2497	0.4064839548
2498	0.4064572017
2499	0.4064189335
2500	0.4063832597
2501	0.4063519996
2502	0.4063123634
2503	0.4062775164
2504	0.4062389075
2505	0.4062178931
2506	0.406195313
2507	0.4061672625
2508	0.4061424822
2509	0.4061120364
2510	0.4060822159
2511	0.4060525456
2512	0.4060284718
2513	0.4059985657
2514	0.4059676075
2515	0.4059375693
2516	0.4059165263
2517	0.4058648739
2518	0.4058285545
2519	0.4058063512
2520	0.4057608465
2521	0.4057379727
2522	0.4056960178
2523	0.4056563979
2524	0.4056343645
2525	0.4055985157
2526	0.4055763973
2527	0.4055520715
2528	0.4055321774
2529	0.4054851197
2530	0.4054504421
2531	0.4054170088
2532	0.4053778711
2533	0.4053442775
2534	0.4053084028
2535	0.4052726588
2536	0.4052408496
2537	0.4052152906
2538	0.4051910718
2539	0.4051538362
2540	0.4051219419
2541	0.4050789642
2542	0.4050527137
2543	0.4050227847
2544	0.4050008493
2545	0.4049675006
2546	0.4049415185
2547	0.4049034763
2548	0.4048835548
2549	0.4048451796
2550	0.4048021268
2551	0.4047683949
2552	0.4047413066
2553	0.4047172592
2554	0.4046918289
2555	0.4046614912
2556	0.4046320589
2557	0.4045989881
2558	0.4045666646
2559	0.4045355887
2560	0.4045129777
2561	0.4044874115
2562	0.4044677573
2563	0.4044306724
2564	0.4043998979
2565	0.4043671998
2566	0.4043471921
2567	0.4043077275
2568	0.4042763961
2569	0.4042400018
2570	0.4041991478
2571	0.4041587184
2572	0.404127437
2573	0.404099969
2574	0.4040716235
2575	0.4040538441
2576	0.4040179121
2577	0.4039763827
2578	0.4039471523
2579	0.403920518
2580	0.4038798969
2581	0.4038393451
2582	0.4038178671
2583	0.4037741871
2584	0.4037282023
2585	0.4036917748
2586	0.4036642763
2587	0.4036342739
2588	0.4036149314
2589	0.4035805651
2590	0.4035507958
2591	0.4035107305
2592	0.4034862845
2593	0.4034618818
2594	0.4034336373
2595	0.4034082235
2596	0.4033609697
2597	0.4033375341
2598	0.4033072693
2599	0.4032666704
2600	0.4032325989
2601	0.4032054676
2602	0.4031663428
2603	0.4031447774
2604	0.4031141498
2605	0.4030632079
2606	0.4030398835
2607	0.4030103343
2608	0.4029881983
2609	0.4029608324
2610	0.4029299477
2611	0.402914837
2612	0.4028924618
2613	0.4028666809
2614	0.402832924
2615	0.4028035861
2616	0.402784308
2617	0.40275866
2618	0.4027245902
2619	0.402689166
2620	0.4026482644
2621	0.4026183589
2622	0.4025817163
2623	0.4025381415
2624	0.4025022423
2625	0.4024737361
2626	0.4024397931
2627	0.4024071132
2628	0.4023756427
2629	0.4023555786
2630	0.4023272942
2631	0.4022875768
2632	0.402255323
2633	0.4022264449
2634	0.4021898866
2635	0.4021442504
2636	0.4021116162
2637	0.4020782235
2638	0.4020471761
2639	0.4020046135
2640	0.4019807004
2641	0.4019573889
2642	0.4019355917
2643	0.4018963936
2644	0.4018687195
2645	0.4018517551
2646	0.4018204376
2647	0.4017892395
2648	0.4017498559
2649	0.4017152316
2650	0.4016855729
2651	0.4016542469
2652	0.4016085104
2653	0.4015791605
2654	0.4015549076
2655	0.4015168487
2656	0.4014967435
2657	0.401457241
2658	0.4014301512
2659	0.4013844489
2660	0.4013552681
2661	0.4013301048
2662	0.4012998738
2663	0.4012649636
2664	0.4012310506
2665	0.4011988191
2666	0.4011710008
2667	0.4011525383
2668	0.4011328206
2669	0.4011052389
2670	0.4010854502
2671	0.4010524342
2672	0.4010218117
2673	0.4009930983
2674	0.4009543636
2675	0.400927123
2676	0.4008954848
2677	0.4008562197
2678	0.4008204831
2679	0.4007830604
2680	0.4007635719
2681	0.4007303585
2682	0.4007065086
2683	0.4006732063
2684	0.4006402541
2685	0.4005991134
2686	0.4005785373
2687	0.4005493407
2688	0.4005227522
2689	0.4004999954
2690	0.4004775366
2691	0.4004595243
2692	0.4004299109
2693	0.4003963556
2694	0.4003600538
2695	0.4003225569
2696	0.4002840217
2697	0.4002431339
2698	0.400219531
2699	0.40018747
2700	0.4001623498
2701	0.4001466214
2702	0.4001230733
2703	0.4000750821
2704	0.4000359774
2705	0.4000074039
2706	0.3999748779
2707	0.3999449139
2708	0.3999141236
2709	0.399875378
2710	0.3998453619
2711	0.3998135891
2712	0.399775254
2713	0.3997426197
2714	0.3997180164
2715	0.3996890352
2716	0.3996587837
2717	0.3996228721
2718	0.3996041806
2719	0.399573212
2720	0.3995470441
2721	0.3995235277
2722	0.399488222
2723	0.3994587816
2724	0.399414379
2725	0.3993766781
2726	0.3993545531
2727	0.3993290271
2728	0.399306211
2729	0.3992801031
2730	0.3992383341
2731	0.3992081305
2732	0.3991863889
2733	0.3991465768
2734	0.3991096919
2735	0.3990689623
2736	0.3990443583
2737	0.3990035301
2738	0.3989627192
2739	0.3989236525
2740	0.398888267
2741	0.3988526994
2742	0.3988234945
2743	0.3987931641
2744	0.3987678734
2745	0.3987279539
2746	0.3986872096
2747	0.3986556762
2748	0.3986234111
2749	0.3985879569
2750	0.3985483574
2751	0.3985010245
2752	0.3984765003
2753	0.3984282965
2754	0.3983979976
2755	0.3983752776
2756	0.3983509932
2757	0.3983235517
2758	0.3982967821
2759	0.3982509188
2760	0.3982250795
2761	0.3981973382
2762	0.3981813907
2763	0.3981566456
2764	0.3981057003
2765	0.3980576527
2766	0.3980254131
2767	0.3979987071
2768	0.3979676679
2769	0.3979276692
2770	0.3978826397
2771	0.3978488542
2772	0.3978242868
2773	0.3977923773
2774	0.3977640954
2775	0.3977274765
2776	0.3976971668
2777	0.3976497781
2778	0.3976133726
2779	0.3975699988
2780	0.3975550142
2781	0.3975283538
2782	0.3974986819
2783	0.3974732478
2784	0.3974542633
2785	0.397432025
2786	0.3974010499
2787	0.3973760969
2788	0.3973346665
2789	0.3973085797
2790	0.3972809996
2791	0.3972381645
2792	0.3971942647
2793	0.3971719554
2794	0.3971265636
2795	0.3971011661
2796	0.3970709313
2797	0.3970522417
2798	0.3970235461
2799	0.3970020097
2800	0.396964097
2801	0.3969341877
2802	0.3969008915
2803	0.3968691413
2804	0.3968495101
2805	0.3968282146
2806	0.3967937972
2807	0.3967584097
2808	0.3967181213
2809	0.3967005066
2810	0.3966775826
2811	0.3966411541
2812	0.3965983417
2813	0.396566001
2814	0.396531743
2815	0.3965075199
2816	0.3964760443
2817	0.3964372958
2818	0.3964089905
2819	0.3963775901
2820	0.3963502528
2821	0.3963073371
2822	0.3962781479
2823	0.3962454525
2824	0.396212683
2825	0.3961941266
2826	0.3961609472
2827	0.3961290865
2828	0.3961073533
2829	0.3960813676
2830	0.3960366254
2831	0.3960012818
2832	0.3959832211
2833	0.395967233
2834	0.395949178
2835	0.3959108087
2836	0.3958827405
2837	0.3958475639
2838	0.3958063181
2839	0.3957729929
2840	0.3957528331
2841	0.3957225194
2842	0.3956925644
2843	0.3956761135
2844	0.3956505474
2845	0.3956222413
2846	0.3956023534
2847	0.395570384
2848	0.395543013
2849	0.3955146538
2850	0.3954872284
2851	0.3954560711
2852	0.3954344692
2853	0.3954025468
2854	0.3953575344
2855	0.3953328551
2856	0.3952971014
2857	0.3952590682
2858	0.3952098133
2859	0.3951800355
2860	0.395154512
2861	0.3951144618
2862	0.3950876863
2863	0.3950569794
2864	0.3950262364
2865	0.395003313
2866	0.3949752287
2867	0.3949472688
2868	0.3949127912
2869	0.3948861138
2870	0.3948613491
2871	0.3948373141
2872	0.3948058828
2873	0.3947718769
2874	0.3947366436
2875	0.3947185121
2876	0.3946958461
2877	0.3946716944
2878	0.3946534453
2879	0.3946158888
2880	0.3945869212
2881	0.3945624501
2882	0.3945401833
2883	0.394498871
2884	0.3944741423
2885	0.394451146
2886	0.3944256123
2887	0.3943964148
2888	0.3943720957
2889	0.3943468787
2890	0.3943244593
2891	0.394294706
2892	0.3942709161
2893	0.3942385428
2894	0.394210374
2895	0.3941779791
2896	0.3941445906
2897	0.394117842
2898	0.3940852591
2899	0.394058712
2900	0.3940316165
2901	0.394015491
2902	0.3939780945
2903	0.3939563841
2904	0.3939294368
2905	0.3939049369
2906	0.3938760626
2907	0.39384719
2908	0.3938043655
2909	0.393764438
2910	0.39373346
2911	0.3936996263
2912	0.3936670096
2913	0.3936428347
2914	0.3936228115
2915	0.3935941246
2916	0.3935697559
2917	0.3935405177
2918	0.3934937573
2919	0.3934572787
2920	0.3934447507
2921	0.3934111376
2922	0.3933862713
2923	0.3933576254
2924	0.3933355506
2925	0.3933077261
2926	0.3932837853
2927	0.3932566706
2928	0.3932331536
2929	0.3932098801
2930	0.3931829037
2931	0.3931555089
2932	0.3931324528
2933	0.3930930021
2934	0.3930492649
2935	0.3930103219
2936	0.3929765076
2937	0.3929342932
2938	0.3928964813
2939	0.3928523459
2940	0.3928244365
2941	0.3927923883
2942	0.3927535288
2943	0.3927162477
2944	0.3926986719
2945	0.392675264
2946	0.3926457828
2947	0.3926166906
2948	0.392583522
2949	0.3925377996
2950	0.3925131939
2951	0.392491367
2952	0.3924544229
2953	0.3924199915
2954	0.3923966423
2955	0.3923715927
2956	0.3923537683
2957	0.3923148408
2958	0.3922917419
2959	0.3922653659
2960	0.3922381995
2961	0.3922060755
2962	0.392163608
2963	0.392125082
2964	0.3921028926
2965	0.3920758262
2966	0.3920306703
2967	0.3919985704
2968	0.3919734922
2969	0.3919435127
2970	0.3919068229
2971	0.3918750802
2972	0.3918365394
2973	0.3918084614
2974	0.3917725728
2975	0.3917312971
2976	0.3916907586
2977	0.3916652149
2978	0.3916461617
2979	0.3916189376
2980	0.3915853502
2981	0.3915600045
2982	0.3915350333
2983	0.3915070383
2984	0.3914851026
2985	0.3914468187
2986	0.3914189804
2987	0.3913960009
2988	0.3913789672
2989	0.391347519
2990	0.3913242753
2991	0.3913079156
2992	0.391271396
2993	0.3912533168
2994	0.3912234119
2995	0.3911856411
2996	0.3911594969
2997	0.3911254283
2998	0.3910967226
2999	0.3910731104
3000	0.3910514845
3001	0.3910156296
3002	0.3909955907
3003	0.3909441974
3004	0.3909114875
3005	0.3908779922
3006	0.3908545198
3007	0.3908180974
3008	0.390791629
3009	0.3907579147
3010	0.3907245761
3011	0.3906980393
3012	0.390674696
3013	0.3906437287
3014	0.3906075494
3015	0.3905721633
3016	0.390531194
3017	0.3904980732
3018	0.3904681812
3019	0.390437437
3020	0.3904042522
3021	0.3903822523
3022	0.3903593373
3023	0.3903293822
3024	0.3902901579
3025	0.390259346
3026	0.3902213648
3027	0.39019467
3028	0.390178883
3029	0.3901501151
3030	0.3901299919
3031	0.3901093385
3032	0.390064752
3033	0.3900422655
3034	0.3900026269
3035	0.3899625235
3036	0.3899443508
3037	0.3899211351
3038	0.3898973484
3039	0.3898646717
3040	0.3898453277
3041	0.3898253072
3042	0.3898011865
3043	0.3897821339
3044	0.3897545311
3045	0.3897268679
3046	0.3897038957
3047	0.3896834866
3048	0.3896463845
3049	0.3896238756
3050	0.3895950473
3051	0.3895686949
3052	0.3895389711
3053	0.3895125038
3054	0.3894750305
3055	0.3894347978
3056	0.3894093939
3057	0.3893687593
3058	0.3893398917
3059	0.3893181438
3060	0.3892906731
3061	0.3892620231
3062	0.3892447511
3063	0.3892032644
3064	0.3891811843
3065	0.389155357
3066	0.3891273627
3067	0.3890926093
3068	0.389056423
3069	0.3890254778
3070	0.3890009382
3071	0.388964835
3072	0.3889318168
3073	0.3889098619
3074	0.388888468
3075	0.3888556771
3076	0.3888316365
3077	0.388804396
3078	0.3887730658
3079	0.3887389051
3080	0.3887179125
3081	0.3886855509
3082	0.3886665601
3083	0.3886475508
3084	0.3886128313
3085	0.3885740439
3086	0.3885493502
3087	0.3885139845
3088	0.3884776953
3089	0.3884481524
3090	0.3884145217
3091	0.3883751102
3092	0.3883542249
3093	0.3883245582
3094	0.3882988943
3095	0.3882663039
3096	0.3882413759
3097	0.3882177624
3098	0.3881970251
3099	0.3881752478
3100	0.3881538252
3101	0.388132767
3102	0.3880942885
3103	0.3880502871
3104	0.3880244049
3105	0.3879875688
3106	0.3879512664
3107	0.3879256233
3108	0.3878746291
3109	0.3878453905
3110	0.3878019506
3111	0.3877743774
3112	0.3877444608
3113	0.3877264096
3114	0.3877012041
3115	0.3876762104
3116	0.3876404448
3117	0.3876140791
3118	0.3875968226
3119	0.3875681964
3120	0.3875422166
3121	0.3875006854
3122	0.3874663243
3123	0.3874311979
3124	0.3873978261
3125	0.3873655792
3126	0.3873373188
3127	0.3873153761
3128	0.3872814651
3129	0.3872507359
3130	0.3872356844
3131	0.3872120512
3132	0.3871727609
3133	0.3871479014
3134	0.387122467
3135	0.3870946321
3136	0.3870743332
3137	0.387050887
3138	0.3870334022
3139	0.3870062
3140	0.386978461
3141	0.3869457259
3142	0.3869102318
3143	0.3868824745
3144	0.3868649847
3145	0.3868383301
3146	0.3868090527
3147	0.3867939905
3148	0.3867774835
3149	0.3867537623
3150	0.3867288945
3151	0.3866931322
3152	0.3866599521
3153	0.3866340681
3154	0.3866093395
3155	0.3865698278
3156	0.3865388563
3157	0.3865070497
3158	0.3864801366
3159	0.3864446909
3160	0.386411768
3161	0.3863855368
3162	0.3863535978
3163	0.386314722
3164	0.3862844669
3165	0.3862561445
3166	0.3862345374
3167	0.3862184152
3168	0.3861897511
3169	0.3861572907
3170	0.3861268947
3171	0.3860939468
3172	0.3860666767
3173	0.3860317912
3174	0.3859955082
3175	0.3859651536
3176	0.3859255525
3177	0.3858898308
3178	0.3858595759
3179	0.3858297834
3180	0.3858092709
3181	0.3857897363
3182	0.3857691198
3183	0.3857500539
3184	0.3857247449
3185	0.3857065356
3186	0.3856815811
3187	0.3856601075
3188	0.3856345661
3189	0.3856096621
3190	0.385587758
3191	0.3855557565
3192	0.3855173211
3193	0.3854885257
3194	0.3854594494
3195	0.3854267406
3196	0.385393943
3197	0.3853685384
3198	0.385343783
3199	0.3853271572
3200	0.3853018625
3201	0.3852909858
3202	0.3852654269
3203	0.3852375498
3204	0.3852095116
3205	0.3851648979
3206	0.3851438789
3207	0.3851124938
3208	0.3850629751
3209	0.385028592
3210	0.3850044797
3211	0.3849704491
3212	0.3849477394
3213	0.3849164876
3214	0.3848771842
3215	0.384842116
3216	0.3848191842
3217	0.3847770259
3218	0.3847578391
3219	0.3847295311
3220	0.3846994764
3221	0.3846772993
3222	0.3846543459
3223	0.3846227915
3224	0.3846017085
3225	0.384578072
3226	0.3845622751
3227	0.384519574
3228	0.3844879585
3229	0.3844712098
3230	0.3844425638
3231	0.3844218393
3232	0.3843849416
3233	0.3843515364
3234	0.3843180444
3235	0.3842784797
3236	0.3842509034
3237	0.3842286661
3238	0.3842064963
3239	0.3841789384
3240	0.384153595
3241	0.3841143074
3242	0.3840700978
3243	0.3840374481
3244	0.384009243
3245	0.3839781688
3246	0.3839399099
3247	0.3839144208
3248	0.3838864855
3249	0.3838645703
3250	0.3838350209
3251	0.3838013273
3252	0.3837720138
3253	0.3837506695
3254	0.3837114569
3255	0.3836768043
3256	0.3836536478
3257	0.3836282256
3258	0.3836018464
3259	0.383571046
3260	0.3835414503
3261	0.3835123539
3262	0.3834799763
3263	0.3834555307
3264	0.3834207999
3265	0.3833852356
3266	0.3833609418
3267	0.3833391212
3268	0.3833075855
3269	0.3832877421
3270	0.383263147
3271	0.3832401935
3272	0.3832006472
3273	0.3831634898
3274	0.3831438175
3275	0.383119328
3276	0.3830842337
3277	0.3830632261
3278	0.3830324636
3279	0.3829969949
3280	0.3829767815
3281	0.3829493635
3282	0.3829215159
3283	0.3828911237
3284	0.3828684969
3285	0.3828277695
3286	0.3828036711
3287	0.3827763657
3288	0.3827476283
3289	0.3827259123
3290	0.3827025814
3291	0.3826741146
3292	0.3826477088
3293	0.3826254031
3294	0.3826005192
3295	0.3825844984
3296	0.3825590973
3297	0.3825380342
3298	0.3824986111
3299	0.3824598645
3300	0.3824335359
3301	0.3824099691
3302	0.3823826076
3303	0.3823513354
3304	0.3823277868
3305	0.3823015728
3306	0.3822780543
3307	0.3822603118
3308	0.3822282798
3309	0.3822120659
3310	0.3821857116
3311	0.3821672352
3312	0.382142408
3313	0.3821144614
3314	0.3820843125
3315	0.3820618825
3316	0.3820379661
3317	0.3820105996
3318	0.3819829143
3319	0.3819553787
3320	0.3819171116
3321	0.3819029226
3322	0.3818861183
3323	0.3818553281
3324	0.3818305131
3325	0.3818060017
3326	0.3817845029
3327	0.3817499445
3328	0.3817141336
3329	0.3816882207
3330	0.3816568685
3331	0.3816311295
3332	0.3816014907
3333	0.3815860404
3334	0.3815583831
3335	0.3815294073
3336	0.3815083822
3337	0.3814731335
3338	0.3814455682
3339	0.3814208396
3340	0.3813982037
3341	0.3813698071
3342	0.3813369395
3343	0.3813085589
3344	0.3812839142
3345	0.3812689296
3346	0.3812407639
3347	0.3812160298
3348	0.3811957807
3349	0.3811718563
3350	0.3811397569
3351	0.3811126723
3352	0.3810819078
3353	0.3810599744
3354	0.3810317337
3355	0.3810000253
3356	0.3809705659
3357	0.3809406399
3358	0.3809190982
3359	0.3809078011
3360	0.3808881292
3361	0.3808564844
3362	0.3808349772
3363	0.3808000303
3364	0.3807554613
3365	0.3807313103
3366	0.3806940284
3367	0.3806649152
3368	0.3806388207
3369	0.3806190666
3370	0.3805816934
3371	0.380561038
3372	0.3805345855
3373	0.3805045278
3374	0.380478144
3375	0.3804595142
3376	0.3804291191
3377	0.3804018293
3378	0.3803681675
3379	0.3803312711
3380	0.380313259
3381	0.3802920213
3382	0.3802490431
3383	0.380213855
3384	0.3801918212
3385	0.3801635688
3386	0.3801198666
3387	0.3800972707
3388	0.3800577382
3389	0.3800387993
3390	0.3800107464
3391	0.3799653159
3392	0.3799420498
3393	0.3799133622
3394	0.3798975497
3395	0.3798630127
3396	0.379839491
3397	0.3798161267
3398	0.3797851886
3399	0.3797643156
3400	0.3797290479
3401	0.3797002111
3402	0.379680436
3403	0.3796493681
3404	0.3796192609
3405	0.3795987909
3406	0.379575407
3407	0.379551849
3408	0.3795357568
3409	0.3795068668
3410	0.3794748689
3411	0.3794616097
3412	0.3794356585
3413	0.3794074206
3414	0.3793877213
3415	0.3793555208
3416	0.3793274133
3417	0.3792940383
3418	0.3792610692
3419	0.3792356771
3420	0.3792091977
3421	0.379173477
3422	0.3791451722
3423	0.3791214175
3424	0.3790907817
3425	0.3790692707
3426	0.3790400962
3427	0.3790093063
3428	0.3789772728
3429	0.3789478324
3430	0.3789144092
3431	0.3788943518
3432	0.3788691859
3433	0.3788549515
3434	0.3788185669
3435	0.3787873358
3436	0.3787507603
3437	0.3787314918
3438	0.3786912217
3439	0.3786629628
3440	0.378636156
3441	0.3786093871
3442	0.3785776193
3443	0.3785585487
3444	0.3785343974
3445	0.3785172678
3446	0.3784924801
3447	0.3784694537
3448	0.3784346239
3449	0.3784103412
3450	0.3783934993
3451	0.3783621866
3452	0.3783446748
3453	0.3783134959
3454	0.3782956077
3455	0.378272598
3456	0.3782434722
3457	0.3782125809
3458	0.378190233
3459	0.3781657051
3460	0.3781417395
3461	0.3781140407
3462	0.3780895617
3463	0.3780545133
3464	0.3780340383
3465	0.378008982
3466	0.3779720687
3467	0.3779457759
3468	0.3779127159
3469	0.3778751464
3470	0.3778571296
3471	0.3778177944
3472	0.3777919417
3473	0.3777609289
3474	0.3777429609
3475	0.3777163338
3476	0.3776957711
3477	0.377666312
3478	0.3776385703
3479	0.3776009972
3480	0.3775749343
3481	0.3775439576
3482	0.3775237989
3483	0.3774980629
3484	0.3774775719
3485	0.3774555823
3486	0.3774167461
3487	0.3773946299
3488	0.3773719514
3489	0.3773539093
3490	0.3773350164
3491	0.3773127393
3492	0.3772884456
3493	0.377260493
3494	0.3772458749
3495	0.3772241927
3496	0.3771988389
3497	0.3771642012
3498	0.3771485958
3499	0.3771115575
3500	0.3770916602
3501	0.3770655112
3502	0.3770303656
3503	0.377011938
3504	0.3769743566
3505	0.3769442963
3506	0.3769156167
3507	0.3768916756
3508	0.3768653271
3509	0.3768338072
3510	0.3767969462
3511	0.3767724917
3512	0.3767460713
3513	0.3767007134
3514	0.3766656481
3515	0.3766477711
3516	0.376618757
3517	0.3765882091
3518	0.3765578671
3519	0.3765378267
3520	0.3765208765
3521	0.3764989487
3522	0.3764617573
3523	0.3764343619
3524	0.3764052475
3525	0.3763810236
3526	0.3763580808
3527	0.3763276682
3528	0.3763121981
3529	0.376288464
3530	0.3762648611
3531	0.3762533673
3532	0.376223883
3533	0.3761974234
3534	0.3761662684
3535	0.3761405157
3536	0.3761140126
3537	0.3760756588
3538	0.3760573679
3539	0.3760301677
3540	0.3760062418
3541	0.375986789
3542	0.3759655531
3543	0.3759533912
3544	0.3759331456
3545	0.3759084849
3546	0.3758788264
3547	0.3758521622
3548	0.3758357603
3549	0.375807612
3550	0.3757802578
3551	0.3757542782
3552	0.3757251125
3553	0.3756955555
3554	0.3756637263
3555	0.3756329589
3556	0.3756112488
3557	0.3755941484
3558	0.3755720952
3559	0.3755433672
3560	0.3755161748
3561	0.3754956035
3562	0.3754627685
3563	0.3754341952
3564	0.3754146272
3565	0.3753972754
3566	0.3753607373
3567	0.3753359412
3568	0.3753116646
3569	0.3752856688
3570	0.3752434296
3571	0.3752061217
3572	0.3751818872
3573	0.3751457354
3574	0.3751159395
3575	0.3750894662
3576	0.3750695474
3577	0.3750352557
3578	0.3750069935
3579	0.3749844723
3580	0.3749444426
3581	0.3749155929
3582	0.3748856559
3583	0.3748653181
3584	0.3748395028
3585	0.3748072922
3586	0.3747812997
3587	0.3747415496
3588	0.3747184876
3589	0.3746863408
3590	0.3746583745
3591	0.3746272
3592	0.3745999185
3593	0.3745751539
3594	0.3745553932
3595	0.3745340532
3596	0.3745029089
3597	0.3744747173
3598	0.3744398718
3599	0.3744067316
3600	0.3743882426
3601	0.3743558759
3602	0.3743206547
3603	0.3742987977
3604	0.3742658825
3605	0.3742472582
3606	0.3742247559
3607	0.3742046286
3608	0.374179365
3609	0.3741451877
3610	0.3741190973
3611	0.3740918889
3612	0.374068714
3613	0.3740473332
3614	0.3740158979
3615	0.3739806916
3616	0.3739617203
3617	0.3739413801
3618	0.3739177778
3619	0.3738835633
3620	0.3738696644
3621	0.3738545636
3622	0.3738178151
3623	0.373789338
3624	0.3737695124
3625	0.3737381065
3626	0.373709961
3627	0.3736951907
3628	0.3736635348
3629	0.3736287791
3630	0.373615728
3631	0.3735870749
3632	0.3735589968
3633	0.3735371347
3634	0.3735017177
3635	0.3734706353
3636	0.3734411874
3637	0.3734096361
3638	0.3733815005
3639	0.3733551046
3640	0.3733357586
3641	0.3733105365
3642	0.3732813472
3643	0.3732608819
3644	0.3732254919
3645	0.3731980646
3646	0.3731624253
3647	0.373142113
3648	0.3731200639
3649	0.3730975002
3650	0.3730739571
3651	0.3730465504
3652	0.3730168056
3653	0.3729841062
3654	0.372949889
3655	0.3729146055
3656	0.3728922088
3657	0.3728685609
3658	0.3728343906
3659	0.3728072809
3660	0.3727719362
3661	0.3727455053
3662	0.3727147735
3663	0.3726982797
3664	0.3726507349
3665	0.3726297211
3666	0.3725982613
3667	0.3725651738
3668	0.3725399616
3669	0.3725095723
3670	0.3724831388
3671	0.372466621
3672	0.3724397633
3673	0.3724080018
3674	0.3723762208
3675	0.3723558221
3676	0.3723136358
3677	0.3722778476
3678	0.3722506965
3679	0.3722092565
3680	0.3721767532
3681	0.3721536386
3682	0.3721272423
3683	0.3721027282
3684	0.3720831916
3685	0.3720574441
3686	0.3720246968
3687	0.3719997246
3688	0.3719803131
3689	0.3719541613
3690	0.3719205593
3691	0.3718859076
3692	0.3718638257
3693	0.3718376998
3694	0.3718109547
3695	0.3717915267
3696	0.3717604954
3697	0.371736728
3698	0.3717047016
3699	0.3716784696
3700	0.3716521907
3701	0.3716295057
3702	0.3716030266
3703	0.3715773944
3704	0.3715571762
3705	0.3715328183
3706	0.3715062485
3707	0.3714951125
3708	0.3714712827
3709	0.3714476315
3710	0.3714184539
3711	0.3713901415
3712	0.371374575
3713	0.3713437948
3714	0.3713145396
3715	0.3712904716
3716	0.3712738575
3717	0.3712395654
3718	0.371205359
3719	0.3711721391
3720	0.3711432426
3721	0.3711129186
3722	0.3710809645
3723	0.3710568391
3724	0.3710242323
3725	0.3710077727
3726	0.3709900772
3727	0.3709701243
3728	0.3709469522
3729	0.3709337456
3730	0.3709106147
3731	0.3708950564
3732	0.3708599953
3733	0.3708434939
3734	0.37082194
3735	0.3708063417
3736	0.3707797811
3737	0.3707497789
3738	0.3707259233
3739	0.3706968644
3740	0.3706518135
3741	0.3706260591
3742	0.3705930358
3743	0.3705765039
3744	0.3705472595
3745	0.3705153709
3746	0.3704960251
3747	0.3704651681
3748	0.3704355609
3749	0.3704126452
3750	0.3703892637
3751	0.3703612293
3752	0.3703319732
3753	0.370310239
3754	0.3702867576
3755	0.3702636996
3756	0.3702329658
3757	0.3702017919
3758	0.3701700586
3759	0.3701325197
3760	0.3701161426
3761	0.3700837683
3762	0.3700681325
3763	0.3700451829
3764	0.3700217275
3765	0.3699909864
3766	0.3699692403
3767	0.369936181
3768	0.3699192597
3769	0.3699025686
3770	0.3698660081
3771	0.3698350887
3772	0.3698021091
3773	0.3697731761
3774	0.3697577073
3775	0.3697378755
3776	0.3697149771
3777	0.3696882225
3778	0.3696591052
3779	0.3696277065
3780	0.3695928602
3781	0.3695672603
3782	0.3695457429
3783	0.3695160507
3784	0.3694908206
3785	0.3694541842
3786	0.369424175
3787	0.3694100057
3788	0.3693855533
3789	0.3693662025
3790	0.3693246737
3791	0.3692977672
3792	0.369271616
3793	0.3692488751
3794	0.3692253681
3795	0.369202997
3796	0.3691736406
3797	0.3691608844
3798	0.3691246127
3799	0.3690996337
3800	0.3690688071
3801	0.3690459188
3802	0.3690149753
3803	0.3689856944
3804	0.3689600375
3805	0.3689407991
3806	0.3689115651
3807	0.3688856941
3808	0.3688608803
3809	0.3688373312
3810	0.3688157135
3811	0.3687881941
3812	0.368764769
3813	0.3687353217
3814	0.3687123037
3815	0.3686839745
3816	0.3686561755
3817	0.3686369626
3818	0.3686122918
3819	0.3685889366
3820	0.368557955
3821	0.3685308243
3822	0.368511703
3823	0.3684811596
3824	0.3684597558
3825	0.3684350314
3826	0.3684181831
3827	0.368393621
3828	0.3683722059
3829	0.3683453469
3830	0.3683144372
3831	0.3682911726
3832	0.368259286
3833	0.3682338855
3834	0.3681953934
3835	0.3681718205
3836	0.3681518812
3837	0.368107717
3838	0.3680759438
3839	0.3680488084
3840	0.3680130118
3841	0.36798178
3842	0.3679631931
3843	0.3679360611
3844	0.3679164496
3845	0.3678909985
3846	0.3678520957
3847	0.3678314507
3848	0.3678027476
3849	0.3677848159
3850	0.3677728862
3851	0.3677560195
3852	0.3677302364
3853	0.3676985903
3854	0.3676770078
3855	0.367643561
3856	0.3676304286
3857	0.3675981885
3858	0.3675665225
3859	0.3675326363
3860	0.367507693
3861	0.367484738
3862	0.3674674349
3863	0.3674548598
3864	0.3674405393
3865	0.3674059356
3866	0.3673747648
3867	0.3673562094
3868	0.3673368157
3869	0.3673063104
3870	0.3672804021
3871	0.3672500853
3872	0.3672315118
3873	0.3672031782
3874	0.3671694137
3875	0.3671440528
3876	0.3671244163
3877	0.3671031138
3878	0.3670687943
3879	0.3670399805
3880	0.3670249788
3881	0.3669879521
3882	0.3669767297
3883	0.3669590582
3884	0.3669377828
3885	0.3669055968
3886	0.3668783935
3887	0.3668503524
3888	0.3668176483
3889	0.3667978304
3890	0.3667626343
3891	0.3667401493
3892	0.3667241723
3893	0.3667094346
3894	0.366683592
3895	0.366672614
3896	0.3666378126
3897	0.3665946791
3898	0.3665563235
3899	0.366523272
3900	0.3664939159
3901	0.3664750113
3902	0.36645574
3903	0.3664215185
3904	0.366394603
3905	0.3663698037
3906	0.366334542
3907	0.3663081829
3908	0.3662775468
3909	0.3662479038
3910	0.366228661
3911	0.3662069165
3912	0.3661834281
3913	0.366158954
3914	0.3661282052
3915	0.3660981528
3916	0.3660759884
3917	0.3660478503
3918	0.3660171424
3919	0.3659868838
3920	0.3659579668
3921	0.3659319519
3922	0.3659004452
3923	0.3658729522
3924	0.3658466888
3925	0.36582011
3926	0.3658071831
3927	0.3657862507
3928	0.3657667084
3929	0.3657437676
3930	0.3657201715
3931	0.365695773
3932	0.3656768946
3933	0.3656567055
3934	0.3656300266
3935	0.3655995627
3936	0.3655666111
3937	0.3655373433
3938	0.3655084977
3939	0.3654701346
3940	0.3654412927
3941	0.3654204383
3942	0.3653830955
3943	0.3653596571
3944	0.36533168
3945	0.3653102457
3946	0.3652932377
3947	0.3652682637
3948	0.3652320285
3949	0.3652145934
3950	0.3651889623
3951	0.3651584211
3952	0.3651384363
3953	0.3651067536
3954	0.3650779893
3955	0.3650574684
3956	0.3650340001
3957	0.36500643
3958	0.3649718021
3959	0.3649424853
3960	0.3649130321
3961	0.3648839983
3962	0.3648600244
3963	0.3648446894
3964	0.3648189821
3965	0.3647864917
3966	0.3647617054
3967	0.3647434058
3968	0.3647183782
3969	0.3647001857
3970	0.3646670567
3971	0.3646437549
3972	0.3646163359
3973	0.3646030438
3974	0.3645766296
3975	0.3645411311
3976	0.3645153846
3977	0.364497325
3978	0.3644719952
3979	0.364439809
3980	0.3644247364
3981	0.3644027277
3982	0.3643861958
3983	0.3643572028
3984	0.3643381312
3985	0.3643076785
3986	0.364282895
3987	0.3642480385
3988	0.3642192612
3989	0.364196506
3990	0.3641579204
3991	0.3641356937
3992	0.3641169122
3993	0.364099126
3994	0.3640695451
3995	0.3640458877
3996	0.3640253569
3997	0.363994666
3998	0.3639694123
3999	0.3639370864
4000	0.3639070036
4001	0.3638782884
4002	0.3638460882
4003	0.363822845
4004	0.3638000847
4005	0.3637686314
4006	0.3637526821
4007	0.3637289675
4008	0.3637019707
4009	0.3636737166
4010	0.3636393819
4011	0.3636091217
4012	0.3635736818
4013	0.3635577788
4014	0.3635424636
4015	0.3635194722
4016	0.3634898804
4017	0.3634737252
4018	0.3634504102
4019	0.3634210261
4020	0.3633989074
4021	0.3633736262
4022	0.3633433878
4023	0.3633185274
4024	0.3632858717
4025	0.363259613
4026	0.3632407408
4027	0.3632178666
4028	0.3631872297
4029	0.3631661216
4030	0.3631184801
4031	0.3630840727
4032	0.363058906
4033	0.3630373824
4034	0.3630197393
4035	0.3629912947
4036	0.3629610397
4037	0.3629385047
4038	0.3629127534
4039	0.3628804163
4040	0.3628568348
4041	0.3628373379
4042	0.362823047
4043	0.3628055507
4044	0.3627655876
4045	0.3627454435
4046	0.3627212102
4047	0.3626921197
4048	0.3626753899
4049	0.3626567551
4050	0.36263175
4051	0.3626104314
4052	0.3625891377
4053	0.3625581273
4054	0.3625366184
4055	0.3625111861
4056	0.3624802022
4057	0.3624442207
4058	0.3624230274
4059	0.3624099427
4060	0.3623849213
4061	0.3623575212
4062	0.3623362065
4063	0.3623042269
4064	0.3622865725
4065	0.3622645015
4066	0.3622372527
4067	0.3622226645
4068	0.3621906417
4069	0.3621704852
4070	0.3621465982
4071	0.3621249916
4072	0.3620951766
4073	0.3620759899
4074	0.3620522815
4075	0.3620188086
4076	0.3619967749
4077	0.3619682389
4078	0.3619530448
4079	0.3619325983
4080	0.3619185356
4081	0.3618967997
4082	0.3618775079
4083	0.3618564047
4084	0.3618333622
4085	0.3618087726
4086	0.3617818308
4087	0.3617583737
4088	0.3617406135
4089	0.3617205574
4090	0.3616952582
4091	0.361668752
4092	0.3616418289
4093	0.3616121425
4094	0.3615899302
4095	0.3615752405
4096	0.3615560111
4097	0.3615311102
4098	0.3615039415
4099	0.3614855517
4100	0.361435451
4101	0.3614133351
4102	0.3613802044
4103	0.3613554587
4104	0.3613271189
4105	0.3613041522
4106	0.3612858438
4107	0.3612644585
4108	0.3612384871
4109	0.3612142659
4110	0.3611951945
4111	0.3611613896
4112	0.3611328315
4113	0.3611049616
4114	0.3610769614
4115	0.3610541437
4116	0.3610318117
4117	0.3610032157
4118	0.3609814945
4119	0.3609681397
4120	0.360941472
4121	0.3609061028
4122	0.3608756612
4123	0.3608619835
4124	0.3608341252
4125	0.3608152013
4126	0.3608015564
4127	0.3607815104
4128	0.3607615839
4129	0.3607267416
4130	0.3607168641
4131	0.3607043799
4132	0.3606881696
4133	0.3606601579
4134	0.3606229605
4135	0.3605832862
4136	0.3605640033
4137	0.3605377845
4138	0.3605132141
4139	0.360482131
4140	0.3604627252
4141	0.3604307892
4142	0.3604064609
4143	0.3603862736
4144	0.3603716019
4145	0.3603546796
4146	0.360333035
4147	0.3603098598
4148	0.3602878239
4149	0.3602668005
4150	0.3602425726
4151	0.3602111468
4152	0.3601797717
4153	0.3601623143
4154	0.360138698
4155	0.3601208164
4156	0.3600928762
4157	0.3600765036
4158	0.3600428577
4159	0.3600186744
4160	0.3600008361
4161	0.359974575
4162	0.3599536358
4163	0.3599271553
4164	0.3599079594
4165	0.3598815276
4166	0.3598528201
4167	0.3598247252
4168	0.3597977221
4169	0.3597824935
4170	0.3597671502
4171	0.3597434017
4172	0.3597129211
4173	0.3596902043
4174	0.3596651515
4175	0.3596369147
4176	0.3596128468
4177	0.3595835927
4178	0.3595672343
4179	0.3595343239
4180	0.3595171332
4181	0.3594984754
4182	0.3594773402
4183	0.3594561577
4184	0.3594263157
4185	0.3594034591
4186	0.3593737898
4187	0.3593532161
4188	0.3593194573
4189	0.3592851373
4190	0.3592700305
4191	0.3592305888
4192	0.3592076404
4193	0.3591877154
4194	0.3591676653
4195	0.359145119
4196	0.3591224516
4197	0.3590817839
4198	0.359050288
4199	0.3590305316
4200	0.3590106485
4201	0.3589865533
4202	0.3589607632
4203	0.3589319517
4204	0.3589050694
4205	0.3588750968
4206	0.3588556668
4207	0.3588278138
4208	0.3587991912
4209	0.3587778203
4210	0.3587411813
4211	0.3587170714
4212	0.3586878399
4213	0.3586591299
4214	0.3586351411
4215	0.3586062448
4216	0.3585745086
4217	0.3585467099
4218	0.3585299775
4219	0.3585100184
4220	0.3584888754
4221	0.3584569307
4222	0.358427787
4223	0.3584112091
4224	0.3583906612
4225	0.3583755567
4226	0.3583485637
4227	0.3583294287
4228	0.3583042688
4229	0.3582849715
4230	0.3582612955
4231	0.3582280874
4232	0.3582102473
4233	0.3581799108
4234	0.3581507723
4235	0.3581310799
4236	0.3581141821
4237	0.3580945362
4238	0.3580750606
4239	0.3580544369
4240	0.3580277755
4241	0.3580055375
4242	0.3579658914
4243	0.3579309541
4244	0.3579106719
4245	0.3578883564
4246	0.3578587325
4247	0.3578343716
4248	0.3578071758
4249	0.3577840341
4250	0.3577730975
4251	0.3577495491
4252	0.3577363522
4253	0.3577167791
4254	0.3576854825
4255	0.3576498973
4256	0.3576134628
4257	0.3575865847
4258	0.3575667416
4259	0.3575407004
4260	0.3575195165
4261	0.3575042396
4262	0.3574887358
4263	0.3574611959
4264	0.3574396809
4265	0.3574203087
4266	0.3574025014
4267	0.3573804827
4268	0.3573669003
4269	0.3573527499
4270	0.3573218675
4271	0.3572962042
4272	0.3572789613
4273	0.3572582175
4274	0.3572405796
4275	0.3572115377
4276	0.3571877395
4277	0.3571615153
4278	0.3571406463
4279	0.3571179246
4280	0.3570973117
4281	0.3570704204
4282	0.3570477289
4283	0.357026707
4284	0.3570119911
4285	0.3569832616
4286	0.3569511947
4287	0.3569244233
4288	0.3568901294
4289	0.3568741689
4290	0.3568518802
4291	0.356829346
4292	0.356809304
4293	0.356787408
4294	0.3567593605
4295	0.3567418513
4296	0.35671908
4297	0.3566908943
4298	0.3566539743
4299	0.356634397
4300	0.3566119647
4301	0.3565896528
4302	0.3565642952
4303	0.3565268514
4304	0.3564984012
4305	0.3564757602
4306	0.3564509025
4307	0.3564336882
4308	0.3564161608
4309	0.3563898921
4310	0.3563618225
4311	0.3563440838
4312	0.3563140826
4313	0.3562856911
4314	0.3562690394
4315	0.3562455339
4316	0.3562214919
4317	0.356203697
4318	0.3561774781
4319	0.3561507576
4320	0.3561203514
4321	0.3561026681
4322	0.3560675406
4323	0.3560450533
4324	0.3560012615
4325	0.35596736
4326	0.3559502139
4327	0.3559384837
4328	0.3559165189
4329	0.3558937789
4330	0.3558637063
4331	0.3558428832
4332	0.3558189213
4333	0.3558035072
4334	0.3557890404
4335	0.3557635762
4336	0.3557485163
4337	0.3557280855
4338	0.35570861
4339	0.3556961929
4340	0.3556700275
4341	0.355643757
4342	0.3556116623
4343	0.3555721582
4344	0.3555396066
4345	0.3555098123
4346	0.355475901
4347	0.3554514799
4348	0.3554323618
4349	0.3554126555
4350	0.3553848489
4351	0.3553707159
4352	0.3553394026
4353	0.3553047118
4354	0.3552833147
4355	0.3552519585
4356	0.355232859
4357	0.3552081955
4358	0.3551835645
4359	0.3551543389
4360	0.3551284472
4361	0.3550965891
4362	0.3550708709
4363	0.3550572851
4364	0.355033514
4365	0.3550143205
4366	0.3549922665
4367	0.3549783252
4368	0.3549570656
4369	0.3549251085
4370	0.3548993346
4371	0.3548748847
4372	0.3548480833
4373	0.3548324194
4374	0.354801223
4375	0.3547721136
4376	0.3547587971
4377	0.3547466498
4378	0.3547259776
4379	0.3547030249
4380	0.3546837369
4381	0.354654388
4382	0.3546227375
4383	0.3545885203
4384	0.3545704673
4385	0.3545497283
4386	0.3545317666
4387	0.3545047311
4388	0.3544899311
4389	0.3544587366
4390	0.3544362051
4391	0.3544214462
4392	0.3544046458
4393	0.3543774169
4394	0.3543537601
4395	0.3543365341
4396	0.3543170396
4397	0.3542926866
4398	0.3542719919
4399	0.3542568594
4400	0.3542372499
4401	0.3542137939
4402	0.3541841623
4403	0.3541658786
4404	0.3541484445
4405	0.3541170098
4406	0.3540858401
4407	0.3540689633
4408	0.3540527125
4409	0.3540244248
4410	0.3539861225
4411	0.3539595646
4412	0.3539278225
4413	0.3539061577
4414	0.3538766545
4415	0.3538457098
4416	0.3538188842
4417	0.3537899401
4418	0.3537624578
4419	0.353744916
4420	0.3537172658
4421	0.3536932605
4422	0.3536610032
4423	0.3536286941
4424	0.3535993987
4425	0.3535815998
4426	0.3535381193
4427	0.3535209884
4428	0.3535044113
4429	0.3534807201
4430	0.3534497132
4431	0.3534282736
4432	0.35340076
4433	0.3533703746
4434	0.3533404876
4435	0.3533243107
4436	0.3533105186
4437	0.3532784809
4438	0.353263447
4439	0.353234445
4440	0.3532084658
4441	0.3531929151
4442	0.3531696123
4443	0.3531305166
4444	0.3531143604
4445	0.3530895183
4446	0.3530625013
4447	0.3530361266
4448	0.353020096
4449	0.3530076333
4450	0.3529856836
4451	0.3529636625
4452	0.3529387266
4453	0.3529172895
4454	0.3528957398
4455	0.3528741691
4456	0.3528499018
4457	0.3528300311
4458	0.3528015467
4459	0.3527723261
4460	0.3527441045
4461	0.3527237598
4462	0.3526928743
4463	0.3526722916
4464	0.352644221
4465	0.352631214
4466	0.352606894
4467	0.3525756089
4468	0.352552941
4469	0.3525202223
4470	0.3524978387
4471	0.3524751431
4472	0.3524489668
4473	0.3524237148
4474	0.3523936012
4475	0.3523510485
4476	0.3523295108
4477	0.3523114872
4478	0.3522864626
4479	0.3522649644
4480	0.3522447444
4481	0.35222052
4482	0.35219485
4483	0.3521693051
4484	0.3521373213
4485	0.3521150045
4486	0.3520887891
4487	0.3520586163
4488	0.3520437176
4489	0.3520190165
4490	0.3519998335
4491	0.3519829767
4492	0.3519676525
4493	0.3519465282
4494	0.3519305072
4495	0.3519093725
4496	0.3518910822
4497	0.3518703263
4498	0.351851537
4499	0.3518168769
4500	0.3517935363
4501	0.3517792753
4502	0.3517600276
4503	0.3517229444
4504	0.3516992257
4505	0.3516750805
4506	0.3516538983
4507	0.3516215036
4508	0.3516008068
4509	0.3515788944
4510	0.3515614245
4511	0.3515258544
4512	0.3515064742
4513	0.3514887309
4514	0.351472933
4515	0.3514442551
4516	0.3514250455
4517	0.3514002961
4518	0.3513847751
4519	0.3513708268
4520	0.3513395069
4521	0.3513154487
4522	0.3512959648
4523	0.3512733739
4524	0.3512548176
4525	0.3512343427
4526	0.3512144928
4527	0.3511931394
4528	0.3511643764
4529	0.3511374244
4530	0.3511192378
4531	0.351094756
4532	0.3510747547
4533	0.3510469834
4534	0.3510185165
4535	0.3509871817
4536	0.3509611392
4537	0.3509362056
4538	0.3509071129
4539	0.3508803005
4540	0.3508567788
4541	0.3508267148
4542	0.3508119208
4543	0.3507924639
4544	0.3507659879
4545	0.3507472397
4546	0.3507249988
4547	0.3507101104
4548	0.3506906677
4549	0.3506614786
4550	0.3506338334
4551	0.350606496
4552	0.3505854315
4553	0.3505536666
4554	0.3505214637
4555	0.3504949982
4556	0.3504768814
4557	0.3504559879
4558	0.3504317454
4559	0.350410985
4560	0.3503787045
4561	0.3503494786
4562	0.3503247249
4563	0.3503017241
4564	0.350282018
4565	0.3502527056
4566	0.3502192774
4567	0.3501953539
4568	0.3501596507
4569	0.350140224
4570	0.3501044608
4571	0.3500813447
4572	0.3500561314
4573	0.3500286681
4574	0.3500102757
4575	0.3499870187
4576	0.3499661418
4577	0.3499363345
4578	0.3499021276
4579	0.3498805007
4580	0.3498551625
4581	0.3498334
4582	0.349806835
4583	0.3497882737
4584	0.3497669069
4585	0.3497448585
4586	0.3497321449
4587	0.3497073863
4588	0.3496864023
4589	0.3496630002
4590	0.3496473998
4591	0.3496245126
4592	0.3496048035
4593	0.3495791583
4594	0.3495565812
4595	0.3495336343
4596	0.3495094103
4597	0.3494825154
4598	0.3494542368
4599	0.3494225651
4600	0.3493871856
4601	0.3493765777
4602	0.3493494316
4603	0.3493349743
4604	0.3493151857
4605	0.3492878468
4606	0.3492493025
4607	0.3492207573
4608	0.3491948648
4609	0.3491682832
4610	0.3491490723
4611	0.349126204
4612	0.3491007038
4613	0.3490728208
4614	0.3490443673
4615	0.3490279067
4616	0.3490036534
4617	0.348978632
4618	0.3489516519
4619	0.3489334912
4620	0.3489072267
4621	0.3488860829
4622	0.3488599312
4623	0.3488409141
4624	0.3488123341
4625	0.3487882766
4626	0.348762705
4627	0.3487449385
4628	0.3487187825
4629	0.3486891893
4630	0.3486681844
4631	0.3486577833
4632	0.348623594
4633	0.3486111118
4634	0.3485931259
4635	0.3485701694
4636	0.3485427395
4637	0.3485193091
4638	0.3485018568
4639	0.3484786539
4640	0.348456225
4641	0.3484435898
4642	0.3484298086
4643	0.3483930242
4644	0.3483745076
4645	0.348358612
4646	0.3483298598
4647	0.3482997493
4648	0.3482735193
4649	0.3482464664
4650	0.3482317755
4651	0.3482134122
4652	0.348178068
4653	0.3481483669
4654	0.3481341698
4655	0.3481049178
4656	0.3480921905
4657	0.3480721988
4658	0.3480549435
4659	0.3480369572
4660	0.3480047979
4661	0.3479808599
4662	0.3479673596
4663	0.3479456236
4664	0.3479259453
4665	0.347907485
4666	0.3478895909
4667	0.3478597865
4668	0.3478388379
4669	0.3478040519
4670	0.3477886452
4671	0.3477670796
4672	0.34773922
4673	0.3477127092
4674	0.3476882989
4675	0.3476644767
4676	0.3476459772
4677	0.3476207585
4678	0.3475925618
4679	0.3475697421
4680	0.3475317686
4681	0.3475134504
4682	0.3474805631
4683	0.3474555051
4684	0.3474322681
4685	0.3473964835
4686	0.3473630139
4687	0.3473487147
4688	0.3473263245
4689	0.3472930085
4690	0.3472629865
4691	0.3472455416
4692	0.3472304889
4693	0.3472109792
4694	0.3471923617
4695	0.3471650474
4696	0.3471373999
4697	0.3471210607
4698	0.3471048789
4699	0.3470728569
4700	0.3470422327
4701	0.3470142254
4702	0.3469932475
4703	0.3469658554
4704	0.3469429811
4705	0.3469210943
4706	0.3469019813
4707	0.3468666603
4708	0.34684406
4709	0.3468144437
4710	0.3467818081
4711	0.3467510261
4712	0.3467312319
4713	0.3466993904
4714	0.3466730652
4715	0.3466526846
4716	0.3466315441
4717	0.3466133044
4718	0.3465981394
4719	0.3465765222
4720	0.3465580265
4721	0.346542472
4722	0.3465188584
4723	0.3465070011
4724	0.3464870693
4725	0.3464749379
4726	0.346451728
4727	0.3464335835
4728	0.3464045038
4729	0.3463810163
4730	0.3463623727
4731	0.3463383471
4732	0.3463081985
4733	0.3462882053
4734	0.346274872
4735	0.3462452011
4736	0.3462235926
4737	0.3461961358
4738	0.3461704362
4739	0.3461416389
4740	0.3461228378
4741	0.3460932221
4742	0.3460755115
4743	0.3460567243
4744	0.3460429534
4745	0.3460162971
4746	0.3459904216
4747	0.3459652649
4748	0.3459365447
4749	0.3459128669
4750	0.3458926384
4751	0.3458710815
4752	0.3458592012
4753	0.3458384646
4754	0.3458206284
4755	0.3457908849
4756	0.3457579021
4757	0.3457312304
4758	0.3457212454
4759	0.3457073818
4760	0.3456890021
4761	0.3456732725
4762	0.3456452933
4763	0.3456113329
4764	0.3455928465
4765	0.3455738335
4766	0.3455547902
4767	0.3455305439
4768	0.3455197146
4769	0.3454912554
4770	0.3454692578
4771	0.3454491325
4772	0.3454255312
4773	0.3453970726
4774	0.3453775735
4775	0.345362805
4776	0.3453530658
4777	0.3453309761
4778	0.3452991367
4779	0.3452803796
4780	0.3452561942
4781	0.3452303876
4782	0.3451962237
4783	0.3451677216
4784	0.345137293
4785	0.3451130828
4786	0.345088906
4787	0.3450539606
4788	0.3450243248
4789	0.3449976407
4790	0.344982219
4791	0.3449690174
4792	0.3449497407
4793	0.344934272
4794	0.3449041542
4795	0.3448914091
4796	0.3448716838
4797	0.3448446161
4798	0.3448247279
4799	0.3447885791
4800	0.3447504901
4801	0.3447208434
4802	0.3446891985
4803	0.3446660687
4804	0.3446487549
4805	0.3446246221
4806	0.3446023976
4807	0.3445771109
4808	0.3445536931
4809	0.3445331193
4810	0.3445088595
4811	0.3444874597
4812	0.3444679586
4813	0.3444530598
4814	0.3444299622
4815	0.3444060838
4816	0.3443884535
4817	0.3443711092
4818	0.3443482157
4819	0.3443166805
4820	0.3442955378
4821	0.3442667151
4822	0.3442313709
4823	0.3442096413
4824	0.344192155
4825	0.3441670884
4826	0.3441388747
4827	0.3441122521
4828	0.3440858381
4829	0.3440598758
4830	0.3440403001
4831	0.3440200378
4832	0.3439870491
4833	0.3439565433
4834	0.3439305709
4835	0.3439122342
4836	0.3439019559
4837	0.3438793895
4838	0.343855413
4839	0.3438359645
4840	0.3438110208
4841	0.3437809875
4842	0.3437587405
4843	0.3437382526
4844	0.3437113322
4845	0.343692853
4846	0.3436599233
4847	0.3436361179
4848	0.343609096
4849	0.3435851494
4850	0.3435606644
4851	0.3435453706
4852	0.3435271724
4853	0.343506514
4854	0.3434821101
4855	0.3434603859
4856	0.343433211
4857	0.3434062421
4858	0.343386526
4859	0.3433612072
4860	0.3433405425
4861	0.3433172411
4862	0.3432773005
4863	0.3432565086
4864	0.3432334092
4865	0.3431988984
4866	0.3431684804
4867	0.3431463149
4868	0.3431265262
4869	0.343105142
4870	0.3430763513
4871	0.3430493467
4872	0.3430153228
4873	0.3429913802
4874	0.3429668593
4875	0.3429387713
4876	0.342906414
4877	0.3428822444
4878	0.3428626386
4879	0.3428367431
4880	0.3428193341
4881	0.3427996947
4882	0.3427788155
4883	0.3427488336
4884	0.3427250602
4885	0.3427102099
4886	0.3426896853
4887	0.3426667767
4888	0.3426428892
4889	0.342619726
4890	0.3425918456
4891	0.3425730778
4892	0.3425466404
4893	0.3425254542
4894	0.3425054287
4895	0.3424914192
4896	0.342465659
4897	0.3424544125
4898	0.3424339484
4899	0.3424208556
4900	0.3424017533
4901	0.342372041
4902	0.3423491141
4903	0.3423273524
4904	0.3423017517
4905	0.3422751482
4906	0.3422508767
4907	0.3422228039
4908	0.3421842069
4909	0.3421669727
4910	0.3421531235
4911	0.3421290609
4912	0.3421096358
4913	0.3420876757
4914	0.3420644809
4915	0.3420435463
4916	0.3420157136
4917	0.3419979019
4918	0.3419729055
4919	0.3419451308
4920	0.3419210031
4921	0.34189977
4922	0.3418763094
4923	0.3418637979
4924	0.3418400236
4925	0.3418174037
4926	0.3417858418
4927	0.3417647765
4928	0.3417511317
4929	0.341727111
4930	0.3417034524
4931	0.3416910888
4932	0.3416754172
4933	0.3416616998
4934	0.341640985
4935	0.3416285627
4936	0.3416023165
4937	0.3415727944
4938	0.3415556814
4939	0.3415366848
4940	0.3415167502
4941	0.3415000755
4942	0.3414736018
4943	0.3414557684
4944	0.3414360627
4945	0.3414178281
4946	0.341388847
4947	0.3413557682
4948	0.3413344535
4949	0.3413059762
4950	0.3412923408
4951	0.3412653517
4952	0.3412440251
4953	0.3412182489
4954	0.3411923974
4955	0.3411743012
4956	0.3411474987
4957	0.3411145847
4958	0.3410936075
4959	0.3410662628
4960	0.3410483452
4961	0.3410330025
4962	0.3410157322
4963	0.3409961641
4964	0.3409721314
4965	0.3409440863
4966	0.3409171325
4967	0.3408982577
4968	0.3408735747
4969	0.3408445484
4970	0.3408191674
4971	0.340798846
4972	0.3407777982
4973	0.340749163
4974	0.3407324833
4975	0.3407169003
4976	0.3406900062
4977	0.340670921
4978	0.3406533285
4979	0.3406369951
4980	0.3406173975
4981	0.3405985961
4982	0.3405781511
4983	0.3405482158
4984	0.3405142042
4985	0.3404915346
4986	0.3404641274
4987	0.3404423712
4988	0.3404238449
4989	0.3403973202
4990	0.3403823033
4991	0.3403474213
4992	0.3403255607
4993	0.3402991025
4994	0.3402800094
4995	0.3402583813
4996	0.3402325258
4997	0.3402168381
4998	0.3401902781
4999	0.3401663231
5000	0.3401520595
5001	0.3401212916
5002	0.3400987675
5003	0.3400759686
5004	0.3400564594
5005	0.3400401007
5006	0.3400225512
5007	0.3399971795
5008	0.3399712882
5009	0.3399620586
5010	0.3399487508
5011	0.339932558
5012	0.3399026659
5013	0.3398718757
5014	0.3398585495
5015	0.3398345979
5016	0.3398131156
5017	0.3397924989
5018	0.3397720299
5019	0.3397443451
5020	0.3397366052
5021	0.3397087531
5022	0.3396921091
5023	0.3396692799
5024	0.3396426252
5025	0.3396289447
5026	0.3396065957
5027	0.3395893579
5028	0.3395752977
5029	0.3395601027
5030	0.3395510788
5031	0.3395336484
5032	0.3395097275
5033	0.3394940406
5034	0.3394730523
5035	0.3394473991
5036	0.3394297371
5037	0.3394028996
5038	0.3393834402
5039	0.3393515603
5040	0.3393232485
5041	0.3393022181
5042	0.3392822227
5043	0.3392606738
5044	0.3392272059
5045	0.3392034749
5046	0.3391844647
5047	0.3391670097
5048	0.3391492336
5049	0.3391251841
5050	0.3391116347
5051	0.3390871292
5052	0.3390639806
5053	0.3390358816
5054	0.3390109143
5055	0.3389889057
5056	0.3389668659
5057	0.3389415453
5058	0.3389280535
5059	0.3389052636
5060	0.3388877655
5061	0.3388611609
5062	0.3388449426
5063	0.3388170132
5064	0.3387952763
5065	0.3387685689
5066	0.3387501931
5067	0.3387306178
5068	0.3387057165
5069	0.3386830038
5070	0.3386536461
5071	0.3386361838
5072	0.3386191074
5073	0.3386016108
5074	0.3385756353
5075	0.3385587761
5076	0.3385308995
5077	0.338493625
5078	0.338468248
5079	0.3384383909
5080	0.3384043594
5081	0.3383833273
5082	0.3383637469
5083	0.3383425803
5084	0.3383155856
5085	0.3382923638
5086	0.3382779177
5087	0.3382576871
5088	0.3382381992
5089	0.3382113957
5090	0.3381889905
5091	0.3381655197
5092	0.3381509407
5093	0.338136157
5094	0.338121444
5095	0.3380974846
5096	0.3380744631
5097	0.3380532123
5098	0.3380391467
5099	0.3380164527
5100	0.3379901567
5101	0.3379639881
5102	0.3379429154
5103	0.3379181072
5104	0.3378957587
5105	0.3378710994
5106	0.3378465014
5107	0.3378334267
5108	0.3378127978
5109	0.3377799145
5110	0.3377684416
5111	0.3377536864
5112	0.3377252617
5113	0.3377085792
5114	0.3376820146
5115	0.3376665742
5116	0.3376484188
5117	0.3376199689
5118	0.3375815536
5119	0.3375624001
5120	0.3375442504
5121	0.3375251455
5122	0.3374966901
5123	0.3374795487
5124	0.337447164
5125	0.3374240805
5126	0.3373950426
5127	0.3373680962
5128	0.3373446287
5129	0.3373220469
5130	0.3372971645
5131	0.337266693
5132	0.3372391277
5133	0.3372090239
5134	0.3371928688
5135	0.3371695149
5136	0.3371488568
5137	0.3371280415
5138	0.3371104849
5139	0.3370928286
5140	0.3370712132
5141	0.3370521704
5142	0.3370248643
5143	0.3370075023
5144	0.3369821824
5145	0.3369633658
5146	0.3369430071
5147	0.3369118623
5148	0.3368957629
5149	0.3368798664
5150	0.3368649838
5151	0.3368493682
5152	0.3368252413
5153	0.336810717
5154	0.3367845772
5155	0.3367705935
5156	0.3367536087
5157	0.3367239037
5158	0.3367096213
5159	0.336681892
5160	0.3366692151
5161	0.3366544721
5162	0.3366276184
5163	0.3365907446
5164	0.3365704029
5165	0.3365491049
5166	0.3365234282
5167	0.3365093044
5168	0.3364889211
5169	0.3364696942
5170	0.3364476995
5171	0.3364213628
5172	0.3363993719
5173	0.336370358
5174	0.3363509357
5175	0.3363408855
5176	0.3363227067
5177	0.336296288
5178	0.3362744581
5179	0.3362564831
5180	0.3362304561
5181	0.3362157243
5182	0.3362009241
5183	0.3361731972
5184	0.3361496612
5185	0.3361311345
5186	0.3361057503
5187	0.3360748184
5188	0.3360439271
5189	0.336021636
5190	0.335995512
5191	0.3359782021
5192	0.3359538717
5193	0.3359421455
5194	0.3359289843
5195	0.3359048629
5196	0.3358878082
5197	0.3358638289
5198	0.3358382707
5199	0.335809298
5200	0.3357827454
5201	0.3357577099
5202	0.3357339969
5203	0.3357249057
5204	0.3357051307
5205	0.3356936072
5206	0.3356726966
5207	0.3356432693
5208	0.3356168563
5209	0.3355905777
5210	0.335572182
5211	0.3355518943
5212	0.3355185318
5213	0.3354888669
5214	0.3354737249
5215	0.3354558472
5216	0.3354347071
5217	0.3354114247
5218	0.3354015786
5219	0.3353821788
5220	0.3353599272
5221	0.3353440808
5222	0.3353247325
5223	0.3352991902
5224	0.3352721097
5225	0.3352454719
5226	0.3352227911
5227	0.3352019319
5228	0.3351801976
5229	0.3351514415
5230	0.3351260906
5231	0.3351062121
5232	0.3350844784
5233	0.3350627662
5234	0.3350427756
5235	0.3350240948
5236	0.3350049063
5237	0.3349789909
5238	0.3349483541
5239	0.3349288319
5240	0.3349134256
5241	0.3348924822
5242	0.3348687821
5243	0.3348439912
5244	0.3348321304
5245	0.3348079141
5246	0.3347964014
5247	0.3347680868
5248	0.3347502191
5249	0.3347327273
5250	0.3347180084
5251	0.3346951529
5252	0.3346825773
5253	0.3346621998
5254	0.334647696
5255	0.3346288616
5256	0.3346111599
5257	0.3345923836
5258	0.3345715397
5259	0.3345565964
5260	0.3345409929
5261	0.3345246567
5262	0.3345074741
5263	0.3344830995
5264	0.334451802
5265	0.3344247562
5266	0.3343992564
5267	0.3343818116
5268	0.3343571636
5269	0.3343255733
5270	0.3343079377
5271	0.3342917386
5272	0.3342680724
5273	0.3342408184
5274	0.3342198274
5275	0.3341924752
5276	0.3341653629
5277	0.3341396327
5278	0.3341120222
5279	0.3340960642
5280	0.3340728938
5281	0.3340560108
5282	0.3340378857
5283	0.3340165585
5284	0.3340014962
5285	0.3339786238
5286	0.3339530152
5287	0.3339235772
5288	0.3338915651
5289	0.3338636854
5290	0.3338484436
5291	0.3338274034
5292	0.3337953772
5293	0.333780361
5294	0.3337582698
5295	0.3337377287
5296	0.3337141763
5297	0.3337022595
5298	0.3336879688
5299	0.3336705075
5300	0.3336528635
5301	0.3336217579
5302	0.3336057937
5303	0.3335853877
5304	0.3335698856
5305	0.3335450324
5306	0.3335283111
5307	0.3335120645
5308	0.3335012437
5309	0.3334781698
5310	0.3334501133
5311	0.3334313599
5312	0.3334125826
5313	0.3333952181
5314	0.3333703704
5315	0.3333437678
5316	0.3333195701
5317	0.3332968124
5318	0.3332809739
5319	0.3332529863
5320	0.3332297121
5321	0.3332136895
5322	0.333185595
5323	0.333164299
5324	0.3331293491
5325	0.3331020265
5326	0.33308963
5327	0.3330786412
5328	0.3330626492
5329	0.333036377
5330	0.3330203974
5331	0.3329955939
5332	0.3329757375
5333	0.3329565769
5334	0.3329369274
5335	0.3329113307
5336	0.3328986156
5337	0.3328688848
5338	0.3328494074
5339	0.3328243879
5340	0.3328037815
5341	0.3327890385
5342	0.3327561258
5343	0.332732542
5344	0.3327010181
5345	0.3326730727
5346	0.3326483413
5347	0.3326317526
5348	0.3326125273
5349	0.3325906274
5350	0.3325590328
5351	0.3325413666
5352	0.332509836
5353	0.3324867569
5354	0.33247308
5355	0.332454042
5356	0.3324410671
5357	0.3324275163
5358	0.3324098534
5359	0.3323936648
5360	0.3323784554
5361	0.3323626153
5362	0.3323327409
5363	0.3323098944
5364	0.3322956523
5365	0.3322730621
5366	0.3322659766
5367	0.3322450596
5368	0.3322261586
5369	0.3321990111
5370	0.3321763231
5371	0.332158888
5372	0.3321429343
5373	0.332120372
5374	0.3321009585
5375	0.3320834855
5376	0.3320682451
5377	0.332046225
5378	0.3320233248
5379	0.3320076731
5380	0.3319852296
5381	0.331960294
5382	0.3319360108
5383	0.3319161364
5384	0.3318943543
5385	0.3318820654
5386	0.3318569193
5387	0.3318277845
5388	0.3318054788
5389	0.3317935032
5390	0.3317726765
5391	0.331752557
5392	0.3317360947
5393	0.3317083802
5394	0.3316791986
5395	0.3316511649
5396	0.3316219104
5397	0.3315931061
5398	0.3315782915
5399	0.3315559857
5400	0.3315417702
5401	0.3315277589
5402	0.3315123679
5403	0.3314976755
5404	0.3314823219
5405	0.3314581643
5406	0.3314403651
5407	0.3314164198
5408	0.3314042068
5409	0.3313876192
5410	0.3313711976
5411	0.3313517081
5412	0.3313346652
5413	0.3313123905
5414	0.3312955401
5415	0.3312699197
5416	0.3312538151
5417	0.3312335361
5418	0.3312185099
5419	0.3312023204
5420	0.3311727316
5421	0.3311483337
5422	0.3311297368
5423	0.3310933767
5424	0.3310682686
5425	0.3310499867
5426	0.331019311
5427	0.3310072524
5428	0.3309836386
5429	0.3309587626
5430	0.3309346121
5431	0.3309142315
5432	0.3308924216
5433	0.3308747118
5434	0.3308545687
5435	0.3308287491
5436	0.3308097765
5437	0.3307912651
5438	0.3307552087
5439	0.3307434803
5440	0.3307227282
5441	0.3307033369
5442	0.3306889507
5443	0.3306716526
5444	0.3306551326
5445	0.3306345104
5446	0.3306127685
5447	0.3305991368
5448	0.3305888911
5449	0.3305756051
5450	0.3305527237
5451	0.3305443093
5452	0.3305196989
5453	0.3304996901
5454	0.3304779947
5455	0.330461242
5456	0.330441806
5457	0.3304118276
5458	0.3303949701
5459	0.3303725113
5460	0.3303500608
5461	0.330326511
5462	0.3302895413
5463	0.3302636868
5464	0.3302364953
5465	0.33021486
5466	0.3301841554
5467	0.3301607586
5468	0.3301445502
5469	0.3301309671
5470	0.3300964726
5471	0.3300819305
5472	0.3300619032
5473	0.3300385518
5474	0.3300200872
5475	0.3300020642
5476	0.3299858132
5477	0.3299650032
5478	0.3299352057
5479	0.3299164051
5480	0.3298913488
5481	0.3298637921
5482	0.3298336512
5483	0.3298214433
5484	0.329795532
5485	0.32977982
5486	0.3297615691
5487	0.3297334029
5488	0.3297066674
5489	0.3296858417
5490	0.3296680707
5491	0.3296532809
5492	0.3296295342
5493	0.3296082815
5494	0.3295834927
5495	0.3295568984
5496	0.3295382854
5497	0.3295228555
5498	0.3295066613
5499	0.3294801551
5500	0.329451711
5501	0.3294320145
5502	0.3294100065
5503	0.3293753749
5504	0.329352871
5505	0.3293355373
5506	0.3293096124
5507	0.3292942455
5508	0.3292747257
5509	0.3292532963
5510	0.3292309881
5511	0.329199623
5512	0.3291817878
5513	0.329166816
5514	0.3291517382
5515	0.3291386908
5516	0.3291245491
5517	0.3291010843
5518	0.3290787655
5519	0.3290483831
5520	0.3290180902
5521	0.3289948644
5522	0.3289805863
5523	0.328954808
5524	0.3289332495
5525	0.3289155093
5526	0.3288961095
5527	0.328875582
5528	0.3288624302
5529	0.3288419567
5530	0.3288242209
5531	0.32879743
5532	0.3287811017
5533	0.3287479681
5534	0.3287357962
5535	0.3287228272
5536	0.328705894
5537	0.3286823676
5538	0.3286608743
5539	0.3286323533
5540	0.3286072229
5541	0.3285848298
5542	0.3285625146
5543	0.3285447183
5544	0.3285212219
5545	0.328511425
5546	0.3284749922
5547	0.3284572596
5548	0.328433509
5549	0.3284170105
5550	0.3283833219
5551	0.3283605398
5552	0.328337109
5553	0.3283107865
5554	0.3282919435
5555	0.3282714179
5556	0.328255902
5557	0.3282249447
5558	0.3282048889
5559	0.3281837576
5560	0.3281697617
5561	0.3281544681
5562	0.3281300902
5563	0.3281107637
5564	0.3280870248
5565	0.3280697635
5566	0.3280509671
5567	0.3280373858
5568	0.3280122796
5569	0.3279904267
5570	0.3279720159
5571	0.3279514951
5572	0.3279346889
5573	0.3279039673
5574	0.3278824193
5575	0.3278542363
5576	0.327826221
5577	0.327800968
5578	0.3277815885
5579	0.3277660887
5580	0.3277349743
5581	0.3277137383
5582	0.3276926881
5583	0.327669389
5584	0.3276431705
5585	0.32762952
5586	0.3276060592
5587	0.3275760252
5588	0.3275553105
5589	0.3275345471
5590	0.3275030853
5591	0.3274773532
5592	0.3274553387
5593	0.3274303392
5594	0.3274103365
5595	0.3273950662
5596	0.3273809023
5597	0.3273623997
5598	0.3273442643
5599	0.3273200643
5600	0.3272896737
5601	0.3272612171
5602	0.327234517
5603	0.3272206465
5604	0.3271984192
5605	0.3271841059
5606	0.3271632692
5607	0.3271471774
5608	0.3271205775
5609	0.327099747
5610	0.3270893586
5611	0.3270710025
5612	0.3270484022
5613	0.3270345912
5614	0.3270148503
5615	0.3269947522
5616	0.32697222
5617	0.3269439466
5618	0.326919934
5619	0.3269006142
5620	0.3268836174
5621	0.326853811
5622	0.326832026
5623	0.3268156939
5624	0.3267935488
5625	0.3267725575
5626	0.3267426406
5627	0.3267280003
5628	0.3267150745
5629	0.32669429
5630	0.3266747453
5631	0.3266542182
5632	0.3266314601
5633	0.3266145749
5634	0.3265940296
5635	0.3265655793
5636	0.3265388032
5637	0.3265226945
5638	0.3264966627
5639	0.326471976
5640	0.3264519003
5641	0.3264308697
5642	0.3264176996
5643	0.3264020078
5644	0.3263809866
5645	0.3263507382
5646	0.3263270368
5647	0.3263105809
5648	0.3262971498
5649	0.3262679127
5650	0.3262419698
5651	0.3262166935
5652	0.326196932
5653	0.3261784944
5654	0.3261572305
5655	0.3261414918
5656	0.3261234324
5657	0.3261026059
5658	0.3260809747
5659	0.3260601401
5660	0.3260463984
5661	0.3260320615
5662	0.3260111008
5663	0.3260001583
5664	0.3259662752
5665	0.3259574022
5666	0.3259332112
5667	0.3259185018
5668	0.3258911675
5669	0.3258741397
5670	0.3258544316
5671	0.3258350208
5672	0.3258120802
5673	0.3257931573
5674	0.3257777728
5675	0.3257611327
5676	0.3257405982
5677	0.3257164763
5678	0.3256974044
5679	0.3256840918
5680	0.3256688675
5681	0.325654265
5682	0.3256332907
5683	0.3256238499
5684	0.3256046817
5685	0.3255819591
5686	0.3255717257
5687	0.3255382086
5688	0.3255192769
5689	0.3255070109
5690	0.3254902023
5691	0.3254646587
5692	0.3254432977
5693	0.3254264798
5694	0.3254098738
5695	0.3253941159
5696	0.3253790389
5697	0.3253640626
5698	0.3253416683
5699	0.3253195134
5700	0.3253046687
5701	0.3252901014
5702	0.3252706682
5703	0.3252447309
5704	0.3252189162
5705	0.3251965226
5706	0.3251816357
5707	0.3251579003
5708	0.3251340226
5709	0.3251130522
5710	0.3250966888
5711	0.3250856065
5712	0.3250628842
5713	0.3250404469
5714	0.3250142962
5715	0.3249908249
5716	0.3249757879
5717	0.3249573093
5718	0.3249370315
5719	0.3249223752
5720	0.3249117374
5721	0.3248947266
5722	0.3248807099
5723	0.3248499205
5724	0.3248260248
5725	0.3248125427
5726	0.3247863698
5727	0.3247728282
5728	0.3247520002
5729	0.3247363397
5730	0.3247139586
5731	0.3246865293
5732	0.3246675166
5733	0.3246433467
5734	0.3246196955
5735	0.3246046581
5736	0.3245833151
5737	0.3245609817
5738	0.3245386996
5739	0.3245272386
5740	0.3245011283
5741	0.3244702655
5742	0.3244558207
5743	0.3244327493
5744	0.3244251095
5745	0.324393159
5746	0.3243702381
5747	0.3243469417
5748	0.3243188639
5749	0.324304874
5750	0.3242796159
5751	0.3242603119
5752	0.324236698
5753	0.3242207212
5754	0.3242036421
5755	0.3241877871
5756	0.3241636932
5757	0.3241478045
5758	0.3241220266
5759	0.3241088816
5760	0.3240856187
5761	0.3240690655
5762	0.324054247
5763	0.324034774
5764	0.3240182337
5765	0.3240015945
5766	0.3239847202
5767	0.3239634921
5768	0.3239401624
5769	0.3239164644
5770	0.3239006443
5771	0.3238878924
5772	0.3238683639
5773	0.3238433718
5774	0.3238253379
5775	0.3237959439
5776	0.3237803083
5777	0.3237682836
5778	0.3237528275
5779	0.3237277729
5780	0.3237091875
5781	0.3236871001
5782	0.3236659226
5783	0.3236557738
5784	0.3236350273
5785	0.3236125251
5786	0.3235981699
5787	0.3235772995
5788	0.3235643231
5789	0.3235477863
5790	0.3235183027
5791	0.3234962624
5792	0.3234635463
5793	0.3234408345
5794	0.3234296038
5795	0.3233989581
5796	0.3233734757
5797	0.3233551922
5798	0.3233323356
5799	0.3233041434
5800	0.3232835233
5801	0.3232655412
5802	0.323243781
5803	0.323225013
5804	0.3232028362
5805	0.3231826376
5806	0.3231557643
5807	0.3231326489
5808	0.3231086205
5809	0.3230915924
5810	0.3230764423
5811	0.3230583936
5812	0.3230432686
5813	0.3230259414
5814	0.3230000831
5815	0.3229825206
5816	0.3229745258
5817	0.3229498661
5818	0.3229366916
5819	0.3229249888
5820	0.3228995495
5821	0.3228707014
5822	0.3228437664
5823	0.3228242107
5824	0.3227989156
5825	0.3227787246
5826	0.32276577
5827	0.3227496901
5828	0.3227258479
5829	0.3227015883
5830	0.322676428
5831	0.3226375773
5832	0.3226227611
5833	0.3226053385
5834	0.3225855799
5835	0.3225744541
5836	0.3225466263
5837	0.3225244491
5838	0.322511168
5839	0.3225030985
5840	0.3224797309
5841	0.3224530452
5842	0.3224271614
5843	0.3224080926
5844	0.3223923285
5845	0.32237037
5846	0.3223568326
5847	0.3223318697
5848	0.3223108021
5849	0.3222866096
5850	0.3222664737
5851	0.3222419659
5852	0.3222177282
5853	0.3221932281
5854	0.3221732763
5855	0.3221461873
5856	0.3221271295
5857	0.3221079131
5858	0.3220863177
5859	0.3220672662
5860	0.3220488323
5861	0.3220289056
5862	0.3220119904
5863	0.3220037695
5864	0.3219909061
5865	0.3219645084
5866	0.3219436086
5867	0.3219157872
5868	0.3218955479
5869	0.3218836659
5870	0.3218666386
5871	0.3218444711
5872	0.3218204089
5873	0.3218009288
5874	0.321780588
5875	0.3217588159
5876	0.3217257114
5877	0.3217084795
5878	0.321688798
5879	0.3216769324
5880	0.3216540568
5881	0.321642089
5882	0.3216313565
5883	0.3216090005
5884	0.3215954637
5885	0.3215752743
5886	0.3215504425
5887	0.3215342358
5888	0.3215180096
5889	0.3215073231
5890	0.3214918893
5891	0.3214717438
5892	0.3214585034
5893	0.3214362455
5894	0.3214099982
5895	0.3213925759
5896	0.3213689843
5897	0.3213538478
5898	0.3213349874
5899	0.3213176971
5900	0.3213067805
5901	0.3212772462
5902	0.3212583103
5903	0.3212316335
5904	0.3212018917
5905	0.3211811165
5906	0.321161438
5907	0.3211379421
5908	0.3211138313
5909	0.3210896382
5910	0.3210749989
5911	0.3210584242
5912	0.321042632
5913	0.3210195938
5914	0.3210001889
5915	0.3209854296
5916	0.320957272
5917	0.3209334889
5918	0.320913536
5919	0.3208874573
5920	0.3208601804
5921	0.3208314493
5922	0.3208109336
5923	0.3207927947
5924	0.3207754061
5925	0.3207489316
5926	0.3207282582
5927	0.3207089548
5928	0.3206797589
5929	0.3206577728
5930	0.3206440516
5931	0.3206306909
5932	0.3206065414
5933	0.3205864336
5934	0.3205747969
5935	0.3205542754
5936	0.3205349242
5937	0.3205210271
5938	0.3205048501
5939	0.3204831489
5940	0.3204626915
5941	0.3204430918
5942	0.3204227604
5943	0.3204097909
5944	0.3203899698
5945	0.3203741992
5946	0.3203522012
5947	0.3203344045
5948	0.3203182626
5949	0.3203030741
5950	0.320276236
5951	0.3202619115
5952	0.320246502
5953	0.3202273284
5954	0.3202100176
5955	0.3201859929
5956	0.3201677291
5957	0.3201517832
5958	0.3201325502
5959	0.3201133456
5960	0.3200895733
5961	0.320067679
5962	0.3200408998
5963	0.3200251235
5964	0.3200132096
5965	0.3200002601
5966	0.3199768774
5967	0.319958805
5968	0.3199402702
5969	0.3199153867
5970	0.3199002117
5971	0.319879426
5972	0.3198658363
5973	0.3198440999
5974	0.3198296533
5975	0.31980819
5976	0.3197935088
5977	0.3197751741
5978	0.319751983
5979	0.3197383822
5980	0.3197216138
5981	0.3197002215
5982	0.3196909491
5983	0.3196680033
5984	0.31965494
5985	0.3196302927
5986	0.319607431
5987	0.3195895075
5988	0.3195656885
5989	0.3195480231
5990	0.3195270377
5991	0.3195102793
5992	0.3194862486
5993	0.3194672216
5994	0.3194472639
5995	0.3194294617
5996	0.3194059699
5997	0.3193886547
5998	0.3193803831
5999	0.3193600322
6000	0.3193360484
6001	0.3193096426
6002	0.3192902936
6003	0.3192688941
6004	0.3192492127
6005	0.3192206299
6006	0.3192079078
6007	0.3191847654
6008	0.3191644232
6009	0.3191501612
6010	0.319123245
6011	0.3190961343
6012	0.3190774519
6013	0.319050051
6014	0.3190316213
6015	0.3190077482
6016	0.318985943
6017	0.3189517572
6018	0.3189300198
6019	0.3189143735
6020	0.3188899634
6021	0.3188664225
6022	0.3188538505
6023	0.3188362264
6024	0.3188113925
6025	0.3187903106
6026	0.3187695567
6027	0.3187490137
6028	0.3187276357
6029	0.3187091899
6030	0.3186846995
6031	0.3186704474
6032	0.3186400046
6033	0.3186161812
6034	0.318599439
6035	0.3185808868
6036	0.318567795
6037	0.3185452146
6038	0.3185220877
6039	0.3185045387
6040	0.3184850985
6041	0.3184613521
6042	0.3184414177
6043	0.3184174418
6044	0.3184005549
6045	0.318373454
6046	0.3183477774
6047	0.3183331143
6048	0.3183116907
6049	0.3182949262
6050	0.3182782517
6051	0.3182592762
6052	0.3182471135
6053	0.3182255152
6054	0.3182126072
6055	0.3181913634
6056	0.3181741395
6057	0.318158082
6058	0.3181424007
6059	0.318109919
6060	0.3180918946
6061	0.3180767564
6062	0.3180542163
6063	0.3180402209
6064	0.3180190579
6065	0.317995401
6066	0.3179750936
6067	0.3179520783
6068	0.3179332096
6069	0.3179173513
6070	0.3178940745
6071	0.317878407
6072	0.3178642193
6073	0.31783598
6074	0.3178190013
6075	0.3177926877
6076	0.317765222
6077	0.3177427517
6078	0.3177214944
6079	0.3176885099
6080	0.3176683264
6081	0.3176422678
6082	0.3176224593
6083	0.3175996507
6084	0.3175785402
6085	0.3175549311
6086	0.3175437333
6087	0.3175322945
6088	0.3175182398
6089	0.3174940223
6090	0.3174726734
6091	0.3174584228
6092	0.3174302705
6093	0.3174112836
6094	0.317387267
6095	0.3173762394
6096	0.3173482851
6097	0.3173272149
6098	0.3173063028
6099	0.3172862604
6100	0.3172679091
6101	0.3172560303
6102	0.317236658
6103	0.3172094992
6104	0.3171886013
6105	0.3171632117
6106	0.3171442123
6107	0.3171266575
6108	0.3171022485
6109	0.3170774913
6110	0.3170638186
6111	0.3170499419
6112	0.3170341006
6113	0.3170180978
6114	0.3169943457
6115	0.3169676758
6116	0.316942354
6117	0.3169273569
6118	0.3169131276
6119	0.3168927946
6120	0.3168767514
6121	0.3168601437
6122	0.3168379819
6123	0.3168123787
6124	0.3167903941
6125	0.3167762075
6126	0.316760582
6127	0.3167383445
6128	0.3167258356
6129	0.3167081872
6130	0.3166882712
6131	0.3166675803
6132	0.3166526176
6133	0.3166290672
6134	0.3166071114
6135	0.3165860484
6136	0.3165673115
6137	0.316546485
6138	0.3165255278
6139	0.3165065018
6140	0.3164912832
6141	0.3164710888
6142	0.3164436419
6143	0.3164229812
6144	0.3163950708
6145	0.3163746907
6146	0.316353536
6147	0.3163324652
6148	0.3163030184
6149	0.316279803
6150	0.3162667472
6151	0.316247101
6152	0.3162343063
6153	0.3162103053
6154	0.3161872869
6155	0.3161623415
6156	0.3161398912
6157	0.3161271638
6158	0.3161097556
6159	0.3160910667
6160	0.316065898
6161	0.3160504841
6162	0.3160289642
6163	0.3160106508
6164	0.3159930986
6165	0.3159711667
6166	0.3159641329
6167	0.3159421762
6168	0.3159184744
6169	0.3158935871
6170	0.3158690992
6171	0.3158399738
6172	0.315821615
6173	0.3157946868
6174	0.3157797725
6175	0.3157622943
6176	0.3157429346
6177	0.3157341303
6178	0.3157179888
6179	0.3157026952
6180	0.3156828384
6181	0.3156602983
6182	0.3156433021
6183	0.3156190113
6184	0.3156106796
6185	0.3155889728
6186	0.3155659052
6187	0.3155483359
6188	0.3155305747
6189	0.3155063596
6190	0.3154906039
6191	0.3154761239
6192	0.3154571103
6193	0.3154341442
6194	0.3154195406
6195	0.3154097861
6196	0.315389069
6197	0.3153717488
6198	0.3153503361
6199	0.3153256114
6200	0.3153081118
6201	0.3152910958
6202	0.3152754081
6203	0.315257148
6204	0.3152424451
6205	0.3152295403
6206	0.3151771395
6207	0.3151638739
6208	0.3151508592
6209	0.315128408
6210	0.3151011064
6211	0.3150837333
6212	0.3150625413
6213	0.3150479196
6214	0.3150367371
6215	0.3150072777
6216	0.3149806222
6217	0.3149593374
6218	0.3149456331
6219	0.3149326653
6220	0.3149140477
6221	0.3148955302
6222	0.3148821629
6223	0.3148573395
6224	0.314846246
6225	0.3148164665
6226	0.3147869571
6227	0.3147701654
6228	0.3147513012
6229	0.3147161426
6230	0.3146949949
6231	0.3146810755
6232	0.3146563801
6233	0.3146368091
6234	0.3146198078
6235	0.3145988452
6236	0.3145904948
6237	0.314569541
6238	0.3145544009
6239	0.3145427025
6240	0.3145214302
6241	0.3144985771
6242	0.3144730233
6243	0.3144500436
6244	0.3144330927
6245	0.3144242613
6246	0.3144119742
6247	0.3143943604
6248	0.3143781658
6249	0.3143633423
6250	0.3143389641
6251	0.3143196183
6252	0.3143051403
6253	0.3142919887
6254	0.3142652603
6255	0.3142456669
6256	0.3142186534
6257	0.3141970114
6258	0.3141752545
6259	0.3141567575
6260	0.3141356587
6261	0.314109734
6262	0.314075647
6263	0.3140519055
6264	0.3140410394
6265	0.3140095565
6266	0.3139878932
6267	0.3139692334
6268	0.3139373985
6269	0.3139141144
6270	0.3138865407
6271	0.3138674921
6272	0.3138490853
6273	0.313826149
6274	0.3138114197
6275	0.3137880928
6276	0.3137678124
6277	0.3137578303
6278	0.3137386215
6279	0.3137210168
6280	0.3136972747
6281	0.3136797794
6282	0.3136612912
6283	0.3136444503
6284	0.313625346
6285	0.3136047476
6286	0.3135904858
6287	0.313571563
6288	0.3135511253
6289	0.3135310223
6290	0.3135103638
6291	0.313489648
6292	0.3134723555
6293	0.3134609988
6294	0.3134347694
6295	0.3134208912
6296	0.3133993001
6297	0.3133823981
6298	0.3133610871
6299	0.3133421086
6300	0.3133164272
6301	0.3132888399
6302	0.3132741242
6303	0.3132602608
6304	0.3132424815
6305	0.3132257447
6306	0.3131977822
6307	0.3131840193
6308	0.3131657861
6309	0.3131478913
6310	0.31312998
6311	0.3131197791
6312	0.3130955454
6313	0.3130767827
6314	0.3130657578
6315	0.3130574996
6316	0.3130377528
6317	0.3130175296
6318	0.3130009093
6319	0.3129859263
6320	0.3129645128
6321	0.3129441956
6322	0.3129252376
6323	0.3128969647
6324	0.3128760223
6325	0.3128638809
6326	0.3128491705
6327	0.3128307452
6328	0.3128042827
6329	0.3127752885
6330	0.3127577022
6331	0.3127439193
6332	0.3127180943
6333	0.3126968422
6334	0.3126742622
6335	0.3126571441
6336	0.3126429746
6337	0.3126254168
6338	0.31260985
6339	0.31259389
6340	0.3125715384
6341	0.3125568533
6342	0.3125311391
6343	0.3125105271
6344	0.3124854375
6345	0.3124658823
6346	0.3124488156
6347	0.3124356756
6348	0.3124088752
6349	0.312385056
6350	0.3123666364
6351	0.3123449024
6352	0.3123179092
6353	0.3122987319
6354	0.3122856177
6355	0.312267652
6356	0.3122551393
6357	0.3122350015
6358	0.3122123683
6359	0.3121876967
6360	0.3121623969
6361	0.3121477985
6362	0.3121308545
6363	0.3121150787
6364	0.3120985833
6365	0.3120847305
6366	0.3120647127
6367	0.312045106
6368	0.312028459
6369	0.312010527
6370	0.3119921736
6371	0.3119626157
6372	0.3119405956
6373	0.311922704
6374	0.3119006801
6375	0.3118910677
6376	0.3118750915
6377	0.3118626162
6378	0.3118470676
6379	0.3118235554
6380	0.3118064027
6381	0.3117911537
6382	0.3117651279
6383	0.3117513228
6384	0.3117408295
6385	0.3117265636
6386	0.3117043156
6387	0.3116835803
