iter	Passed	Remaining
0	91	911654
1	156	782030
2	254	848407
3	308	769848
4	333	666761
5	359	598062
6	388	555206
7	414	517481
8	465	516744
9	495	494810
10	527	478837
11	613	510709
12	642	493710
13	670	478051
14	728	485211
15	786	490502
16	827	485932
17	872	484079
18	916	481501
19	977	487603
20	1017	483518
21	1060	481148
22	1122	487122
23	1176	489046
24	1223	487985
25	1282	491895
26	1326	489832
27	1359	484239
28	1392	478733
29	1422	472665
30	1447	465622
31	1476	460070
32	1506	454933
33	1558	456716
34	1603	456624
35	1641	454225
36	1698	457302
37	1727	453007
38	1763	450475
39	1801	448463
40	1841	447194
41	1883	446587
42	1914	443204
43	1936	438167
44	1956	432862
45	1988	430385
46	2010	425779
47	2033	421672
48	2095	425604
49	2141	426143
50	2177	424707
51	2254	431331
52	2364	443739
53	2427	447167
54	2509	453680
55	2616	464675
56	2661	464223
57	2730	468108
58	2766	466094
59	2797	463379
60	2838	462527
61	2893	463757
62	2947	464853
63	2995	465120
64	3040	464771
65	3069	462002
66	3103	460097
67	3144	459262
68	3175	457056
69	3204	454551
70	3241	453306
71	3273	451389
72	3283	446547
73	3309	443870
74	3332	440980
75	3352	437803
76	3377	435319
77	3496	444747
78	3545	445228
79	3582	444210
80	3608	441846
81	3639	440257
82	3666	438098
83	3789	447332
84	3909	455976
85	3955	455996
86	4016	457681
87	4059	457280
88	4107	457413
89	4148	456804
90	4198	457172
91	4259	458718
92	4305	458598
93	4343	457679
94	4403	459161
95	4443	458403
96	4510	460481
97	4561	460897
98	4609	460956
99	4651	460538
100	4700	460685
101	4751	461038
102	4815	462671
103	4866	463080
104	4896	461474
105	4936	460761
106	4965	459119
107	5011	459023
108	5057	458945
109	5111	459566
110	5168	460459
111	5213	460288
112	5240	458518
113	5270	457042
114	5298	455406
115	5341	455129
116	5417	457633
117	5470	458132
118	5525	458837
119	5583	459725
120	5624	459209
121	5684	460268
122	5768	463209
123	5847	465709
124	5955	470464
125	6029	472466
126	6103	474450
127	6140	473620
128	6169	472074
129	6193	470205
130	6207	467648
131	6226	465490
132	6246	463408
133	6278	462229
134	6308	460982
135	6366	461776
136	6392	460222
137	6419	458778
138	6447	457380
139	6471	455806
140	6514	455491
141	6572	456297
142	6634	457343
143	6731	460756
144	6800	462199
145	6849	462315
146	6887	461654
147	6920	460675
148	6974	461136
149	7031	461749
150	7094	462761
151	7188	465742
152	7241	466048
153	7303	466979
154	7356	467235
155	7393	466572
156	7444	466740
157	7492	466734
158	7543	466883
159	7590	466791
160	7633	466495
161	7699	467585
162	7751	467783
163	7814	468692
164	7865	468810
165	7937	470252
166	8023	472428
167	8086	473246
168	8143	473725
169	8183	473223
170	8235	473393
171	8292	473814
172	8366	475229
173	8419	475453
174	8460	475000
175	8514	475285
176	8564	475296
177	8616	475467
178	8650	474639
179	8679	473535
180	8714	472755
181	8732	471098
182	8747	469233
183	8761	467419
184	8774	465544
185	8787	463647
186	8815	462610
187	8876	463284
188	8946	464403
189	8998	464611
190	9047	464650
191	9102	464963
192	9134	464163
193	9161	463072
194	9192	462217
195	9220	461197
196	9251	460358
197	9281	459484
198	9310	458535
199	9345	457937
200	9395	458043
201	9440	457915
202	9487	457887
203	9543	458256
204	9572	457368
205	9597	456279
206	9624	455331
207	9656	454575
208	9672	453132
209	9689	451731
210	9705	450269
211	9718	448699
212	9732	447172
213	9743	445580
214	9757	444063
215	9778	442909
216	9829	443161
217	9859	442416
218	9907	442486
219	9957	442657
220	9989	442009
221	10021	441387
222	10075	441759
223	10118	441600
224	10164	441585
225	10212	441667
226	10271	442208
227	10322	442401
228	10358	441985
229	10389	441334
230	10422	440759
231	10456	440242
232	10482	439424
233	10507	438531
234	10539	437934
235	10566	437186
236	10596	436498
237	10623	435751
238	10649	434919
239	10677	434216
240	10706	433558
241	10736	432939
242	10764	432223
243	10797	431713
244	10822	430913
245	10851	430274
246	10880	429621
247	10909	428990
248	10938	428347
249	10964	427604
250	10992	426975
251	11026	426532
252	11062	426203
253	11106	426160
254	11152	426199
255	11203	426422
256	11248	426426
257	11304	426861
258	11362	427341
259	11401	427103
260	11474	428146
261	11527	428468
262	11551	427673
263	11614	428326
264	11683	429215
265	11738	429558
266	11787	429697
267	11848	430244
268	11876	429627
269	11930	429945
270	11972	429833
271	12024	430049
272	12073	430194
273	12126	430452
274	12161	430066
275	12252	431666
276	12297	431641
277	12322	430933
278	12367	430897
279	12426	431361
280	12508	432637
281	12567	433075
282	12624	433479
283	12679	433791
284	12731	433985
285	12794	434570
286	12844	434691
287	12878	434306
288	12926	434353
289	12983	434712
290	13035	434919
291	13100	435532
292	13158	435923
293	13215	436288
294	13263	436357
295	13305	436205
296	13352	436240
297	13405	436439
298	13439	436026
299	13465	435383
300	13499	435002
301	13555	435309
302	13578	434553
303	13614	434239
304	13653	433993
305	13677	433297
306	13702	432643
307	13718	431679
308	13760	431562
309	13861	433272
310	13999	436142
311	14058	436523
312	14091	436116
313	14120	435565
314	14163	435457
315	14208	435417
316	14261	435634
317	14316	435896
318	14373	436211
319	14434	436650
320	14472	436389
321	14531	436749
322	14604	437532
323	14635	437067
324	14687	437225
325	14755	437864
326	14818	438347
327	14863	438287
328	14890	437706
329	14942	437870
330	15018	438705
331	15068	438813
332	15108	438612
333	15140	438155
334	15183	438068
335	15225	437913
336	15300	438730
337	15364	439205
338	15405	439026
339	15440	438683
340	15482	438561
341	15524	438419
342	15618	439744
343	15683	440242
344	15725	440092
345	15787	440490
346	15843	440727
347	15884	440563
348	15935	440679
349	15987	440792
350	16037	440864
351	16136	442274
352	16238	443772
353	16365	445937
354	16408	445794
355	16425	444958
356	16442	444123
357	16515	444800
358	16573	445074
359	16629	445295
360	16690	445650
361	16732	445499
362	16760	444953
363	16801	444773
364	16847	444714
365	16889	444583
366	16975	445571
367	17042	446070
368	17098	446286
369	17161	446653
370	17210	446695
371	17271	447019
372	17349	447776
373	17385	447467
374	17419	447094
375	17449	446638
376	17478	446143
377	17508	445685
378	17544	445363
379	17573	444892
380	17603	444422
381	17632	443963
382	17665	443576
383	17711	443513
384	17754	443398
385	17781	442889
386	17812	442455
387	17842	442014
388	17870	441514
389	17894	440939
390	17928	440593
391	17973	440530
392	18018	440460
393	18049	440060
394	18083	439734
395	18120	439469
396	18148	438998
397	18182	438671
398	18216	438339
399	18250	438021
400	18278	437535
401	18336	437799
402	18386	437856
403	18429	437751
404	18462	437401
405	18497	437101
406	18550	437232
407	18590	437066
408	18622	436702
409	18653	436314
410	18686	435978
411	18714	435521
412	18755	435381
413	18796	435235
414	18869	435813
415	18921	435930
416	18972	436006
417	19042	436511
418	19075	436176
419	19099	435656
420	19142	435538
421	19172	435157
422	19208	434895
423	19279	435422
424	19348	435900
425	19386	435691
426	19458	436240
427	19524	436665
428	19570	436622
429	19631	436908
430	19662	436539
431	19694	436188
432	19727	435872
433	19759	435520
434	19805	435487
435	19845	435317
436	19868	434789
437	19899	434429
438	19949	434486
439	20036	435348
440	20119	436114
441	20168	436127
442	20229	436415
443	20289	436685
444	20334	436615
445	20404	437093
446	20459	437251
447	20524	437608
448	20584	437859
449	20643	438091
450	20704	438373
451	20744	438198
452	20802	438406
453	20863	438685
454	20929	439054
455	21017	439884
456	21064	439869
457	21134	440318
458	21213	440951
459	21297	441700
460	21389	442586
461	21437	442573
462	21489	442649
463	21523	442342
464	21554	441988
465	21583	441583
466	21609	441126
467	21644	440840
468	21675	440483
469	21708	440174
470	21732	439673
471	21762	439310
472	21797	439040
473	21827	438666
474	21863	438415
475	21916	438510
476	21942	438064
477	21984	437940
478	22012	437544
479	22034	437020
480	22069	436751
481	22102	436462
482	22135	436156
483	22165	435793
484	22200	435536
485	22244	435460
486	22278	435192
487	22309	434860
488	22338	434474
489	22383	434425
490	22450	434796
491	22547	435725
492	22619	436187
493	22665	436155
494	22734	436541
495	22783	436555
496	22837	436660
497	22976	438404
498	23031	438517
499	23074	438410
500	23153	438987
501	23196	438891
502	23227	438548
503	23270	438436
504	23306	438204
505	23350	438119
506	23408	438299
507	23453	438226
508	23512	438431
509	23570	438592
510	23616	438551
511	23676	438754
512	23740	439029
513	23781	438895
514	23858	439418
515	23901	439300
516	23929	438915
517	23957	438545
518	24016	438721
519	24070	438825
520	24100	438477
521	24132	438178
522	24170	437976
523	24225	438089
524	24252	437695
525	24286	437436
526	24325	437265
527	24359	436998
528	24391	436689
529	24431	436537
530	24465	436284
531	24491	435879
532	24530	435710
533	24571	435576
534	24600	435220
535	24635	434988
536	24669	434719
537	24729	434920
538	24756	434542
539	24791	434318
540	24831	434152
541	24879	434150
542	24909	433824
543	24943	433582
544	24970	433208
545	25003	432936
546	25018	432355
547	25038	431863
548	25054	431318
549	25074	430817
550	25086	430209
551	25113	429844
552	25159	429806
553	25234	430256
554	25296	430493
555	25381	431122
556	25432	431162
557	25478	431126
558	25503	430725
559	25532	430407
560	25576	430335
561	25611	430103
562	25638	429748
563	25679	429639
564	25727	429619
565	25754	429268
566	25786	429005
567	25797	428383
568	25835	428221
569	25857	427784
570	25880	427373
571	25914	427131
572	25936	426708
573	25958	426281
574	25982	425892
575	26010	425566
576	26038	425236
577	26063	424858
578	26085	424433
579	26116	424164
580	26143	423825
581	26166	423430
582	26195	423134
583	26233	422969
584	26262	422672
585	26308	422634
586	26346	422491
587	26385	422354
588	26445	422537
589	26501	422669
590	26543	422589
591	26602	422771
592	26654	422828
593	26716	423051
594	26771	423175
595	26817	423142
596	26864	423130
597	26906	423038
598	26939	422796
599	26971	422560
600	27017	422531
601	27064	422510
602	27129	422781
603	27177	422782
604	27227	422806
605	27293	423092
606	27333	422974
607	27363	422687
608	27433	423040
609	27485	423089
610	27539	423195
611	27586	423180
612	27637	423217
613	27698	423414
614	27769	423770
615	27819	423795
616	27875	423909
617	27943	424218
618	28027	424758
619	28091	424992
620	28150	425160
621	28207	425284
622	28242	425087
623	28265	424708
624	28281	424222
625	28299	423772
626	28311	423234
627	28329	422774
628	28348	422339
629	28365	421877
630	28377	421343
631	28390	420830
632	28403	420303
633	28415	419773
634	28430	419296
635	28447	418837
636	28462	418362
637	28479	417907
638	28495	417440
639	28511	416982
640	28527	416513
641	28543	416052
642	28555	415543
643	28568	415044
644	28585	414595
645	28601	414148
646	28614	413651
647	28637	413303
648	28664	413002
649	28699	412827
650	28732	412621
651	28756	412290
652	28782	411990
653	28811	411731
654	28845	411546
655	28872	411262
656	28922	411304
657	28969	411292
658	29020	411348
659	29068	411363
660	29103	411187
661	29145	411120
662	29184	410997
663	29247	411220
664	29306	411397
665	29380	411764
666	29433	411842
667	29499	412115
668	29554	412211
669	29623	412516
670	29679	412634
671	29730	412687
672	29756	412397
673	29811	412496
674	29882	412823
675	29960	413238
676	30025	413477
677	30071	413461
678	30140	413760
679	30186	413736
680	30221	413562
681	30250	413302
682	30276	413004
683	30309	412814
684	30340	412589
685	30377	412445
686	30411	412261
687	30440	412002
688	30468	411742
689	30500	411539
690	30533	411345
691	30580	411338
692	30621	411250
693	30668	411235
694	30695	410961
695	30727	410758
696	30758	410540
697	30806	410542
698	30846	410453
699	30895	410468
700	30964	410754
701	31029	410981
702	31069	410883
703	31104	410718
704	31142	410600
705	31187	410558
706	31250	410763
707	31311	410941
708	31345	410762
709	31392	410757
710	31446	410834
711	31488	410766
712	31531	410703
713	31555	410400
714	31583	410149
715	31620	410003
716	31643	409692
717	31667	409377
718	31704	409242
719	31729	408951
720	31763	408786
721	31784	408438
722	31821	408310
723	31858	408170
724	31913	408278
725	31972	408420
726	32036	408636
727	32090	408714
728	32193	409423
729	32249	409523
730	32296	409512
731	32372	409868
732	32410	409754
733	32438	409500
734	32478	409405
735	32504	409129
736	32529	408847
737	32567	408730
738	32605	408605
739	32638	408422
740	32691	408490
741	32749	408612
742	32804	408715
743	32897	409278
744	32952	409358
745	33051	410001
746	33136	410463
747	33184	410459
748	33242	410585
749	33296	410660
750	33364	410905
751	33425	411066
752	33480	411145
753	33515	410989
754	33558	410929
755	33620	411093
756	33673	411153
757	33732	411291
758	33770	411165
759	33805	410997
760	33854	411015
761	33928	411326
762	33994	411541
763	34046	411584
764	34103	411695
765	34167	411880
766	34226	412015
767	34282	412104
768	34349	412324
769	34401	412370
770	34479	412730
771	34660	414307
772	34765	414987
773	34887	415853
774	34999	416608
775	35113	417383
776	35211	417959
777	35286	418261
778	35330	418200
779	35344	417785
780	35440	418337
781	35517	418674
782	35613	419215
783	35655	419139
784	35712	419224
785	35777	419405
786	35999	421430
787	36182	422989
788	36262	423335
789	36343	423700
790	36428	424111
791	36487	424208
792	36549	424351
793	36616	424545
794	36676	424660
795	36740	424820
796	36809	425046
797	36880	425277
798	36984	425899
799	37050	426083
800	37082	425872
801	37099	425490
802	37117	425114
803	37154	424970
804	37222	425164
805	37342	425963
806	37397	426014
807	37470	426272
808	37536	426452
809	37588	426463
810	37651	426611
811	37746	427113
812	37806	427218
813	37887	427558
814	37975	427985
815	38051	428270
816	38114	428401
817	38174	428502
818	38256	428858
819	38353	429375
820	38412	429467
821	38510	429989
822	38534	429684
823	38549	429282
824	38595	429223
825	38654	429317
826	38693	429184
827	38734	429075
828	38779	429001
829	38807	428758
830	38839	428538
831	38857	428179
832	38871	427778
833	38894	427470
834	38914	427122
835	38969	427172
836	39021	427188
837	39095	427439
838	39159	427578
839	39207	427549
840	39267	427642
841	39301	427462
842	39330	427220
843	39434	427794
844	39542	428413
845	39614	428642
846	39664	428626
847	39711	428584
848	39791	428897
849	39820	428651
850	39895	428911
851	39929	428730
852	39963	428546
853	40002	428409
854	40030	428159
855	40065	427993
856	40095	427759
857	40121	427500
858	40172	427497
859	40210	427350
860	40243	427165
861	40281	427023
862	40305	426732
863	40331	426467
864	40365	426291
865	40417	426301
866	40447	426069
867	40480	425884
868	40503	425589
869	40528	425320
870	40560	425118
871	40606	425059
872	40635	424837
873	40673	424702
874	40711	424562
875	40754	424480
876	40817	424601
877	40858	424498
878	40912	424531
879	40963	424534
880	40981	424185
881	41023	424090
882	41053	423879
883	41080	423629
884	41112	423439
885	41144	423240
886	41175	423035
887	41190	422662
888	41202	422268
889	41217	421899
890	41228	421497
891	41244	421134
892	41263	420813
893	41344	421126
894	41379	420964
895	41422	420883
896	41493	421091
897	41568	421336
898	41613	421273
899	41640	421036
900	41674	420864
901	41738	420990
902	41790	421004
903	41818	420771
904	41846	420550
905	41896	420538
906	41941	420479
907	41998	420539
908	42023	420284
909	42050	420039
910	42075	419783
911	42100	419522
912	42178	419799
913	42250	420005
914	42370	420699
915	42480	421282
916	42568	421650
917	42639	421842
918	42756	422495
919	42810	422520
920	42879	422696
921	42955	422939
922	43038	423251
923	43092	423278
924	43173	423564
925	43246	423778
926	43306	423866
927	43332	423617
928	43368	423457
929	43381	423081
930	43394	422715
931	43411	422379
932	43434	422103
933	43491	422152
934	43562	422349
935	43623	422443
936	43686	422551
937	43744	422617
938	43794	422602
939	43847	422615
940	43889	422520
941	43913	422255
942	43946	422086
943	43968	421795
944	44000	421611
945	44025	421359
946	44046	421069
947	44082	420919
948	44108	420676
949	44140	420496
950	44166	420258
951	44195	420045
952	44226	419849
953	44250	419593
954	44286	419442
955	44310	419189
956	44332	418912
957	44393	419003
958	44448	419037
959	44488	418935
960	44500	418563
961	44515	418222
962	44528	417860
963	44542	417514
964	44563	417233
965	44579	416907
966	44604	416662
967	44632	416448
968	44664	416271
969	44687	416003
970	44700	415651
971	44716	415325
972	44729	414975
973	44743	414634
974	44766	414378
975	44795	414178
976	44840	414123
977	44898	414189
978	44955	414238
979	45011	414293
980	45061	414280
981	45103	414195
982	45144	414107
983	45176	413938
984	45217	413844
985	45243	413614
986	45331	413950
987	45357	413727
988	45393	413593
989	45404	413229
990	45415	412862
991	45425	412494
992	45472	412453
993	45507	412311
994	45559	412328
995	45610	412326
996	45631	412060
997	45659	411848
998	45698	411744
999	45731	411586
1000	45775	411522
1001	45898	412173
1002	45957	412245
1003	46497	416621
1004	46640	417448
1005	46678	417325
1006	46703	417083
1007	46722	416790
1008	46787	416910
1009	46839	416916
1010	46878	416808
1011	46956	417044
1012	47001	416985
1013	47028	416763
1014	47077	416740
1015	47123	416686
1016	47163	416589
1017	47202	416475
1018	47266	416586
1019	47305	416477
1020	47351	416422
1021	47390	416313
1022	47443	416327
1023	47472	416129
1024	47497	415889
1025	47525	415686
1026	47557	415515
1027	47592	415368
1028	47617	415140
1029	47658	415045
1030	47684	414820
1031	47709	414592
1032	47735	414372
1033	47763	414167
1034	47787	413929
1035	47813	413706
1036	47839	413486
1037	47866	413271
1038	47892	413052
1039	47919	412845
1040	47942	412602
1041	47972	412415
1042	48017	412358
1043	48068	412358
1044	48090	412101
1045	48112	411852
1046	48133	411590
1047	48165	411425
1048	48199	411277
1049	48254	411312
1050	48298	411246
1051	48336	411132
1052	48368	410972
1053	48381	410649
1054	48410	410455
1055	48435	410237
1056	48507	410410
1057	48549	410333
1058	48608	410391
1059	48659	410389
1060	48707	410366
1061	48756	410342
1062	48809	410362
1063	48848	410250
1064	48880	410094
1065	48928	410063
1066	48978	410051
1067	49028	410043
1068	49058	409857
1069	49091	409705
1070	49119	409513
1071	49144	409295
1072	49192	409263
1073	49237	409212
1074	49286	409189
1075	49338	409194
1076	49362	408974
1077	49399	408850
1078	49453	408876
1079	49498	408817
1080	49543	408766
1081	49571	408573
1082	49617	408527
1083	49652	408399
1084	49684	408239
1085	49736	408243
1086	49778	408168
1087	49817	408066
1088	49851	407917
1089	49887	407792
1090	49922	407661
1091	49958	407538
1092	50023	407645
1093	50092	407793
1094	50126	407646
1095	50169	407583
1096	50200	407415
1097	50244	407357
1098	50270	407150
1099	50294	406930
1100	50318	406707
1101	50339	406460
1102	50366	406266
1103	50392	406063
1104	50449	406108
1105	50490	406021
1106	50518	405833
1107	50570	405842
1108	50604	405704
1109	50650	405657
1110	50685	405531
1111	50747	405617
1112	50787	405526
1113	50809	405287
1114	50847	405185
1115	50880	405039
1116	50917	404924
1117	50942	404712
1118	50965	404491
1119	50998	404344
1120	51021	404122
1121	51043	403890
1122	51064	403651
1123	51085	403410
1124	51107	403180
1125	51139	403033
1126	51161	402796
1127	51182	402565
1128	51218	402444
1129	51264	402400
1130	51311	402372
1131	51341	402204
1132	51371	402037
1133	51399	401855
1134	51422	401636
1135	51442	401399
1136	51478	401276
1137	51554	401471
1138	51640	401747
1139	51705	401849
1140	51748	401789
1141	51805	401831
1142	51860	401860
1143	51951	402169
1144	52062	402629
1145	52121	402691
1146	52138	402425
1147	52153	402146
1148	52168	401863
1149	52183	401582
1150	52200	401319
1151	52215	401041
1152	52238	400824
1153	52268	400666
1154	52301	400524
1155	52342	400445
1156	52390	400421
1157	52418	400247
1158	52484	400362
1159	52517	400220
1160	52547	400057
1161	52580	399919
1162	52635	399948
1163	52682	399917
1164	52733	399916
1165	52774	399839
1166	52819	399789
1167	52842	399579
1168	52933	399878
1169	52968	399751
1170	53040	399910
1171	53117	400102
1172	53168	400097
1173	53221	400116
1174	53287	400222
1175	53311	400020
1176	53335	399815
1177	53372	399703
1178	53447	399885
1179	53502	399907
1180	53524	399685
1181	53568	399630
1182	53591	399422
1183	53615	399217
1184	53638	399010
1185	53663	398808
1186	53687	398610
1187	53707	398379
1188	53741	398248
1189	53763	398032
1190	53804	397950
1191	53858	397975
1192	53880	397758
1193	53902	397543
1194	53943	397467
1195	53991	397440
1196	54027	397333
1197	54066	397236
1198	54106	397154
1199	54132	396969
1200	54161	396810
1201	54184	396602
1202	54207	396397
1203	54228	396174
1204	54256	396007
1205	54277	395781
1206	54299	395574
1207	54334	395451
1208	54353	395224
1209	54376	395015
1210	54399	394808
1211	54430	394667
1212	54456	394484
1213	54480	394284
1214	54503	394085
1215	54525	393878
1216	54566	393804
1217	54588	393592
1218	54611	393389
1219	54638	393215
1220	54676	393123
1221	54698	392914
1222	54721	392714
1223	54761	392633
1224	54833	392786
1225	54866	392657
1226	54910	392609
1227	54950	392528
1228	54993	392468
1229	55025	392335
1230	55047	392130
1231	55071	391936
1232	55093	391729
1233	55115	391522
1234	55136	391314
1235	55195	391371
1236	55245	391366
1237	55309	391455
1238	55388	391656
1239	55442	391674
1240	55495	391685
1241	55604	392099
1242	55681	392279
1243	55785	392652
1244	55808	392453
1245	55832	392261
1246	55876	392210
1247	55943	392325
1248	55998	392345
1249	56051	392363
1250	56100	392345
1251	56156	392374
1252	56186	392231
1253	56209	392032
1254	56234	391845
1255	56260	391671
1256	56313	391682
1257	56399	391925
1258	56475	392095
1259	56532	392138
1260	56559	391969
1261	56605	391933
1262	56658	391946
1263	56709	391943
1264	56773	392028
1265	56850	392204
1266	56892	392141
1267	56956	392228
1268	56989	392099
1269	57014	391915
1270	57024	391633
1271	57072	391613
1272	57100	391453
1273	57132	391317
1274	57155	391125
1275	57167	390854
1276	57181	390595
1277	57195	390343
1278	57212	390107
1279	57228	389871
1280	57246	389644
1281	57278	389512
1282	57303	389332
1283	57337	389215
1284	57363	389048
1285	57394	388909
1286	57429	388796
1287	57467	388710
1288	57504	388610
1289	57539	388503
1290	57575	388403
1291	57609	388282
1292	57648	388203
1293	57675	388041
1294	57707	387913
1295	57738	387773
1296	57767	387627
1297	57793	387459
1298	57849	387487
1299	57900	387487
1300	57957	387525
1301	58013	387555
1302	58040	387397
1303	58067	387234
1304	58094	387074
1305	58124	386933
1306	58153	386784
1307	58202	386773
1308	58266	386852
1309	58316	386849
1310	58361	386807
1311	58414	386818
1312	58463	386801
1313	58519	386832
1314	58564	386795
1315	58622	386838
1316	58655	386716
1317	58683	386565
1318	58708	386390
1319	58738	386248
1320	58770	386126
1321	58797	385963
1322	58826	385816
1323	58879	385829
1324	58925	385795
1325	58961	385695
1326	59002	385628
1327	59050	385607
1328	59106	385635
1329	59144	385548
1330	59190	385516
1331	59245	385542
1332	59286	385472
1333	59306	385268
1334	59327	385071
1335	59351	384899
1336	59378	384740
1337	59399	384541
1338	59421	384352
1339	59441	384153
1340	59465	383978
1341	59493	383825
1342	59518	383655
1343	59542	383482
1344	59564	383294
1345	59596	383170
1346	59617	382979
1347	59640	382796
1348	59694	382811
1349	59737	382765
1350	59778	382695
1351	59807	382555
1352	59837	382422
1353	59887	382411
1354	59931	382365
1355	59958	382212
1356	59983	382044
1357	60014	381918
1358	60040	381760
1359	60065	381593
1360	60093	381447
1361	60120	381292
1362	60153	381180
1363	60178	381012
1364	60203	380845
1365	60228	380681
1366	60277	380670
1367	60313	380574
1368	60363	380568
1369	60454	380819
1370	60563	381181
1371	60651	381417
1372	60703	381416
1373	60752	381404
1374	60805	381415
1375	60860	381436
1376	60924	381522
1377	60953	381377
1378	60988	381279
1379	61021	381165
1380	61058	381073
1381	61079	380884
1382	61100	380694
1383	61121	380506
1384	61173	380511
1385	61213	380441
1386	61257	380395
1387	61288	380270
1388	61321	380157
1389	61357	380060
1390	61389	379945
1391	61425	379852
1392	61465	379782
1393	61504	379703
1394	61535	379582
1395	61576	379514
1396	61619	379462
1397	61654	379367
1398	61678	379194
1399	61701	379021
1400	61726	378863
1401	61758	378743
1402	61803	378705
1403	61833	378577
1404	61885	378583
1405	61930	378543
1406	61972	378487
1407	62007	378387
1408	62042	378284
1409	62080	378206
1410	62112	378091
1411	62154	378033
1412	62266	378405
1413	62338	378529
1414	62411	378660
1415	62461	378652
1416	62522	378709
1417	62564	378652
1418	62607	378603
1419	62647	378531
1420	62698	378527
1421	62737	378453
1422	62782	378415
1423	62838	378444
1424	62881	378390
1425	62932	378387
1426	62985	378399
1427	63022	378313
1428	63055	378199
1429	63082	378055
1430	63111	377916
1431	63146	377823
1432	63173	377674
1433	63221	377654
1434	63274	377662
1435	63302	377524
1436	63327	377367
1437	63377	377357
1438	63431	377371
1439	63472	377307
1440	63533	377364
1441	63558	377208
1442	63591	377097
1443	63636	377058
1444	63693	377093
1445	63779	377293
1446	63833	377310
1447	63879	377279
1448	63922	377227
1449	63985	377294
1450	64014	377160
1451	64050	377069
1452	64072	376895
1453	64096	376732
1454	64131	376632
1455	64154	376465
1456	64176	376294
1457	64222	376262
1458	64264	376207
1459	64301	376120
1460	64342	376058
1461	64378	375968
1462	64414	375875
1463	64468	375889
1464	64494	375738
1465	64547	375750
1466	64579	375632
1467	64610	375514
1468	64637	375371
1469	64672	375277
1470	64707	375182
1471	64744	375095
1472	64777	374985
1473	64831	375000
1474	64863	374889
1475	64900	374803
1476	64925	374650
1477	64968	374600
1478	64994	374454
1479	65038	374408
1480	65083	374373
1481	65134	374367
1482	65184	374359
1483	65239	374379
1484	65279	374312
1485	65331	374312
1486	65375	374272
1487	65399	374111
1488	65423	373953
1489	65436	373735
1490	65458	373566
1491	65472	373350
1492	65489	373156
1493	65501	372930
1494	65514	372711
1495	65526	372483
1496	65553	372346
1497	65574	372174
1498	65598	372016
1499	65634	371929
1500	65658	371773
1501	65678	371596
1502	65701	371432
1503	65730	371307
1504	65756	371161
1505	65784	371030
1506	65835	371027
1507	65882	371004
1508	65905	370843
1509	65925	370665
1510	66020	370913
1511	66047	370776
1512	66084	370693
1513	66106	370530
1514	66127	370356
1515	66148	370188
1516	66172	370031
1517	66195	369876
1518	66216	369702
1519	66236	369532
1520	66261	369381
1521	66287	369239
1522	66311	369087
1523	66331	368912
1524	66352	368747
1525	66386	368647
1526	66405	368472
1527	66428	368311
1528	66449	368142
1529	66470	367976
1530	66492	367816
1531	66513	367645
1532	66559	367620
1533	66584	367471
1534	66640	367497
1535	66689	367487
1536	66720	367374
1537	66750	367259
1538	66799	367243
1539	66845	367218
1540	66885	367153
1541	66924	367087
1542	66965	367030
1543	67001	366944
1544	67033	366839
1545	67064	366729
1546	67106	366679
1547	67148	366627
1548	67188	366567
1549	67267	366714
1550	67344	366857
1551	67433	367060
1552	67517	367235
1553	67600	367408
1554	67685	367592
1555	67764	367738
1556	67824	367784
1557	67866	367735
1558	67924	367767
1559	67976	367768
1560	68042	367848
1561	68099	367874
1562	68169	367976
1563	68213	367936
1564	68267	367947
1565	68312	367908
1566	68368	367935
1567	68418	367922
1568	68470	367927
1569	68512	367874
1570	68579	367953
1571	68631	367956
1572	68680	367942
1573	68728	367919
1574	68753	367776
1575	68781	367648
1576	68810	367528
1577	68857	367500
1578	68918	367548
1579	68972	367560
1580	69014	367510
1581	69086	367614
1582	69127	367559
1583	69184	367586
1584	69217	367485
1585	69246	367362
1586	69283	367285
1587	69298	367091
1588	69315	366902
1589	69342	366772
1590	69389	366745
1591	69402	366540
1592	69444	366493
1593	69510	366565
1594	69545	366476
1595	69559	366276
1596	69579	366107
1597	69592	365905
1598	69606	365706
1599	69620	365507
1600	69633	365304
1601	69647	365105
1602	69678	364995
1603	69735	365025
1604	69789	365038
1605	69837	365014
1606	69876	364948
1607	69905	364829
1608	69935	364715
1609	69968	364617
1610	70002	364527
1611	70035	364425
1612	70110	364550
1613	70163	364556
1614	70236	364666
1615	70277	364607
1616	70322	364570
1617	70389	364652
1618	70458	364740
1619	70515	364766
1620	70567	364766
1621	70627	364807
1622	70670	364758
1623	70722	364761
1624	70764	364708
1625	70818	364718
1626	70884	364791
1627	70941	364815
1628	71020	364954
1629	71064	364913
1630	71100	364829
1631	71131	364723
1632	71161	364608
1633	71190	364489
1634	71293	364750
1635	71322	364635
1636	71385	364687
1637	71443	364718
1638	71494	364712
1639	71539	364674
1640	71561	364525
1641	71597	364440
1642	71636	364375
1643	71678	364320
1644	71723	364285
1645	71763	364221
1646	71808	364186
1647	71841	364088
1648	71888	364061
1649	71948	364102
1650	71999	364097
1651	72040	364041
1652	72085	364002
1653	72142	364027
1654	72212	364117
1655	72294	364264
1656	72327	364170
1657	72361	364075
1658	72388	363948
1659	72415	363822
1660	72447	363720
1661	72482	363633
1662	72515	363536
1663	72544	363419
1664	72582	363346
1665	72611	363233
1666	72635	363092
1667	72671	363011
1668	72725	363016
1669	72776	363011
1670	72825	362995
1671	72872	362969
1672	72912	362908
1673	72940	362785
1674	72972	362684
1675	73016	362645
1676	73062	362609
1677	73114	362611
1678	73160	362579
1679	73225	362640
1680	73260	362552
1681	73312	362550
1682	73353	362496
1683	73393	362435
1684	73435	362385
1685	73493	362410
1686	73530	362334
1687	73597	362407
1688	73629	362303
1689	73655	362175
1690	73710	362186
1691	73761	362178
1692	73814	362183
1693	73891	362302
1694	73943	362300
1695	73993	362286
1696	74054	362330
1697	74102	362306
1698	74161	362339
1699	74261	362570
1700	74385	362918
1701	74440	362928
1702	74507	362998
1703	74552	362959
1704	74589	362885
1705	74617	362765
1706	74646	362647
1707	74675	362536
1708	74720	362495
1709	74774	362503
1710	74820	362468
1711	74867	362440
1712	74895	362320
1713	74916	362170
1714	74930	361981
1715	74951	361829
1716	74971	361669
1717	75013	361620
1718	75071	361646
1719	75111	361582
1720	75157	361550
1721	75181	361413
1722	75194	361219
1723	75223	361107
1724	75253	360997
1725	75301	360976
1726	75335	360888
1727	75360	360755
1728	75398	360683
1729	75468	360763
1730	75530	360812
1731	75590	360843
1732	75622	360745
1733	75678	360761
1734	75768	360936
1735	75819	360928
1736	75879	360961
1737	75938	360992
1738	75987	360971
1739	76038	360964
1740	76101	361010
1741	76136	360926
1742	76162	360797
1743	76194	360699
1744	76217	360557
1745	76230	360369
1746	76279	360354
1747	76292	360163
1748	76320	360044
1749	76345	359915
1750	76358	359726
1751	76451	359913
1752	76552	360144
1753	76655	360378
1754	76740	360525
1755	76789	360510
1756	76850	360546
1757	76899	360527
1758	76957	360547
1759	77026	360621
1760	77078	360618
1761	77132	360624
1762	77248	360918
1763	77272	360781
1764	77311	360714
1765	77356	360674
1766	77396	360613
1767	77452	360628
1768	77475	360488
1769	77528	360486
1770	77558	360377
1771	77574	360203
1772	77592	360039
1773	77606	359861
1774	77620	359677
1775	77636	359504
1776	77649	359319
1777	77667	359159
1778	77681	358978
1779	77699	358815
1780	77711	358624
1781	77727	358454
1782	77744	358289
1783	77762	358123
1784	77776	357945
1785	77799	357805
1786	77830	357704
1787	77881	357695
1788	77966	357843
1789	78023	357860
1790	78078	357872
1791	78109	357768
1792	78136	357648
1793	78158	357507
1794	78197	357442
1795	78235	357374
1796	78279	357331
1797	78318	357268
1798	78346	357151
1799	78361	356981
1800	78380	356826
1801	78396	356655
1802	78409	356476
1803	78423	356295
1804	78443	356146
1805	78458	355973
1806	78492	355885
1807	78528	355810
1808	78546	355653
1809	78593	355622
1810	78615	355486
1811	78647	355388
1812	78671	355257
1813	78707	355181
1814	78732	355054
1815	78755	354922
1816	78770	354746
1817	78784	354572
1818	78796	354389
1819	78827	354291
1820	78860	354200
1821	78881	354059
1822	78934	354057
1823	78968	353972
1824	79001	353882
1825	79057	353897
1826	79139	354027
1827	79199	354056
1828	79277	354169
1829	79300	354033
1830	79339	353972
1831	79361	353833
1832	79428	353896
1833	79458	353795
1834	79495	353720
1835	79532	353652
1836	79544	353466
1837	79554	353276
1838	79579	353152
1839	79645	353211
1840	79724	353326
1841	79762	353260
1842	79801	353194
1843	79826	353070
1844	79864	353005
1845	79895	352905
1846	79972	353014
1847	80079	353250
1848	80165	353394
1849	80235	353471
1850	80287	353463
1851	80357	353538
1852	80422	353588
1853	80487	353643
1854	80663	354178
1855	80769	354411
1856	80909	354790
1857	80997	354941
1858	81105	355181
1859	81233	355507
1860	81348	355774
1861	81433	355911
1862	81575	356297
1863	81642	356354
1864	81695	356351
1865	81740	356312
1866	81794	356311
1867	81829	356230
1868	81855	356109
1869	81881	355988
1870	81908	355872
1871	81945	355798
1872	81970	355673
1873	81995	355545
1874	82016	355405
1875	82049	355312
1876	82073	355183
1877	82097	355057
1878	82135	354985
1879	82147	354805
1880	82161	354633
1881	82181	354488
1882	82209	354378
1883	82275	354432
1884	82342	354488
1885	82375	354398
1886	82411	354321
1887	82444	354230
1888	82494	354216
1889	82588	354385
1890	82614	354269
1891	82645	354168
1892	82659	353998
1893	82688	353893
1894	82709	353753
1895	82765	353762
1896	82837	353839
1897	82954	354106
1898	83013	354129
1899	83066	354126
1900	83093	354010
1901	83124	353910
1902	83159	353831
1903	83183	353703
1904	83268	353837
1905	83327	353857
1906	83384	353872
1907	83434	353852
1908	83521	353992
1909	83571	353974
1910	83593	353838
1911	83631	353771
1912	83690	353792
1913	83755	353839
1914	83778	353706
1915	83810	353612
1916	83832	353479
1917	83858	353362
1918	83884	353242
1919	83913	353135
1920	83939	353017
1921	83976	352945
1922	83996	352801
1923	84017	352665
1924	84052	352583
1925	84076	352457
1926	84112	352380
1927	84135	352251
1928	84169	352169
1929	84221	352158
1930	84275	352157
1931	84314	352097
1932	84356	352043
1933	84435	352149
1934	84480	352112
1935	84510	352008
1936	84547	351938
1937	84594	351909
1938	84636	351857
1939	84666	351757
1940	84840	352254
1941	84899	352276
1942	84944	352235
1943	85009	352280
1944	85061	352273
1945	85102	352218
1946	85138	352142
1947	85153	351979
1948	85168	351818
1949	85187	351673
1950	85203	351511
1951	85215	351338
1952	85228	351170
1953	85241	351000
1954	85260	350854
1955	85273	350685
1956	85303	350584
1957	85339	350510
1958	85376	350440
1959	85400	350316
1960	85432	350224
1961	85462	350124
1962	85494	350033
1963	85530	349959
1964	85576	349926
1965	85627	349912
1966	85679	349906
1967	85728	349883
1968	85812	350005
1969	86534	352726
1970	86567	352640
1971	86625	352652
1972	86667	352598
1973	86736	352658
1974	86858	352929
1975	86929	352997
1976	87004	353079
1977	87065	353102
1978	87135	353166
1979	87209	353243
1980	87289	353342
1981	87388	353520
1982	87500	353752
1983	87586	353877
1984	87758	354348
1985	87830	354418
1986	87892	354445
1987	87959	354491
1988	88077	354744
1989	88208	355049
1990	88306	355221
1991	88382	355306
1992	88437	355301
1993	88523	355424
1994	88574	355409
1995	88666	355556
1996	88734	355603
1997	88809	355680
1998	88871	355707
1999	88925	355702
2000	88982	355708
2001	89041	355720
2002	89087	355681
2003	89153	355725
2004	89214	355744
2005	89258	355698
2006	89368	355916
2007	89424	355915
2008	89485	355935
2009	89525	355875
2010	89553	355765
2011	89609	355765
2012	89639	355662
2013	89694	355659
2014	89723	355552
2015	89794	355614
2016	89848	355606
2017	89916	355654
2018	89968	355642
2019	90027	355654
2020	90106	355744
2021	90146	355681
2022	90170	355555
2023	90210	355493
2024	90238	355384
2025	90269	355284
2026	90302	355196
2027	90328	355079
2028	90361	354990
2029	90394	354899
2030	90425	354800
2031	90459	354714
2032	90487	354606
2033	90520	354515
2034	90557	354442
2035	90592	354361
2036	90626	354274
2037	90657	354176
2038	90715	354185
2039	90742	354075
2040	90849	354271
2041	90937	354397
2042	91026	354524
2043	91082	354527
2044	91146	354558
2045	91218	354619
2046	91264	354580
2047	91323	354591
2048	91384	354611
2049	91441	354615
2050	91525	354723
2051	91594	354773
2052	91663	354823
2053	91778	355049
2054	91837	355059
2055	91922	355172
2056	91966	355122
2057	92021	355117
2058	92061	355055
2059	92124	355082
2060	92191	355121
2061	92272	355218
2062	92405	355514
2063	92481	355587
2064	92571	355716
2065	92658	355833
2066	92773	356059
2067	92848	356129
2068	92935	356246
2069	93010	356315
2070	93080	356366
2071	93102	356233
2072	93137	356151
2073	93193	356149
2074	93239	356105
2075	93271	356014
2076	93318	355975
2077	93367	355947
2078	93425	355951
2079	93510	356057
2080	93566	356055
2081	93645	356140
2082	93711	356177
2083	93766	356167
2084	93817	356145
2085	93868	356124
2086	93881	355958
2087	93896	355797
2088	93909	355633
2089	93932	355505
2090	94058	355768
2091	94113	355761
2092	94195	355854
2093	94280	355961
2094	94381	356126
2095	94454	356187
2096	94507	356173
2097	94536	356066
2098	94570	355981
2099	94602	355885
2100	94662	355895
2101	94702	355833
2102	94730	355725
2103	94785	355717
2104	94836	355691
2105	94895	355701
2106	94925	355597
2107	94979	355588
2108	95036	355585
2109	95096	355597
2110	95124	355487
2111	95153	355382
2112	95211	355388
2113	95296	355489
2114	95389	355625
2115	95467	355703
2116	95534	355736
2117	95570	355657
2118	95610	355597
2119	95663	355580
2120	95698	355496
2121	95733	355412
2122	95758	355294
2123	95791	355203
2124	95851	355214
2125	95946	355354
2126	95991	355309
2127	96034	355254
2128	96087	355238
2129	96133	355197
2130	96204	355249
2131	96283	355327
2132	96334	355303
2133	96428	355440
2134	96486	355441
2135	96568	355529
2136	96633	355559
2137	96699	355589
2138	96765	355621
2139	96792	355508
2140	96836	355460
2141	96886	355432
2142	96945	355437
2143	97008	355457
2144	97054	355412
2145	97127	355471
2146	97174	355430
2147	97236	355447
2148	97317	355534
2149	97372	355523
2150	97410	355451
2151	97471	355463
2152	97529	355464
2153	97590	355475
2154	97662	355527
2155	97774	355726
2156	97810	355646
2157	97835	355525
2158	97860	355405
2159	97883	355281
2160	97939	355275
2161	97968	355171
2162	98042	355229
2163	98069	355117
2164	98133	355138
2165	98189	355131
2166	98251	355148
2167	98311	355153
2168	98375	355175
2169	98416	355114
2170	98432	354964
2171	98500	354999
2172	98555	354990
2173	98593	354918
2174	98659	354947
2175	98692	354856
2176	98739	354816
2177	98786	354779
2178	98814	354671
2179	98856	354612
2180	98908	354591
2181	98964	354585
2182	99006	354529
2183	99074	354562
2184	99106	354469
2185	99137	354373
2186	99175	354302
2187	99206	354206
2188	99231	354087
2189	99264	353999
2190	99298	353913
2191	99333	353829
2192	99368	353746
2193	99393	353630
2194	99419	353515
2195	99454	353433
2196	99487	353347
2197	99522	353264
2198	99555	353174
2199	99586	353077
2200	99617	352983
2201	99646	352882
2202	99680	352794
2203	99709	352691
2204	99743	352608
2205	99769	352495
2206	99813	352446
2207	99863	352418
2208	99898	352335
2209	99937	352267
2210	99965	352162
2211	100010	352116
2212	100067	352112
2213	100136	352149
2214	100207	352197
2215	100267	352202
2216	100300	352114
2217	100369	352152
2218	100420	352126
2219	100464	352077
2220	100492	351972
2221	100518	351859
2222	100579	351868
2223	100624	351824
2224	100662	351753
2225	100685	351629
2226	100721	351553
2227	100742	351424
2228	100765	351301
2229	100816	351275
2230	100871	351265
2231	100932	351275
2232	100964	351182
2233	101005	351122
2234	101057	351100
2235	101100	351047
2236	101144	351000
2237	101182	350928
2238	101225	350875
2239	101289	350894
2240	101325	350819
2241	101361	350740
2242	101385	350623
2243	101409	350505
2244	101432	350383
2245	101442	350215
2246	101479	350141
2247	101495	349996
2248	101528	349910
2249	101559	349815
2250	101590	349722
2251	101644	349708
2252	101669	349592
2253	101693	349474
2254	101713	349342
2255	101725	349184
2256	101736	349024
2257	101747	348862
2258	101759	348702
2259	101799	348640
2260	101836	348567
2261	101857	348440
2262	101877	348309
2263	101898	348182
2264	101919	348056
2265	101952	347970
2266	101971	347836
2267	102001	347741
2268	102067	347768
2269	102105	347697
2270	102151	347655
2271	102221	347695
2272	102244	347578
2273	102286	347523
2274	102329	347470
2275	102374	347425
2276	102413	347361
2277	102457	347312
2278	102507	347285
2279	102561	347268
2280	102593	347182
2281	102616	347060
2282	102672	347055
2283	102700	346950
2284	102729	346853
2285	102755	346742
2286	102781	346633
2287	102797	346492
2288	102844	346454
2289	102893	346421
2290	102929	346348
2291	102968	346283
2292	103014	346242
2293	103069	346229
2294	103121	346208
2295	103177	346200
2296	103233	346192
2297	103273	346133
2298	103375	346277
2299	103430	346265
2300	103456	346158
2301	103492	346083
2302	103573	346159
2303	103633	346164
2304	103711	346229
2305	103744	346143
2306	103773	346045
2307	103831	346045
2308	103875	345996
2309	103922	345959
2310	103947	345847
2311	103985	345777
2312	104030	345732
2313	104074	345684
2314	104102	345582
2315	104132	345490
2316	104163	345396
2317	104187	345284
2318	104215	345183
2319	104243	345081
2320	104270	344978
2321	104318	344943
2322	104374	344935
2323	104414	344873
2324	104435	344748
2325	104457	344627
2326	104489	344539
2327	104509	344414
2328	104531	344293
2329	104554	344176
2330	104576	344058
2331	104598	343937
2332	104622	343822
2333	104642	343698
2334	104675	343613
2335	104695	343487
2336	104715	343361
2337	104740	343252
2338	104764	343137
2339	104786	343018
2340	104814	342919
2341	104834	342792
2342	104856	342674
2343	104879	342559
2344	104911	342472
2345	104930	342344
2346	104951	342219
2347	104983	342134
2348	105007	342023
2349	105032	341913
2350	105052	341789
2351	105075	341673
2352	105098	341558
2353	105119	341437
2354	105144	341328
2355	105170	341224
2356	105191	341103
2357	105213	340985
2358	105255	340931
2359	105306	340908
2360	105348	340855
2361	105374	340748
2362	105416	340697
2363	105458	340643
2364	105474	340505
2365	105486	340358
2366	105501	340215
2367	105518	340082
2368	105563	340040
2369	105611	340007
2370	105633	339889
2371	105665	339805
2372	105692	339704
2373	105726	339625
2374	105777	339602
2375	105815	339535
2376	105877	339548
2377	105910	339465
2378	105950	339405
2379	105977	339306
2380	106016	339243
2381	106064	339209
2382	106099	339135
2383	106152	339119
2384	106204	339098
2385	106238	339019
2386	106294	339012
2387	106337	338961
2388	106391	338948
2389	106469	339008
2390	106541	339052
2391	106586	339010
2392	106649	339023
2393	106676	338923
2394	106736	338927
2395	106808	338970
2396	106869	338977
2397	106924	338967
2398	106988	338984
2399	107062	339030
2400	107113	339008
2401	107150	338938
2402	107187	338870
2403	107219	338784
2404	107244	338679
2405	107273	338586
2406	107303	338494
2407	107331	338395
2408	107378	338359
2409	107421	338310
2410	107453	338226
2411	107488	338152
2412	107510	338037
2413	107540	337945
2414	107562	337831
2415	107585	337717
2416	107606	337601
2417	107640	337523
2418	107667	337422
2419	107691	337315
2420	107705	337173
2421	107722	337044
2422	107737	336908
2423	107751	336768
2424	107766	336630
2425	107780	336492
2426	107792	336347
2427	107806	336207
2428	107840	336129
2429	107908	336159
2430	108013	336303
2431	108148	336541
2432	108203	336529
2433	108305	336662
2434	108369	336680
2435	108427	336678
2436	108508	336746
2437	108635	336958
2438	108707	336999
2439	108796	337092
2440	108864	337118
2441	108931	337143
2442	108982	337118
2443	108995	336974
2444	109011	336842
2445	109024	336700
2446	109037	336560
2447	109049	336414
2448	109064	336278
2449	109078	336139
2450	109091	335998
2451	109122	335912
2452	109152	335824
2453	109176	335716
2454	109214	335649
2455	109246	335567
2456	109279	335487
2457	109293	335349
2458	109307	335212
2459	109323	335080
2460	109337	334942
2461	109353	334811
2462	109366	334670
2463	109405	334611
2464	109461	334600
2465	109511	334573
2466	109530	334453
2467	109553	334343
2468	109589	334271
2469	109610	334157
2470	109644	334081
2471	109664	333963
2472	109691	333865
2473	109723	333781
2474	109747	333677
2475	109771	333570
2476	109795	333463
2477	109820	333360
2478	109854	333286
2479	109866	333142
2480	109880	333007
2481	109893	332867
2482	109910	332740
2483	109924	332606
2484	109961	332538
2485	109982	332425
2486	110002	332307
2487	110040	332244
2488	110106	332266
2489	110156	332238
2490	110236	332303
2491	110279	332255
2492	110328	332225
2493	110369	332169
2494	110399	332084
2495	110428	331992
2496	110458	331906
2497	110487	331815
2498	110517	331728
2499	110559	331678
2500	110608	331647
2501	110663	331636
2502	110699	331569
2503	110718	331449
2504	110762	331404
2505	110799	331337
2506	110840	331284
2507	110884	331239
2508	110906	331128
2509	110936	331041
2510	110964	330950
2511	111013	330918
2512	111068	330907
2513	111095	330810
2514	111178	330883
2515	111225	330848
2516	111286	330852
2517	111327	330800
2518	111362	330726
2519	111377	330596
2520	111392	330465
2521	111408	330336
2522	111421	330200
2523	111436	330072
2524	111450	329936
2525	111466	329811
2526	111492	329712
2527	111515	329606
2528	111531	329479
2529	111617	329558
2530	111642	329457
2531	111656	329324
2532	111670	329191
2533	111683	329056
2534	111717	328983
2535	112215	330273
2536	112266	330251
2537	112328	330258
2538	112382	330242
2539	112408	330143
2540	112453	330102
2541	112533	330164
2542	112586	330143
2543	112643	330137
2544	112762	330313
2545	112836	330353
2546	112903	330376
2547	112953	330350
2548	113011	330343
2549	113063	330322
2550	113097	330247
2551	113121	330145
2552	113147	330047
2553	113177	329961
2554	113239	329968
2555	113297	329964
2556	113318	329851
2557	113345	329757
2558	113367	329648
2559	113392	329546
2560	113404	329408
2561	113422	329288
2562	113441	329171
2563	113486	329127
2564	113535	329097
2565	113573	329034
2566	113614	328983
2567	113647	328905
2568	113672	328804
2569	113696	328701
2570	113720	328600
2571	113741	328487
2572	113764	328382
2573	113788	328280
2574	113812	328178
2575	113835	328071
2576	113868	327996
2577	113889	327885
2578	113912	327780
2579	113936	327676
2580	113970	327605
2581	114010	327548
2582	114049	327488
2583	114112	327498
2584	114164	327478
2585	114216	327456
2586	114258	327404
2587	114348	327493
2588	114385	327428
2589	114431	327388
2590	114479	327356
2591	114559	327413
2592	114630	327446
2593	114655	327347
2594	114672	327224
2595	114686	327094
2596	114703	326973
2597	114718	326846
2598	114736	326726
2599	114762	326631
2600	114789	326538
2601	114812	326434
2602	114844	326355
2603	114856	326219
2604	114871	326094
2605	114888	325972
2606	114901	325841
2607	114916	325714
2608	114933	325592
2609	114946	325461
2610	114960	325332
2611	114972	325198
2612	114983	325060
2613	115007	324960
2614	115047	324903
2615	115111	324918
2616	115161	324889
2617	115210	324860
2618	115259	324829
2619	115290	324748
2620	115322	324671
2621	115392	324700
2622	115429	324637
2623	115474	324594
2624	115535	324600
2625	115608	324636
2626	115704	324740
2627	115754	324710
2628	115820	324729
2629	115862	324679
2630	115892	324596
2631	115925	324521
2632	115985	324520
2633	116028	324474
2634	116092	324487
2635	116149	324477
2636	116188	324420
2637	116241	324400
2638	116311	324428
2639	116363	324406
2640	116435	324440
2641	116470	324370
2642	116534	324382
2643	116652	324543
2644	116734	324607
2645	116800	324623
2646	116860	324622
2647	116912	324598
2648	116967	324584
2649	117054	324659
2650	117114	324659
2651	117175	324662
2652	117220	324619
2653	117271	324595
2654	117304	324519
2655	117335	324438
2656	117383	324405
2657	117420	324340
2658	117482	324345
2659	117521	324289
2660	117558	324224
2661	117597	324165
2662	117633	324098
2663	117661	324011
2664	117704	323964
2665	117727	323860
2666	117755	323773
2667	117785	323688
2668	117824	323631
2669	117861	323568
2670	117912	323541
2671	117959	323504
2672	117995	323440
2673	118026	323358
2674	118092	323374
2675	118146	323356
2676	118196	323330
2677	118233	323266
2678	118249	323144
2679	118263	323019
2680	118276	322887
2681	118292	322767
2682	118324	322690
2683	118380	322678
2684	118444	322688
2685	118486	322640
2686	118546	322639
2687	118586	322582
2688	118624	322521
2689	118676	322501
2690	118722	322461
2691	118776	322444
2692	118830	322425
2693	118857	322335
2694	118920	322342
2695	118980	322341
2696	119032	322319
2697	119053	322211
2698	119085	322135
2699	119106	322027
2700	119131	321931
2701	119196	321945
2702	119254	321938
2703	119301	321901
2704	119334	321828
2705	119371	321763
2706	119435	321773
2707	119487	321750
2708	119530	321703
2709	119568	321644
2710	119597	321558
2711	119669	321590
2712	119708	321530
2713	119765	321521
2714	119799	321452
2715	119831	321375
2716	119862	321295
2717	119892	321212
2718	119918	321119
2719	119950	321044
2720	119984	320972
2721	120018	320902
2722	120044	320810
2723	120078	320738
2724	120119	320685
2725	120171	320663
2726	120205	320592
2727	120240	320524
2728	120266	320430
2729	120330	320440
2730	120397	320458
2731	120503	320579
2732	120551	320544
2733	120584	320470
2734	120638	320452
2735	120663	320359
2736	120727	320367
2737	120760	320293
2738	120823	320299
2739	120874	320272
2740	120923	320242
2741	120962	320184
2742	120997	320117
2743	121029	320040
2744	121065	319973
2745	121095	319892
2746	121154	319887
2747	121198	319844
2748	121228	319762
2749	121262	319693
2750	121287	319598
2751	121313	319505
2752	121347	319435
2753	121380	319360
2754	121408	319275
2755	121437	319192
2756	121467	319110
2757	121500	319038
2758	121527	318948
2759	121554	318859
2760	121584	318778
2761	121612	318693
2762	121641	318610
2763	121670	318526
2764	121696	318436
2765	121727	318356
2766	121793	318371
2767	121826	318297
2768	121863	318236
2769	121927	318244
2770	121980	318223
2771	122034	318206
2772	122086	318181
2773	122139	318162
2774	122207	318180
2775	122264	318169
2776	122309	318128
2777	122362	318107
2778	122420	318100
2779	122468	318065
2780	122519	318040
2781	122553	317968
2782	122614	317970
2783	122666	317945
2784	122724	317938
2785	122756	317863
2786	122837	317914
2787	122864	317827
2788	122911	317789
2789	122957	317750
2790	123006	317719
2791	123051	317676
2792	123080	317593
2793	123106	317504
2794	123157	317478
2795	123204	317441
2796	123269	317450
2797	123326	317439
2798	123389	317445
2799	123440	317419
2800	123485	317375
2801	123519	317305
2802	123556	317243
2803	123601	317203
2804	123641	317148
2805	123696	317131
2806	123759	317135
2807	123818	317129
2808	123848	317050
2809	123899	317024
2810	123938	316968
2811	123975	316903
2812	124025	316874
2813	124047	316775
2814	124080	316703
2815	124100	316598
2816	124122	316496
2817	124144	316395
2818	124166	316296
2819	124189	316199
2820	124221	316123
2821	124239	316014
2822	124261	315914
2823	124287	315824
2824	124317	315745
2825	124374	315734
2826	124402	315648
2827	124437	315582
2828	124469	315508
2829	124501	315433
2830	124548	315396
2831	124571	315299
2832	124612	315248
2833	124648	315184
2834	124690	315134
2835	124732	315086
2836	124785	315065
2837	124828	315018
2838	124871	314970
2839	124908	314911
2840	124965	314899
2841	124997	314824
2842	125030	314753
2843	125065	314686
2844	125115	314658
2845	125144	314576
2846	125170	314486
2847	125204	314418
2848	125222	314309
2849	125244	314209
2850	125284	314157
2851	125308	314062
2852	125325	313950
2853	125352	313863
2854	125381	313783
2855	125409	313699
2856	125434	313608
2857	125456	313510
2858	125492	313446
2859	125520	313362
2860	125548	313277
2861	125583	313212
2862	125627	313168
2863	125668	313118
2864	125696	313034
2865	125732	312971
2866	125757	312879
2867	125800	312833
2868	125836	312769
2869	125871	312705
2870	125903	312632
2871	125934	312556
2872	125961	312471
2873	126006	312428
2874	126053	312392
2875	126078	312303
2876	126113	312236
2877	126148	312172
2878	126172	312078
2879	126210	312020
2880	126235	311929
2881	126260	311839
2882	126287	311754
2883	126308	311654
2884	126341	311582
2885	126361	311480
2886	126383	311383
2887	126404	311284
2888	126431	311198
2889	126456	311108
2890	126484	311027
2891	126504	310924
2892	126518	310807
2893	126550	310735
2894	126579	310655
2895	126601	310557
2896	126625	310465
2897	126656	310392
2898	126706	310362
2899	126720	310246
2900	126732	310125
2901	126745	310007
2902	126758	309888
2903	126776	309780
2904	126845	309799
2905	126892	309765
2906	126935	309720
2907	126966	309645
2908	127011	309604
2909	127044	309534
2910	127075	309460
2911	127109	309392
2912	127151	309344
2913	127195	309302
2914	127241	309265
2915	127280	309209
2916	127316	309147
2917	127358	309099
2918	127387	309020
2919	127436	308990
2920	127457	308890
2921	127514	308879
2922	127578	308884
2923	127626	308853
2924	127697	308874
2925	127761	308880
2926	127843	308929
2927	127893	308901
2928	127947	308883
2929	127997	308854
2930	128041	308810
2931	128069	308730
2932	128108	308675
2933	128160	308651
2934	128223	308653
2935	128272	308622
2936	128363	308691
2937	128421	308682
2938	128461	308630
2939	128500	308577
2940	128529	308498
2941	128584	308481
2942	128641	308469
2943	128673	308396
2944	128702	308317
2945	128732	308241
2946	128762	308165
2947	128796	308097
2948	128847	308072
2949	128912	308079
2950	128963	308051
2951	129022	308045
2952	129073	308018
2953	129146	308045
2954	129222	308079
2955	129337	308205
2956	129365	308124
2957	129420	308106
2958	129472	308082
2959	129498	307996
2960	129530	307925
2961	129563	307856
2962	129598	307789
2963	129667	307806
2964	129687	307707
2965	129710	307613
2966	129736	307527
2967	129761	307440
2968	129795	307373
2969	129817	307278
2970	129842	307191
2971	129913	307210
2972	129955	307163
2973	130005	307133
2974	130055	307106
2975	130118	307106
2976	130172	307087
2977	130219	307051
2978	130245	306965
2979	130271	306881
2980	130302	306808
2981	130357	306789
2982	130384	306706
2983	130447	306709
2984	130484	306649
2985	130524	306596
2986	130561	306538
2987	130582	306441
2988	130610	306360
2989	130640	306284
2990	130661	306187
2991	130686	306100
2992	130708	306005
2993	130736	305926
2994	130759	305832
2995	130779	305734
2996	130805	305648
2997	130834	305571
2998	130862	305492
2999	130886	305402
3000	130908	305307
3001	130932	305218
3002	130953	305122
3003	130983	305047
3004	131005	304952
3005	131030	304865
3006	131054	304776
3007	131087	304708
3008	131125	304653
3009	131150	304565
3010	131173	304474
3011	131198	304387
3012	131223	304300
3013	131254	304228
3014	131276	304134
3015	131294	304032
3016	131321	303951
3017	131352	303878
3018	131374	303784
3019	131404	303709
3020	131426	303615
3021	131454	303536
3022	131505	303510
3023	131526	303415
3024	131574	303381
3025	131609	303320
3026	131652	303275
3027	131699	303240
3028	131748	303208
3029	131821	303233
3030	131860	303179
3031	131905	303138
3032	131930	303052
3033	131967	302994
3034	131988	302899
3035	132045	302887
3036	132088	302842
3037	132122	302777
3038	132197	302806
3039	132233	302744
3040	132272	302690
3041	132309	302632
3042	132339	302558
3043	132363	302470
3044	132387	302382
3045	132403	302275
3046	132430	302194
3047	132451	302100
3048	132482	302027
3049	132511	301952
3050	133232	303452
3051	133257	303365
3052	133289	303295
3053	133424	303460
3054	133567	303641
3055	133637	303658
3056	133685	303625
3057	133736	303597
3058	133801	303601
3059	133851	303570
3060	133893	303524
3061	133946	303501
3062	134002	303485
3063	134045	303440
3064	134103	303427
3065	134153	303399
3066	134205	303373
3067	134259	303353
3068	134317	303342
3069	134362	303301
3070	134402	303247
3071	134476	303271
3072	134543	303280
3073	134620	303312
3074	134663	303266
3075	134721	303254
3076	134779	303242
3077	134807	303163
3078	134843	303101
3079	134896	303079
3080	134938	303030
3081	134976	302973
3082	135066	303035
3083	135107	302983
3084	135145	302928
3085	135211	302933
3086	135241	302857
3087	135276	302795
3088	135338	302791
3089	135397	302783
3090	135453	302764
3091	135496	302718
3092	135548	302695
3093	135607	302683
3094	135671	302686
3095	135725	302663
3096	135775	302635
3097	135818	302588
3098	135851	302521
3099	135886	302456
3100	135919	302389
3101	135966	302352
3102	136028	302349
3103	136092	302349
3104	136149	302335
3105	136215	302341
3106	136274	302330
3107	136348	302352
3108	136422	302375
3109	136475	302351
3110	136546	302369
3111	136600	302348
3112	136646	302307
3113	136702	302289
3114	136777	302315
3115	136850	302335
3116	136893	302290
3117	136946	302265
3118	137012	302271
3119	137046	302204
3120	137078	302135
3121	137113	302072
3122	137175	302066
3123	137221	302027
3124	137256	301963
3125	137289	301897
3126	137323	301830
3127	137353	301756
3128	137392	301700
3129	137449	301685
3130	137470	301591
3131	137511	301541
3132	137571	301533
3133	137622	301505
3134	137684	301501
3135	137751	301508
3136	137798	301469
3137	137851	301445
3138	137905	301423
3139	137959	301402
3140	138002	301356
3141	138060	301341
3142	138118	301330
3143	138160	301281
3144	138217	301265
3145	138279	301260
3146	138334	301242
3147	138387	301217
3148	138446	301205
3149	138497	301177
3150	138536	301121
3151	138574	301064
3152	138603	300989
3153	138630	300907
3154	138659	300831
3155	138696	300772
3156	138726	300699
3157	138762	300637
3158	138819	300621
3159	138884	300624
3160	138917	300556
3161	138948	300483
3162	138985	300423
3163	139017	300354
3164	139047	300280
3165	139071	300194
3166	139095	300108
3167	139126	300034
3168	139184	300021
3169	139216	299951
3170	139248	299882
3171	139295	299845
3172	139347	299817
3173	139394	299782
3174	139429	299719
3175	139487	299704
3176	139538	299677
3177	139620	299713
3178	139693	299731
3179	139770	299759
3180	139820	299728
3181	139861	299678
3182	139898	299618
3183	139928	299544
3184	139971	299499
3185	140027	299480
3186	140076	299448
3187	140111	299385
3188	140169	299370
3189	140214	299328
3190	140312	299401
3191	140343	299328
3192	140378	299265
3193	140412	299200
3194	140437	299116
3195	140467	299043
3196	140501	298978
3197	140524	298889
3198	140577	298863
3199	140650	298882
3200	140683	298814
3201	140721	298758
3202	140748	298677
3203	140811	298674
3204	140944	298819
3205	140978	298753
3206	140999	298662
3207	141013	298555
3208	141036	298466
3209	141049	298356
3210	141062	298247
3211	141083	298154
3212	141097	298048
3213	141117	297954
3214	141135	297855
3215	141159	297769
3216	141186	297689
3217	141222	297628
3218	141248	297547
3219	141294	297509
3220	141345	297480
3221	141410	297480
3222	141446	297418
3223	141481	297357
3224	141521	297304
3225	141556	297242
3226	141583	297162
3227	141604	297070
3228	141619	296965
3229	141632	296858
3230	141657	296775
3231	141691	296709
3232	141716	296626
3233	141800	296667
3234	141834	296603
3235	141907	296620
3236	141952	296579
3237	141992	296525
3238	142022	296453
3239	142056	296390
3240	142090	296324
3241	142118	296248
3242	142166	296213
3243	142228	296208
3244	142242	296101
3245	142264	296011
3246	142279	295908
3247	142296	295808
3248	142348	295781
3249	142395	295743
3250	142420	295660
3251	142433	295554
3252	142451	295456
3253	142467	295355
3254	142502	295292
3255	142544	295245
3256	142590	295206
3257	142633	295161
3258	142657	295075
3259	142693	295016
3260	142715	294926
3261	142755	294875
3262	142777	294788
3263	142875	294855
3264	142919	294813
3265	142960	294763
3266	143009	294729
3267	143047	294673
3268	143083	294613
3269	143123	294562
3270	143169	294524
3271	143236	294528
3272	143298	294522
3273	143346	294486
3274	143380	294422
3275	143415	294360
3276	143452	294303
3277	143484	294235
3278	143525	294185
3279	143568	294139
3280	143600	294072
3281	143628	293997
3282	143670	293949
3283	143722	293922
3284	143753	293853
3285	143787	293789
3286	143820	293722
3287	143856	293663
3288	143912	293643
3289	143972	293634
3290	143985	293527
3291	144077	293582
3292	144178	293655
3293	144219	293605
3294	144281	293599
3295	144308	293521
3296	144349	293470
3297	144372	293385
3298	144409	293327
3299	144446	293269
3300	144507	293261
3301	144557	293230
3302	144624	293232
3303	144684	293221
3304	144742	293207
3305	144800	293192
3306	144845	293151
3307	144904	293137
3308	144965	293128
3309	145018	293102
3310	145091	293118
3311	145199	293205
3312	145301	293278
3313	145358	293261
3314	145433	293279
3315	145505	293292
3316	145622	293396
3317	145702	293425
3318	145818	293525
3319	145886	293530
3320	145939	293505
3321	146004	293503
3322	146035	293433
3323	146071	293374
3324	146128	293355
3325	146153	293273
3326	146203	293241
3327	146225	293153
3328	146246	293063
3329	146268	292975
3330	146304	292916
3331	146315	292806
3332	146337	292719
3333	146365	292642
3334	146395	292570
3335	146427	292503
3336	146448	292415
3337	146471	292327
3338	146494	292243
3339	146523	292170
3340	146547	292085
3341	146581	292022
3342	146628	291985
3343	146659	291916
3344	146683	291833
3345	146726	291786
3346	146765	291732
3347	146788	291647
3348	146822	291585
3349	146843	291495
3350	146863	291404
3351	146886	291318
3352	146909	291234
3353	146930	291144
3354	146954	291062
3355	146986	290994
3356	147014	290919
3357	147036	290832
3358	147071	290770
3359	147091	290681
3360	147118	290604
3361	147140	290517
3362	147160	290426
3363	147181	290336
3364	147212	290269
3365	147261	290236
3366	147296	290174
3367	147335	290120
3368	147385	290089
3369	147426	290041
3370	147479	290014
3371	147519	289964
3372	147565	289924
3373	147595	289853
3374	147657	289846
3375	147699	289798
3376	147756	289780
3377	147813	289764
3378	147858	289722
3379	147907	289689
3380	147973	289689
3381	148026	289661
3382	148127	289730
3383	148175	289695
3384	148200	289615
3385	148274	289630
3386	148331	289611
3387	148385	289587
3388	148434	289553
3389	148466	289487
3390	148525	289473
3391	148549	289391
3392	148606	289372
3393	148650	289329
3394	148672	289244
3395	148717	289202
3396	148772	289180
3397	148809	289123
3398	148844	289061
3399	148869	288982
3400	148902	288916
3401	148928	288839
3402	148953	288758
3403	148989	288700
3404	149018	288627
3405	149042	288546
3406	149067	288465
3407	149091	288382
3408	149120	288310
3409	149145	288231
3410	149166	288144
3411	149203	288086
3412	149256	288060
3413	149308	288032
3414	149358	288001
3415	149417	287986
3416	150054	289085
3417	150078	289004
3418	150120	288957
3419	150173	288930
3420	150229	288908
3421	150263	288846
3422	150319	288826
3423	150402	288857
3424	150504	288925
3425	150541	288867
3426	150597	288847
3427	150637	288795
3428	150672	288734
3429	150700	288659
3430	150808	288737
3431	150865	288719
3432	150914	288684
3433	150949	288624
3434	150992	288577
3435	151020	288503
3436	151055	288441
3437	151123	288443
3438	151148	288365
3439	151203	288341
3440	151236	288277
3441	151307	288284
3442	151358	288253
3443	151405	288216
3444	151454	288181
3445	151506	288153
3446	151554	288116
3447	151566	288011
3448	151589	287926
3449	151606	287833
3450	151660	287807
3451	151722	287798
3452	151779	287778
3453	151838	287762
3454	151876	287707
3455	151900	287626
3456	151954	287601
3457	152014	287587
3458	152059	287544
3459	152117	287528
3460	152180	287520
3461	152297	287613
3462	152396	287674
3463	152537	287814
3464	152628	287858
3465	152695	287856
3466	152752	287837
3467	152807	287814
3468	152860	287787
3469	152896	287726
3470	152929	287662
3471	152987	287644
3472	153047	287630
3473	153111	287624
3474	153204	287672
3475	153259	287647
3476	153319	287633
3477	153374	287610
3478	153447	287620
3479	153501	287594
3480	153535	287531
3481	153568	287466
3482	153596	287391
3483	153619	287308
3484	153652	287244
3485	153687	287182
3486	153722	287121
3487	153763	287071
3488	153787	286989
3489	153811	286909
3490	153845	286846
3491	153878	286780
3492	153913	286720
3493	153944	286651
3494	153991	286614
3495	154050	286597
3496	154096	286557
3497	154126	286486
3498	154153	286410
3499	154167	286310
3500	154193	286233
3501	154205	286129
3502	154234	286057
3503	154269	285997
3504	154301	285931
3505	154328	285854
3506	154378	285822
3507	154442	285815
3508	154506	285808
3509	154535	285736
3510	154589	285711
3511	154635	285670
3512	154670	285609
3513	154729	285594
3514	154778	285558
3515	154803	285478
3516	154843	285427
3517	154866	285345
3518	154887	285259
3519	154936	285223
3520	154996	285209
3521	155037	285159
3522	155060	285077
3523	155094	285014
3524	155142	284977
3525	155194	284949
3526	155239	284907
3527	155277	284851
3528	155319	284803
3529	155355	284745
3530	155470	284831
3531	155523	284803
3532	155589	284800
3533	155640	284767
3534	155688	284731
3535	155755	284728
3536	155802	284691
3537	155836	284628
3538	155875	284574
3539	155902	284500
3540	155954	284471
3541	156006	284441
3542	156044	284385
3543	156076	284319
3544	156109	284254
3545	156140	284187
3546	156178	284133
3547	156316	284259
3548	156383	284256
3549	156454	284262
3550	156490	284203
3551	156502	284101
3552	156517	284005
3553	156563	283964
3554	156588	283885
3555	156637	283850
3556	156663	283772
3557	156688	283695
3558	156712	283614
3559	156733	283528
3560	156757	283448
3561	156773	283354
3562	156800	283279
3563	156847	283240
3564	156873	283165
3565	156940	283161
3566	156994	283135
3567	157046	283105
3568	157074	283033
3569	157107	282970
3570	157186	282988
3571	157250	282980
3572	157308	282960
3573	157360	282932
3574	157402	282885
3575	157470	282883
3576	157530	282868
3577	157597	282864
3578	157638	282814
3579	157688	282782
3580	157745	282761
3581	157794	282725
3582	157808	282627
3583	157822	282530
3584	157836	282432
3585	157894	282412
3586	157955	282400
3587	158013	282381
3588	158080	282377
3589	158091	282274
3590	158101	282170
3591	158112	282067
3592	158272	282229
3593	158351	282248
3594	158417	282243
3595	158478	282228
3596	158516	282173
3597	158549	282109
3598	158583	282048
3599	158622	281995
3600	158695	282003
3601	158754	281986
3602	158835	282006
3603	158888	281978
3604	158944	281955
3605	158988	281911
3606	159032	281867
3607	159095	281855
3608	159143	281819
3609	159189	281777
3610	159232	281733
3611	159282	281698
3612	159331	281663
3613	159367	281605
3614	159402	281545
3615	159449	281506
3616	159511	281492
3617	159538	281418
3618	159579	281369
3619	159610	281302
3620	159640	281233
3621	159673	281169
3622	159715	281121
3623	159755	281071
3624	159789	281008
3625	159850	280994
3626	159862	280894
3627	159874	280794
3628	159889	280698
3629	159900	280597
3630	159914	280499
3631	159928	280402
3632	159941	280304
3633	159954	280205
3634	159967	280108
3635	159980	280009
3636	159992	279909
3637	160013	279825
3638	160050	279769
3639	160098	279732
3640	160146	279695
3641	160193	279656
3642	160218	279580
3643	160245	279505
3644	160270	279429
3645	160295	279351
3646	160321	279277
3647	160357	279219
3648	160413	279196
3649	160426	279098
3650	160495	279097
3651	160521	279022
3652	160535	278927
3653	160553	278837
3654	160569	278745
3655	160586	278654
3656	160613	278580
3657	160645	278517
3658	160670	278440
3659	160710	278388
3660	160724	278292
3661	160738	278197
3662	160752	278101
3663	160772	278016
3664	160823	277985
3665	160895	277989
3666	160931	277932
3667	161017	277960
3668	161076	277943
3669	161128	277914
3670	161165	277857
3671	161209	277814
3672	161253	277770
3673	161355	277826
3674	161435	277845
3675	161531	277890
3676	161607	277901
3677	161665	277881
3678	161770	277943
3679	161837	277939
3680	161925	277969
3681	161982	277949
3682	162015	277885
3683	162055	277834
3684	162090	277775
3685	162115	277698
3686	162165	277665
3687	162214	277630
3688	162260	277589
3689	162316	277565
3690	162370	277538
3691	162414	277494
3692	162440	277419
3693	162501	277405
3694	162542	277355
3695	162562	277271
3696	162589	277198
3697	162610	277114
3698	162627	277024
3699	162652	276948
3700	162696	276905
3701	162801	276964
3702	162887	276992
3703	162953	276985
3704	163466	277738
3705	163539	277743
3706	163597	277723
3707	163638	277673
3708	163673	277613
3709	163719	277572
3710	163745	277498
3711	163786	277447
3712	163836	277413
3713	163864	277342
3714	163909	277300
3715	163961	277269
3716	164009	277232
3717	164049	277181
3718	164077	277109
3719	164106	277039
3720	164135	276970
3721	164165	276902
3722	164197	276837
3723	164226	276769
3724	164278	276738
3725	164323	276695
3726	164392	276693
3727	164440	276654
3728	164551	276724
3729	164579	276652
3730	164622	276606
3731	164641	276520
3732	164678	276463
3733	164710	276399
3734	164740	276331
3735	164779	276279
3736	164818	276227
3737	164861	276180
3738	164907	276139
3739	164939	276074
3740	164989	276040
3741	165021	275976
3742	165060	275924
3743	165096	275865
3744	165143	275827
3745	165197	275799
3746	165243	275757
3747	165267	275681
3748	165304	275624
3749	165380	275633
3750	165429	275599
3751	165450	275516
3752	165473	275435
3753	165497	275359
3754	165540	275312
3755	165590	275278
3756	165702	275348
3757	165725	275267
3758	165795	275267
3759	165838	275220
3760	165896	275199
3761	165948	275169
3762	166013	275160
3763	166049	275102
3764	166071	275021
3765	166090	274936
3766	166111	274854
3767	166136	274777
3768	166159	274698
3769	166182	274620
3770	166207	274544
3771	166231	274467
3772	166255	274389
3773	166280	274314
3774	166303	274234
3775	166324	274153
3776	166357	274090
3777	166395	274036
3778	166436	273987
3779	166506	273986
3780	166536	273919
3781	166573	273863
3782	166656	273883
3783	166693	273827
3784	166739	273787
3785	166780	273738
3786	166820	273688
3787	166839	273601
3788	166852	273507
3789	166878	273433
3790	166904	273360
3791	166943	273309
3792	166990	273269
3793	167034	273224
3794	167090	273200
3795	167181	273233
3796	167264	273252
3797	167331	273246
3798	167387	273222
3799	167443	273196
3800	167482	273145
3801	167511	273076
3802	167536	273001
3803	167576	272949
3804	167616	272900
3805	167659	272853
3806	167707	272816
3807	167758	272783
3808	167818	272766
3809	167854	272708
3810	167890	272651
3811	167923	272588
3812	167955	272526
3813	167998	272479
3814	168031	272418
3815	168097	272409
3816	168127	272342
3817	168154	272271
3818	168186	272207
3819	168211	272132
3820	168238	272061
3821	168273	272002
3822	168302	271934
3823	168325	271855
3824	168339	271763
3825	168352	271669
3826	168382	271603
3827	168411	271534
3828	168438	271463
3829	168468	271396
3830	168534	271387
3831	168582	271350
3832	168633	271317
3833	168684	271286
3834	168729	271243
3835	168755	271170
3836	168780	271095
3837	168807	271023
3838	168832	270950
3839	168861	270881
3840	168888	270810
3841	168925	270755
3842	168978	270726
3843	169037	270706
3844	169080	270660
3845	169137	270637
3846	169173	270580
3847	169217	270536
3848	169262	270494
3849	169301	270442
3850	169365	270430
3851	169444	270442
3852	169509	270431
3853	169573	270420
3854	169593	270337
3855	169624	270272
3856	169648	270197
3857	169682	270136
3858	169707	270063
3859	169732	269989
3860	169767	269931
3861	169809	269883
3862	169858	269847
3863	169913	269821
3864	169945	269758
3865	169970	269684
3866	170003	269623
3867	170049	269581
3868	170088	269529
3869	170120	269467
3870	170152	269404
3871	170216	269392
3872	170285	269387
3873	170332	269349
3874	170388	269323
3875	170435	269284
3876	170474	269232
3877	170502	269164
3878	170530	269095
3879	170560	269027
3880	170588	268959
3881	170616	268889
3882	170674	268868
3883	170721	268829
3884	170788	268821
3885	170905	268892
3886	170992	268915
3887	171042	268881
3888	171080	268827
3889	171107	268758
3890	171141	268697
3891	171182	268648
3892	171227	268607
3893	171271	268562
3894	171300	268495
3895	171358	268472
3896	171411	268443
3897	171464	268413
3898	171508	268369
3899	171555	268330
3900	171598	268284
3901	171635	268229
3902	171669	268170
3903	171710	268121
3904	171741	268057
3905	171773	267995
3906	171806	267934
3907	171837	267869
3908	171883	267828
3909	171914	267764
3910	171960	267723
3911	172003	267678
3912	172019	267590
3913	172060	267542
3914	172082	267463
3915	172111	267396
3916	172132	267316
3917	172152	267236
3918	172175	267160
3919	172206	267095
3920	172235	267028
3921	172257	266950
3922	172280	266874
3923	172319	266822
3924	172381	266807
3925	172408	266737
3926	172445	266682
3927	172473	266613
3928	172507	266554
3929	172535	266486
3930	172575	266436
3931	172611	266380
3932	172641	266315
3933	172676	266257
3934	172729	266227
3935	172780	266194
3936	172828	266157
3937	172874	266116
3938	172907	266055
3939	172938	265991
3940	172965	265921
3941	172988	265845
3942	173059	265844
3943	173107	265805
3944	173161	265777
3945	173197	265721
3946	173243	265681
3947	173289	265640
3948	173341	265608
3949	173374	265547
3950	173471	265585
3951	173558	265607
3952	173628	265603
3953	173652	265529
3954	173750	265568
3955	173843	265599
3956	173930	265621
3957	174016	265640
3958	174088	265640
3959	174189	265683
3960	174295	265733
3961	174490	265920
3962	174558	265911
3963	174644	265932
3964	174720	265936
3965	174806	265956
3966	174933	266038
3967	175029	266073
3968	175119	266098
3969	175222	266143
3970	175281	266122
3971	175333	266089
3972	175385	266058
3973	175427	266010
3974	175480	265979
3975	176039	266715
3976	176096	266690
3977	176160	266676
3978	176196	266619
3979	176261	266607
3980	176326	266593
3981	176401	266595
3982	176464	266579
3983	176524	266558
3984	176570	266518
3985	176648	266523
3986	176723	266526
3987	176804	266536
3988	176840	266479
3989	176896	266453
3990	176954	266430
3991	177041	266449
3992	177098	266423
3993	177125	266353
3994	177224	266390
3995	177252	266322
3996	177296	266276
3997	177341	266234
3998	177389	266195
3999	177420	266131
4000	177464	266086
4001	177513	266048
4002	177547	265988
4003	177587	265937
4004	177626	265885
4005	177696	265879
4006	177749	265848
4007	177790	265799
4008	177849	265775
4009	177899	265739
4010	177948	265703
4011	178006	265678
4012	178054	265639
4013	178107	265608
4014	178144	265553
4015	178211	265542
4016	178256	265498
4017	178281	265424
4018	178328	265384
4019	178353	265312
4020	178400	265271
4021	178469	265264
4022	178512	265217
4023	178550	265163
4024	178582	265100
4025	178612	265035
4026	178664	265001
4027	178690	264930
4028	178732	264882
4029	178799	264871
4030	178836	264816
4031	178869	264754
4032	178896	264684
4033	178944	264646
4034	179013	264638
4035	179059	264595
4036	179107	264556
4037	179145	264503
4038	179193	264464
4039	179233	264413
4040	179263	264347
4041	179289	264277
4042	179348	264253
4043	179383	264195
4044	179422	264143
4045	179450	264075
4046	179472	263998
4047	179497	263924
4048	179510	263835
4049	179522	263742
4050	179538	263657
4051	179560	263579
4052	179573	263489
4053	179589	263403
4054	179603	263315
4055	179614	263221
4056	179634	263142
4057	179675	263093
4058	179695	263013
4059	179721	262941
4060	179750	262875
4061	179767	262791
4062	179783	262706
4063	179797	262617
4064	179810	262527
4065	179822	262436
4066	179836	262348
4067	179848	262257
4068	179865	262172
4069	179877	262082
4070	179900	262006
4071	179920	261927
4072	179942	261850
4073	179962	261771
4074	179982	261691
4075	180004	261615
4076	180018	261528
4077	180037	261447
4078	180053	261361
4079	180066	261272
4080	180094	261205
4081	180114	261126
4082	180135	261049
4083	180156	260971
4084	180189	260910
4085	180216	260842
4086	180242	260771
4087	180276	260712
4088	180339	260696
4089	180374	260638
4090	180413	260587
4091	180469	260560
4092	180506	260506
4093	180540	260447
4094	180583	260401
4095	180620	260347
4096	180663	260301
4097	180706	260255
4098	180748	260209
4099	180785	260155
4100	180845	260133
4101	180904	260111
4102	180944	260060
4103	181000	260034
4104	181043	259987
4105	181070	259918
4106	181109	259868
4107	181144	259810
4108	181183	259759
4109	181220	259705
4110	181254	259646
4111	181315	259627
4112	181348	259566
4113	181390	259519
4114	181437	259480
4115	181463	259409
4116	181502	259357
4117	181571	259350
4118	181635	259334
4119	181673	259282
4120	181691	259200
4121	181714	259125
4122	181736	259051
4123	181758	258975
4124	181785	258905
4125	181818	258846
4126	181837	258767
4127	181860	258693
4128	181881	258616
4129	181917	258560
4130	181954	258507
4131	182012	258481
4132	182078	258469
4133	182123	258427
4134	182161	258374
4135	182195	258316
4136	182234	258263
4137	182262	258197
4138	182293	258135
4139	182366	258132
4140	182419	258100
4141	182476	258075
4142	182504	258008
4143	182535	257945
4144	182568	257885
4145	182596	257820
4146	182629	257760
4147	182682	257727
4148	182726	257685
4149	182779	257653
4150	182810	257590
4151	182855	257547
4152	182905	257512
4153	182955	257476
4154	183002	257437
4155	183057	257407
4156	183086	257343
4157	183112	257273
4158	183152	257223
4159	183179	257155
4160	183226	257116
4161	183251	257045
4162	183277	256976
4163	183309	256915
4164	183342	256855
4165	183373	256793
4166	183431	256769
4167	183498	256757
4168	183562	256741
4169	183615	256708
4170	183676	256689
4171	183704	256622
4172	183741	256568
4173	183778	256514
4174	183820	256467
4175	183869	256430
4176	183916	256391
4177	183956	256340
4178	183985	256276
4179	184015	256212
4180	184071	256185
4181	184197	256255
4182	184285	256272
4183	184332	256232
4184	184373	256184
4185	184416	256138
4186	184468	256106
4187	184512	256061
4188	184546	256003
4189	184577	255942
4190	184632	255912
4191	184677	255870
4192	184703	255801
4193	184734	255739
4194	184762	255672
4195	184794	255612
4196	184826	255550
4197	184851	255480
4198	184949	255511
4199	184973	255439
4200	185009	255384
4201	185050	255336
4202	185104	255306
4203	185148	255262
4204	185203	255233
4205	185244	255184
4206	185265	255109
4207	185291	255039
4208	185333	254992
4209	185358	254922
4210	185397	254872
4211	185421	254799
4212	185458	254746
4213	185481	254674
4214	185503	254599
4215	185526	254526
4216	185546	254449
4217	185574	254384
4218	185613	254332
4219	185644	254271
4220	185680	254215
4221	185709	254151
4222	185736	254084
4223	185771	254028
4224	185804	253969
4225	185845	253922
4226	185871	253852
4227	185901	253789
4228	185964	253771
4229	186003	253720
4230	186025	253646
4231	186070	253604
4232	186130	253582
4233	186150	253506
4234	186181	253443
4235	186222	253396
4236	186280	253371
4237	186337	253345
4238	186403	253330
4239	186482	253334
4240	186538	253306
4241	186583	253263
4242	186635	253231
4243	186696	253210
4244	186733	253157
4245	186768	253101
4246	186812	253056
4247	186857	253014
4248	186892	252957
4249	186936	252914
4250	186990	252883
4251	187053	252864
4252	187107	252834
4253	187159	252801
4254	187185	252733
4255	187208	252660
4256	187240	252600
4257	187268	252534
4258	187293	252466
4259	187313	252389
4260	187337	252318
4261	187366	252254
4262	187387	252179
4263	187422	252124
4264	187454	252063
4265	187497	252018
4266	187534	251964
4267	187572	251912
4268	187595	251841
4269	187624	251777
4270	187641	251696
4271	187655	251613
4272	187671	251531
4273	187690	251453
4274	187708	251375
4275	187726	251296
4276	187741	251214
4277	187782	251167
4278	187811	251102
4279	187850	251051
4280	187887	250999
4281	187919	250939
4282	187941	250866
4283	187981	250817
4284	188004	250745
4285	188029	250676
4286	188055	250608
4287	188102	250569
4288	188129	250503
4289	188164	250446
4290	188230	250433
4291	189017	251377
4292	189083	251362
4293	189114	251300
4294	189157	251255
4295	189229	251248
4296	189306	251248
4297	189360	251217
4298	189417	251191
4299	189462	251147
4300	189537	251144
4301	189584	251105
4302	189639	251074
4303	189708	251064
4304	189753	251020
4305	189775	250948
4306	189804	250883
4307	189846	250837
4308	189894	250797
4309	189944	250762
4310	190006	250741
4311	190052	250699
4312	190086	250642
4313	190211	250705
4314	190244	250646
4315	190295	250611
4316	190351	250583
4317	190403	250549
4318	190449	250508
4319	190493	250463
4320	190522	250400
4321	190548	250331
4322	190586	250279
4323	190617	250218
4324	190648	250157
4325	190675	250090
4326	190708	250032
4327	190744	249977
4328	190783	249927
4329	190830	249886
4330	190881	249852
4331	190912	249790
4332	190932	249714
4333	190982	249679
4334	191014	249618
4335	191047	249559
4336	191079	249499
4337	191107	249435
4338	191159	249402
4339	191198	249351
4340	191228	249288
4341	191276	249249
4342	191314	249197
4343	191342	249132
4344	191379	249079
4345	191452	249073
4346	191514	249053
4347	191537	248980
4348	191558	248907
4349	191583	248838
4350	191614	248776
4351	191636	248704
4352	191658	248632
4353	191682	248562
4354	191705	248490
4355	191725	248415
4356	191746	248342
4357	191767	248267
4358	191790	248196
4359	191823	248138
4360	191865	248091
4361	191899	248034
4362	191923	247964
4363	191953	247903
4364	191975	247830
4365	191998	247760
4366	192030	247700
4367	192050	247624
4368	192104	247594
4369	192163	247569
4370	192217	247539
4371	192297	247541
4372	192319	247468
4373	192362	247423
4374	192411	247385
4375	192433	247313
4376	192460	247247
4377	192478	247170
4378	192527	247133
4379	192573	247092
4380	192618	247049
4381	192638	246974
4382	192662	246905
4383	192676	246822
4384	192694	246745
4385	192711	246667
4386	192733	246595
4387	192746	246511
4388	192759	246428
4389	192772	246344
4390	192791	246268
4391	192818	246203
4392	192842	246134
4393	192865	246063
4394	192904	246012
4395	192947	245968
4396	193000	245936
4397	193023	245865
4398	193058	245810
4399	193080	245738
4400	193099	245663
4401	193123	245594
4402	193163	245545
4403	193189	245478
4404	193216	245413
4405	193268	245379
4406	193304	245326
4407	193339	245271
4408	193375	245216
4409	193409	245161
4410	193446	245108
4411	193547	245136
4412	193589	245091
4413	193638	245053
4414	193687	245016
4415	193723	244962
4416	193761	244910
4417	193807	244869
4418	193830	244798
4419	193849	244724
4420	193870	244651
4421	193884	244570
4422	193897	244486
4423	193915	244410
4424	193929	244329
4425	193951	244258
4426	193967	244179
4427	193992	244111
4428	194013	244039
4429	194035	243967
4430	194054	243892
4431	194125	243883
4432	194186	243860
4433	194234	243822
4434	194281	243783
4435	194328	243742
4436	194374	243702
4437	194431	243675
4438	194481	243638
4439	194573	243654
4440	194635	243633
4441	194683	243594
4442	194726	243550
4443	194769	243505
4444	194804	243450
4445	194842	243399
4446	194879	243347
4447	194925	243306
4448	194990	243289
4449	195019	243226
4450	195055	243172
4451	195088	243116
4452	195121	243058
4453	195171	243021
4454	195211	242973
4455	195243	242915
4456	195277	242858
4457	195303	242793
4458	195391	242803
4459	195454	242783
4460	195516	242763
4461	195573	242735
4462	195662	242747
4463	195739	242744
4464	195769	242684
4465	195810	242636
4466	195865	242606
4467	195890	242538
4468	195919	242476
4469	195968	242440
4470	196010	242393
4471	196056	242352
4472	196089	242295
4473	196126	242243
4474	196161	242188
4475	196195	242132
4476	196245	242096
4477	196281	242042
4478	196303	241972
4479	196395	241987
4480	196450	241957
4481	196497	241916
4482	196550	241884
4483	196577	241820
4484	196604	241755
4485	196645	241708
4486	196700	241678
4487	196738	241626
4488	196777	241577
4489	196810	241520
4490	196832	241449
4491	196852	241376
4492	196875	241306
4493	196933	241280
4494	196987	241249
4495	197017	241188
4496	197051	241132
4497	197079	241070
4498	197143	241050
4499	197174	240991
4500	197205	240932
4501	197231	240865
4502	197260	240803
4503	197296	240750
4504	197325	240689
4505	197355	240628
4506	197383	240565
4507	197416	240508
4508	197454	240457
4509	197490	240403
4510	197542	240370
4511	197594	240336
4512	197642	240298
4513	197693	240262
4514	197748	240232
4515	197803	240202
4516	197846	240157
4517	197903	240130
4518	197980	240126
4519	198003	240057
4520	198050	240017
4521	198081	239958
4522	198110	239896
4523	198145	239842
4524	198160	239762
4525	198174	239682
4526	198204	239623
4527	198268	239603
4528	198311	239559
4529	198370	239533
4530	198427	239505
4531	198483	239476
4532	198541	239449
4533	198605	239430
4534	198672	239415
4535	198727	239384
4536	198779	239350
4537	198810	239290
4538	198841	239232
4539	198878	239179
4540	198921	239134
4541	198984	239114
4542	199053	239100
4543	199092	239051
4544	199202	239087
4545	199230	239023
4546	199314	239028
4547	199357	238982
4548	199386	238922
4549	199427	238874
4550	199492	238855
4551	199562	238843
4552	199607	238801
4553	199647	238753
4554	199685	238702
4555	199724	238652
4556	199760	238598
4557	199802	238553
4558	199855	238520
4559	199902	238479
4560	199955	238447
4561	200016	238423
4562	200067	238388
4563	200143	238382
4564	200282	238451
4565	200860	239044
4566	200898	238992
4567	200931	238936
4568	201020	238945
4569	201072	238911
4570	201149	238906
4571	201172	238837
4572	201207	238783
4573	201230	238714
4574	201259	238651
4575	201312	238618
4576	201369	238590
4577	201411	238543
4578	201479	238527
4579	201528	238490
4580	201573	238447
4581	201617	238403
4582	201659	238356
4583	201700	238309
4584	201739	238258
4585	201776	238207
4586	201819	238161
4587	201888	238147
4588	201969	238146
4589	202028	238120
4590	202064	238066
4591	202138	238058
4592	202209	238046
4593	202256	238005
4594	202334	238002
4595	202437	238027
4596	202485	237987
4597	202541	237958
4598	202595	237925
4599	202658	237903
4600	202726	237887
4601	202800	237878
4602	202862	237855
4603	202928	237836
4604	202976	237798
4605	203048	237786
4606	203139	237797
4607	203170	237738
4608	203206	237684
4609	203235	237622
4610	203280	237579
4611	203357	237573
4612	203428	237561
4613	203492	237540
4614	203574	237539
4615	203609	237485
4616	203636	237421
4617	203703	237404
4618	203770	237386
4619	203842	237374
4620	203931	237383
4621	204002	237370
4622	204071	237355
4623	204123	237320
4624	204200	237313
4625	204263	237291
4626	204321	237263
4627	204390	237247
4628	204455	237229
4629	204486	237168
4630	204510	237101
4631	204544	237045
4632	204579	236990
4633	204611	236932
4634	204645	236876
4635	204672	236812
4636	204708	236759
4637	204751	236714
4638	204789	236662
4639	204853	236641
4640	204883	236580
4641	204918	236525
4642	204952	236470
4643	204981	236408
4644	205015	236352
4645	205050	236297
4646	205084	236242
4647	205155	236228
4648	205217	236205
4649	205250	236148
4650	205277	236085
4651	205322	236041
4652	205366	235996
4653	205404	235946
4654	205489	235948
4655	205552	235925
4656	205616	235905
4657	205667	235868
4658	205739	235856
4659	205831	235866
4660	205912	235864
4661	205947	235809
4662	206023	235802
4663	206083	235776
4664	206129	235734
4665	206181	235698
4666	206230	235660
4667	206250	235588
4668	206267	235513
4669	206287	235442
4670	206301	235362
4671	206315	235284
4672	206335	235212
4673	206349	235134
4674	206388	235084
4675	206472	235085
4676	206515	235039
4677	206604	235047
4678	206637	234989
4679	206693	234959
4680	206733	234910
4681	206755	234841
4682	206816	234816
4683	206848	234758
4684	206900	234722
4685	206946	234680
4686	207011	234660
4687	207072	234635
4688	207103	234576
4689	207171	234559
4690	207233	234534
4691	207273	234486
4692	207317	234441
4693	207353	234387
4694	207394	234340
4695	207439	234296
4696	207529	234304
4697	207576	234264
4698	207632	234233
4699	207719	234236
4700	207753	234181
4701	207782	234119
4702	207823	234072
4703	207852	234011
4704	207895	233965
4705	207927	233906
4706	207948	233836
4707	207997	233798
4708	208057	233771
4709	208121	233750
4710	208158	233697
4711	208195	233645
4712	208237	233599
4713	208260	233530
4714	208284	233463
4715	208299	233387
4716	208313	233309
4717	208325	233229
4718	208339	233151
4719	208352	233072
4720	208366	232994
4721	208377	232913
4722	208394	232838
4723	208406	232758
4724	208438	232701
4725	208483	232657
4726	208523	232609
4727	208537	232531
4728	208553	232456
4729	208630	232449
4730	208722	232458
4731	208766	232413
4732	208852	232416
4733	208939	232420
4734	209011	232407
4735	209085	232395
4736	209178	232405
4737	209217	232355
4738	209238	232285
4739	209315	232278
4740	209361	232236
4741	209420	232208
4742	209482	232184
4743	209542	232158
4744	209607	232136
4745	209675	232118
4746	209734	232091
4747	209795	232064
4748	209841	232023
4749	209886	231979
4750	209904	231906
4751	210001	231920
4752	210039	231870
4753	210077	231819
4754	210106	231757
4755	210145	231707
4756	210188	231662
4757	210249	231636
4758	210289	231588
4759	210330	231540
4760	210357	231476
4761	210400	231431
4762	210426	231368
4763	210450	231301
4764	210477	231238
4765	210501	231172
4766	210546	231128
4767	210593	231087
4768	210675	231084
4769	210744	231067
4770	210769	231002
4771	210834	230980
4772	210904	230965
4773	210947	230920
4774	211824	231786
4775	211848	231720
4776	211906	231691
4777	211935	231629
4778	211988	231595
4779	212058	231578
4780	212082	231511
4781	212096	231434
4782	212135	231383
4783	212174	231333
4784	212197	231266
4785	212218	231196
4786	212230	231117
4787	212260	231056
4788	212304	231012
4789	212342	230961
4790	212384	230914
4791	212407	230846
4792	212444	230794
4793	212466	230726
4794	212489	230658
4795	212517	230596
4796	212557	230547
4797	212601	230503
4798	212644	230457
4799	212713	230439
4800	212749	230386
4801	212785	230332
4802	212827	230286
4803	212860	230229
4804	212885	230164
4805	212896	230084
4806	212922	230020
4807	212976	229986
4808	212996	229915
4809	213023	229853
4810	213071	229812
4811	213147	229802
4812	213206	229773
4813	213258	229738
4814	213331	229724
4815	213384	229690
4816	213417	229633
4817	213470	229597
4818	213517	229556
4819	213609	229563
4820	213667	229533
4821	213708	229485
4822	213756	229446
4823	213797	229398
4824	213871	229385
4825	213944	229371
4826	213972	229310
4827	214005	229253
4828	214038	229196
4829	214079	229149
4830	214098	229077
4831	214148	229039
4832	214190	228993
4833	214242	228956
4834	214310	228937
4835	214434	228978
4836	214502	228959
4837	214612	228985
4838	214679	228965
4839	214756	228955
4840	214826	228938
4841	214858	228880
4842	214900	228833
4843	214948	228792
4844	214989	228744
4845	215040	228708
4846	215107	228687
4847	215160	228652
4848	215190	228592
4849	215226	228539
4850	215273	228498
4851	215305	228440
4852	215342	228388
4853	215378	228334
4854	215424	228292
4855	215471	228251
4856	215508	228198
4857	215550	228151
4858	215596	228109
4859	215653	228078
4860	215685	228020
4861	215716	227962
4862	215758	227915
4863	215787	227854
4864	215833	227811
4865	215870	227760
4866	215909	227709
4867	215946	227657
4868	215990	227612
4869	216015	227548
4870	216041	227484
4871	216076	227430
4872	216120	227385
4873	216160	227336
4874	216219	227307
4875	216267	227267
4876	216301	227211
4877	216328	227149
4878	216339	227069
4879	216354	226995
4880	216402	226954
4881	216499	226965
4882	216543	226920
4883	216675	226967
4884	216752	226958
4885	216771	226886
4886	216838	226866
4887	216919	226860
4888	216986	226839
4889	217034	226798
4890	217085	226761
4891	217149	226737
4892	217196	226695
4893	217231	226641
4894	217339	226663
4895	217422	226659
4896	217491	226640
4897	217578	226640
4898	217700	226677
4899	217790	226679
4900	217853	226654
4901	217906	226619
4902	217945	226569
4903	217992	226527
4904	218037	226483
4905	218081	226438
4906	218102	226370
4907	218129	226307
4908	218154	226242
4909	218178	226176
4910	218246	226156
4911	218304	226126
4912	218356	226089
4913	218393	226038
4914	218427	225982
4915	218473	225940
4916	218536	225914
4917	218565	225854
4918	218610	225810
4919	218694	225806
4920	218740	225763
4921	218780	225714
4922	218816	225661
4923	218869	225625
4924	218926	225594
4925	218969	225547
4926	219014	225503
4927	219052	225453
4928	219088	225399
4929	219124	225346
4930	219163	225297
4931	219201	225246
4932	219237	225192
4933	219271	225137
4934	219310	225087
4935	219347	225035
4936	219389	224988
4937	219447	224957
4938	219516	224938
4939	219555	224888
4940	219585	224830
4941	219654	224809
4942	219769	224838
4943	219822	224802
4944	219872	224763
4945	219898	224699
4946	219932	224645
4947	219954	224577
4948	219967	224500
4949	219985	224429
4950	220017	224372
4951	220032	224297
4952	220046	224222
4953	220060	224147
4954	220075	224073
4955	220088	223996
4956	220102	223921
4957	220128	223858
4958	220185	223826
4959	220248	223801
4960	220285	223749
4961	220343	223718
4962	220367	223653
4963	220392	223588
4964	220437	223545
4965	220481	223500
4966	220524	223454
4967	220578	223420
4968	220620	223373
4969	220674	223339
4970	220747	223323
4971	220803	223290
4972	220834	223232
4973	220878	223187
4974	220926	223147
4975	220962	223093
4976	220993	223035
4977	221021	222974
4978	221047	222911
4979	221073	222849
4980	221103	222789
4981	221149	222747
4982	221205	222714
4983	221241	222662
4984	221304	222636
4985	221361	222604
4986	221387	222541
4987	221448	222513
4988	221493	222470
4989	221579	222468
4990	221672	222472
4991	221780	222491
4992	221850	222472
4993	222323	222857
4994	222353	222798
4995	222427	222783
4996	222451	222718
4997	222482	222660
4998	222510	222599
4999	222538	222538
5000	222577	222488
5001	222624	222446
5002	222674	222407
5003	222704	222348
5004	222743	222298
5005	222794	222260
5006	222843	222220
5007	222887	222175
5008	222951	222149
5009	223008	222118
5010	223062	222082
5011	223131	222062
5012	223223	222065
5013	223280	222034
5014	223349	222013
5015	223382	221957
5016	223439	221924
5017	223484	221880
5018	223552	221859
5019	223590	221808
5020	223631	221761
5021	223662	221702
5022	223692	221643
5023	223762	221624
5024	223787	221560
5025	223808	221492
5026	223832	221427
5027	223852	221359
5028	223882	221300
5029	223893	221223
5030	223926	221167
5031	223946	221097
5032	223969	221032
5033	223988	220962
5034	224000	220886
5035	224015	220812
5036	224031	220739
5037	224046	220666
5038	224068	220599
5039	224091	220534
5040	224121	220475
5041	224149	220415
5042	224203	220379
5043	224238	220325
5044	224280	220279
5045	224309	220220
5046	224340	220161
5047	224363	220096
5048	224408	220053
5049	224442	219998
5050	224525	219991
5051	224631	220007
5052	224666	219953
5053	224712	219910
5054	224775	219884
5055	224820	219840
5056	224851	219782
5057	224871	219714
5058	224908	219662
5059	224931	219597
5060	224955	219532
5061	224977	219466
5062	225008	219409
5063	225029	219341
5064	225051	219275
5065	225070	219205
5066	225114	219160
5067	225162	219120
5068	225185	219055
5069	225209	218990
5070	225242	218934
5071	225270	218874
5072	225296	218812
5073	225324	218752
5074	225365	218704
5075	225395	218646
5076	225437	218599
5077	225488	218561
5078	225526	218510
5079	225583	218478
5080	225630	218436
5081	225680	218397
5082	225710	218339
5083	225759	218299
5084	225785	218236
5085	225820	218183
5086	225866	218140
5087	225903	218088
5088	225960	218056
5089	226010	218018
5090	226064	217983
5091	226098	217928
5092	226155	217896
5093	226187	217839
5094	226212	217776
5095	226256	217731
5096	226299	217686
5097	226342	217640
5098	226387	217596
5099	226409	217530
5100	226444	217477
5101	226487	217431
5102	226515	217371
5103	226550	217318
5104	226581	217261
5105	226614	217205
5106	226645	217148
5107	226671	217086
5108	226705	217032
5109	226734	216972
5110	226785	216935
5111	226807	216868
5112	226856	216829
5113	226919	216802
5114	226966	216760
5115	227009	216715
5116	227032	216650
5117	227060	216590
5118	227082	216524
5119	227109	216464
5120	227132	216399
5121	227153	216332
5122	227189	216280
5123	227228	216230
5124	227243	216158
5125	227258	216086
5126	227272	216012
5127	227289	215943
5128	227302	215868
5129	227320	215799
5130	227358	215748
5131	227384	215687
5132	227414	215629
5133	227445	215572
5134	227488	215527
5135	227513	215464
5136	227562	215424
5137	227608	215381
5138	227668	215352
5139	227740	215334
5140	227826	215329
5141	227910	215322
5142	227971	215294
5143	228016	215249
5144	228060	215206
5145	228092	215149
5146	228130	215099
5147	228164	215045
5148	228187	214980
5149	228208	214915
5150	228251	214869
5151	228308	214836
5152	228345	214785
5153	228381	214733
5154	228424	214688
5155	228463	214638
5156	228505	214592
5157	228542	214540
5158	228580	214490
5159	228626	214448
5160	228681	214413
5161	228729	214372
5162	228784	214338
5163	228834	214300
5164	228884	214261
5165	228927	214215
5166	228982	214180
5167	229035	214144
5168	229073	214094
5169	229124	214056
5170	229155	213999
5171	229182	213938
5172	229212	213881
5173	229261	213841
5174	229300	213792
5175	229348	213751
5176	229422	213734
5177	229478	213701
5178	229515	213650
5179	229607	213650
5180	229686	213638
5181	229755	213616
5182	229820	213591
5183	229884	213565
5184	229938	213530
5185	230000	213502
5186	230044	213457
5187	230108	213431
5188	230138	213374
5189	230163	213311
5190	230193	213253
5191	230222	213195
5192	230284	213167
5193	230315	213110
5194	230360	213067
5195	230387	213006
5196	230429	212959
5197	230464	212906
5198	230501	212855
5199	230539	212806
5200	230591	212768
5201	230640	212728
5202	230706	212704
5203	230737	212647
5204	230785	212606
5205	230849	212580
5206	230906	212547
5207	230962	212514
5208	231034	212495
5209	231087	212458
5210	231142	212423
5211	231207	212398
5212	231266	212367
5213	231294	212308
5214	231333	212259
5215	231395	212230
5216	231448	212194
5217	231482	212140
5218	232138	212656
5219	232160	212591
5220	232196	212538
5221	232252	212505
5222	232285	212450
5223	232307	212384
5224	232344	212334
5225	232387	212288
5226	232410	212223
5227	232475	212198
5228	232524	212157
5229	232576	212119
5230	232668	212119
5231	232730	212090
5232	232779	212050
5233	232819	212001
5234	232873	211966
5235	232937	211939
5236	232988	211901
5237	233040	211862
5238	233083	211817
5239	233181	211821
5240	233204	211757
5241	233231	211697
5242	233291	211666
5243	233315	211603
5244	233328	211530
5245	233368	211481
5246	233415	211439
5247	233456	211392
5248	233491	211338
5249	233539	211297
5250	233560	211232
5251	233581	211166
5252	233593	211092
5253	233623	211034
5254	233636	210962
5255	233649	210889
5256	233662	210815
5257	233692	210758
5258	233730	210708
5259	233772	210661
5260	233796	210599
5261	233827	210542
5262	233863	210490
5263	233884	210425
5264	233925	210377
5265	233972	210334
5266	234025	210298
5267	234068	210252
5268	234109	210204
5269	234158	210164
5270	234222	210138
5271	234264	210091
5272	234347	210081
5273	234413	210056
5274	234482	210034
5275	234588	210044
5276	234640	210007
5277	234674	209953
5278	234708	209899
5279	234732	209836
5280	234776	209791
5281	234828	209753
5282	234879	209715
5283	234937	209682
5284	234961	209620
5285	234988	209560
5286	235018	209502
5287	235049	209446
5288	235083	209392
5289	235115	209337
5290	235161	209293
5291	235214	209257
5292	235268	209220
5293	235321	209184
5294	235376	209149
5295	235458	209138
5296	235487	209080
5297	235587	209085
5298	235659	209065
5299	235683	209002
5300	235727	208957
5301	235764	208906
5302	235791	208846
5303	235851	208816
5304	235888	208764
5305	235929	208717
5306	235977	208675
5307	236026	208635
5308	236077	208596
5309	236100	208533
5310	236146	208490
5311	236206	208458
5312	236249	208413
5313	236274	208351
5314	236300	208291
5315	236346	208248
5316	236378	208192
5317	236404	208131
5318	236426	208067
5319	236443	207999
5320	236486	207953
5321	236528	207907
5322	236571	207860
5323	236625	207824
5324	236654	207767
5325	236682	207707
5326	236702	207642
5327	236737	207589
5328	236762	207528
5329	236797	207475
5330	236822	207413
5331	236878	207380
5332	236929	207341
5333	236969	207293
5334	237028	207260
5335	237085	207228
5336	237117	207172
5337	237181	207145
5338	237236	207109
5339	237283	207067
5340	237300	206998
5341	237323	206936
5342	237366	206890
5343	237407	206842
5344	237438	206787
5345	237470	206731
5346	237500	206674
5347	237531	206618
5348	237563	206563
5349	237593	206506
5350	237647	206470
5351	237698	206431
5352	237745	206389
5353	237778	206335
5354	237801	206272
5355	237827	206212
5356	237869	206165
5357	237904	206113
5358	237943	206063
5359	237970	206003
5360	238018	205962
5361	238072	205926
5362	238116	205882
5363	238152	205830
5364	238208	205796
5365	238252	205751
5366	238275	205688
5367	238297	205625
5368	238318	205560
5369	238348	205503
5370	238372	205441
5371	238391	205375
5372	238412	205311
5373	238436	205249
5374	238458	205185
5375	238480	205121
5376	238547	205096
5377	238615	205072
5378	238647	205017
5379	238670	204955
5380	238705	204902
5381	238744	204853
5382	238780	204802
5383	238843	204774
5384	238872	204715
5385	238932	204684
5386	239013	204672
5387	239037	204610
5388	239108	204588
5389	239160	204551
5390	239230	204528
5391	239267	204477
5392	239324	204444
5393	239390	204418
5394	239431	204371
5395	239475	204326
5396	239514	204277
5397	239548	204223
5398	239592	204179
5399	239645	204142
5400	239714	204118
5401	239772	204085
5402	239855	204074
5403	239947	204070
5404	239990	204024
5405	240016	203965
5406	240057	203917
5407	240101	203873
5408	240135	203819
5409	240179	203775
5410	240236	203741
5411	240276	203693
5412	240312	203642
5413	240341	203584
5414	240376	203531
5415	240422	203488
5416	240434	203417
5417	240478	203372
5418	240503	203312
5419	240528	203251
5420	240551	203188
5421	240566	203119
5422	240584	203052
5423	240602	202985
5424	240618	202917
5425	240647	202860
5426	240707	202829
5427	240768	202799
5428	240821	202762
5429	240848	202702
5430	240882	202649
5431	240917	202597
5432	240965	202556
5433	241002	202505
5434	241044	202459
5435	241127	202447
5436	241746	202885
5437	241775	202828
5438	241804	202770
5439	241857	202733
5440	241902	202689
5441	241926	202628
5442	241970	202582
5443	242009	202533
5444	242082	202513
5445	242139	202479
5446	242219	202464
5447	242281	202434
5448	242338	202400
5449	242371	202346
5450	242409	202297
5451	242459	202257
5452	242499	202209
5453	242540	202161
5454	242578	202111
5455	242627	202070
5456	242656	202013
5457	242678	201950
5458	242699	201886
5459	242716	201819
5460	242736	201754
5461	242753	201687
5462	242770	201620
5463	242788	201553
5464	242800	201482
5465	242814	201412
5466	242834	201347
5467	242883	201307
5468	242927	201262
5469	242980	201225
5470	243029	201184
5471	243073	201139
5472	243101	201081
5473	243128	201022
5474	243182	200986
5475	243236	200950
5476	243271	200897
5477	243408	200929
5478	243444	200878
5479	243485	200830
5480	243536	200792
5481	243595	200759
5482	243628	200705
5483	243656	200648
5484	243694	200598
5485	243730	200547
5486	243757	200487
5487	243786	200430
5488	243812	200371
5489	243842	200315
5490	243880	200265
5491	243924	200220
5492	243961	200170
5493	243999	200120
5494	244038	200071
5495	244061	200009
5496	244108	199967
5497	244141	199913
5498	244180	199864
5499	244222	199818
5500	244264	199771
5501	244312	199730
5502	244345	199676
5503	244396	199637
5504	244419	199575
5505	244444	199515
5506	244480	199464
5507	244509	199407
5508	244548	199358
5509	244605	199324
5510	244667	199294
5511	244729	199264
5512	244770	199216
5513	244828	199184
5514	244877	199143
5515	244925	199101
5516	244960	199049
5517	244990	198994
5518	245040	198954
5519	245087	198911
5520	245120	198857
5521	245193	198836
5522	245236	198791
5523	245285	198750
5524	245318	198696
5525	245380	198666
5526	245418	198617
5527	245448	198561
5528	245474	198501
5529	245499	198441
5530	245539	198393
5531	245561	198330
5532	245600	198282
5533	245633	198229
5534	245656	198167
5535	245678	198104
5536	245714	198053
5537	245751	198003
5538	245779	197945
5539	245801	197883
5540	245825	197822
5541	245854	197765
5542	245879	197706
5543	245933	197669
5544	245980	197627
5545	246046	197599
5546	246091	197556
5547	246143	197518
5548	246182	197469
5549	246232	197429
5550	246254	197367
5551	246279	197307
5552	246307	197249
5553	246353	197206
5554	246391	197157
5555	246441	197118
5556	246475	197065
5557	246506	197010
5558	246531	196949
5559	246553	196888
5560	246574	196824
5561	246596	196762
5562	246631	196710
5563	246658	196652
5564	246685	196594
5565	246713	196537
5566	246733	196473
5567	246771	196424
5568	246799	196367
5569	246828	196310
5570	246861	196257
5571	246871	196186
5572	246898	196127
5573	246931	196074
5574	246954	196013
5575	246976	195951
5576	246998	195889
5577	247022	195828
5578	247049	195770
5579	247107	195737
5580	247141	195685
5581	247185	195640
5582	247228	195595
5583	247265	195545
5584	247314	195504
5585	247345	195449
5586	247373	195393
5587	247414	195345
5588	247472	195312
5589	247510	195263
5590	247548	195213
5591	247586	195164
5592	247626	195117
5593	247690	195088
5594	247774	195075
5595	247808	195022
5596	247846	194973
5597	247885	194925
5598	247956	194901
5599	248002	194859
5600	248062	194827
5601	248130	194801
5602	248158	194744
5603	248181	194683
5604	248206	194623
5605	248229	194563
5606	248252	194502
5607	248274	194440
5608	248309	194389
5609	248334	194329
5610	248358	194269
5611	248395	194219
5612	248418	194158
5613	248444	194100
5614	248466	194038
5615	248500	193986
5616	248520	193923
5617	248543	193861
5618	248566	193801
5619	248624	193767
5620	248662	193718
5621	248689	193660
5622	248721	193607
5623	248733	193538
5624	248753	193474
5625	248767	193407
5626	248788	193345
5627	248806	193280
5628	248826	193217
5629	248842	193151
5630	248858	193084
5631	248879	193023
5632	248897	192958
5633	248914	192893
5634	248929	192826
5635	248948	192762
5636	248967	192698
5637	248981	192631
5638	248996	192564
5639	249011	192498
5640	249029	192433
5641	249043	192366
5642	249062	192303
5643	249098	192252
5644	249156	192218
5645	249187	192164
5646	249227	192117
5647	249272	192074
5648	249342	192049
5649	249393	192010
5650	249438	191967
5651	249498	191935
5652	249555	191901
5653	249610	191865
5654	249651	191818
5655	249695	191774
5656	249775	191757
5657	250401	192160
5658	250565	192208
5659	250593	192151
5660	250685	192143
5661	250755	192118
5662	250801	192076
5663	250869	192050
5664	250928	192016
5665	250966	191967
5666	251023	191933
5667	251080	191898
5668	251138	191864
5669	251172	191812
5670	251224	191774
5671	251276	191735
5672	251333	191701
5673	251405	191677
5674	251453	191636
5675	251535	191620
5676	251604	191595
5677	251651	191552
5678	251713	191522
5679	251741	191465
5680	251787	191422
5681	251819	191368
5682	251846	191311
5683	251870	191251
5684	251894	191191
5685	251917	191131
5686	251965	191089
5687	252000	191038
5688	252028	190981
5689	252052	190921
5690	252092	190874
5691	252137	190830
5692	252167	190775
5693	252202	190724
5694	252222	190661
5695	252259	190611
5696	252296	190562
5697	252320	190502
5698	252341	190440
5699	252379	190391
5700	252420	190344
5701	252504	190330
5702	252569	190301
5703	252607	190252
5704	252676	190226
5705	252727	190187
5706	252788	190155
5707	252828	190108
5708	252901	190085
5709	252929	190029
5710	252949	189967
5711	252978	189911
5712	253001	189850
5713	253023	189789
5714	253046	189729
5715	253071	189671
5716	253095	189611
5717	253116	189549
5718	253148	189496
5719	253166	189432
5720	253185	189369
5721	253207	189308
5722	253233	189250
5723	253281	189208
5724	253346	189179
5725	253409	189150
5726	253455	189106
5727	253486	189052
5728	253520	189000
5729	253581	188969
5730	253620	188920
5731	253655	188869
5732	253712	188834
5733	253786	188813
5734	253841	188776
5735	253864	188716
5736	253903	188668
5737	253940	188618
5738	253978	188569
5739	254010	188516
5740	254067	188481
5741	254091	188422
5742	254158	188395
5743	254234	188374
5744	254272	188325
5745	254312	188278
5746	254360	188236
5747	254383	188176
5748	254404	188115
5749	254456	188076
5750	254494	188027
5751	254527	187974
5752	254593	187946
5753	254637	187902
5754	254695	187868
5755	254738	187823
5756	254796	187789
5757	254845	187748
5758	254884	187700
5759	254933	187659
5760	254962	187603
5761	254992	187549
5762	255032	187501
5763	255076	187457
5764	255114	187408
5765	255149	187357
5766	255163	187291
5767	255182	187228
5768	255198	187163
5769	255225	187106
5770	255279	187069
5771	255306	187012
5772	255351	186969
5773	255407	186932
5774	255476	186906
5775	255555	186887
5776	255610	186851
5777	255679	186825
5778	255767	186813
5779	255824	186778
5780	255911	186765
5781	255951	186717
5782	256020	186692
5783	256078	186657
5784	256132	186620
5785	256158	186562
5786	256270	186568
5787	256345	186546
5788	256409	186515
5789	256477	186488
5790	256547	186463
5791	256674	186478
5792	256775	186476
5793	256878	186474
5794	256939	186441
5795	256992	186403
5796	257050	186369
5797	257113	186338
5798	257166	186300
5799	257214	186258
5800	257283	186231
5801	257319	186181
5802	257403	186166
5803	257443	186118
5804	257498	186081
5805	257629	186100
5806	257704	186077
5807	257791	186064
5808	257830	186015
5809	257904	185992
5810	257958	185955
5811	258024	185926
5812	258078	185889
5813	258146	185862
5814	258180	185810
5815	258195	185744
5816	258208	185677
5817	258229	185616
5818	258258	185560
5819	258279	185499
5820	258315	185448
5821	258350	185398
5822	258388	185349
5823	259166	185831
5824	259241	185808
5825	259303	185776
5826	259396	185766
5827	259436	185718
5828	259463	185661
5829	259519	185625
5830	259581	185593
5831	259653	185568
5832	259696	185522
5833	259784	185509
5834	259860	185487
5835	259909	185445
5836	259994	185430
5837	260026	185376
5838	260109	185360
5839	260170	185326
5840	260226	185290
5841	260312	185275
5842	260362	185235
5843	260401	185186
5844	260453	185147
5845	260481	185090
5846	260552	185064
5847	260614	185032
5848	260651	184982
5849	260694	184936
5850	260744	184896
5851	260799	184859
5852	260839	184811
5853	260865	184753
5854	260894	184698
5855	260932	184649
5856	260975	184603
5857	261041	184573
5858	261083	184527
5859	261112	184471
5860	261149	184422
5861	261203	184383
5862	261287	184367
5863	261335	184325
5864	261378	184279
5865	261438	184245
5866	261561	184256
5867	261597	184205
5868	261627	184150
5869	261692	184120
5870	261760	184092
5871	261804	184047
5872	261830	183990
5873	261864	183938
5874	261904	183890
5875	261932	183834
5876	261994	183801
5877	262027	183749
5878	262056	183693
5879	262122	183663
5880	262172	183623
5881	262198	183566
5882	262226	183509
5883	262267	183462
5884	262300	183409
5885	262332	183356
5886	262364	183302
5887	262423	183268
5888	262482	183234
5889	262527	183189
5890	262564	183139
5891	262613	183098
5892	262634	183037
5893	262705	183011
5894	262741	182961
5895	262772	182906
5896	262800	182851
5897	262824	182791
5898	262858	182739
5899	262870	182672
5900	262888	182609
5901	262905	182546
5902	262926	182485
5903	262943	182421
5904	262981	182372
5905	263004	182312
5906	263037	182260
5907	263059	182200
5908	263084	182142
5909	263122	182093
5910	263133	182025
5911	263148	181960
5912	263170	181900
5913	263187	181836
5914	263200	181770
5915	263247	181727
5916	263394	181754
5917	263565	181797
5918	263673	181795
5919	263720	181753
5920	263778	181717
5921	263863	181701
5922	263920	181665
5923	263949	181609
5924	264009	181576
5925	264059	181535
5926	264113	181497
5927	264176	181465
5928	264236	181431
5929	264292	181394
5930	264343	181354
5931	264365	181294
5932	264395	181239
5933	264438	181194
5934	264459	181133
5935	264497	181084
5936	264554	181048
5937	264618	181017
5938	264676	180981
5939	264729	180943
5940	264752	180883
5941	264784	180830
5942	264807	180771
5943	264840	180718
5944	264856	180655
5945	264881	180596
5946	264918	180547
5947	264943	180489
5948	265051	180488
5949	265084	180435
5950	265147	180403
5951	265223	180380
5952	265297	180356
5953	265337	180307
5954	265366	180253
5955	265415	180211
5956	265490	180187
5957	265532	180141
5958	265578	180098
5959	265631	180058
5960	265675	180013
5961	265730	179976
5962	265762	179923
5963	265798	179873
5964	265839	179825
5965	265881	179780
5966	265925	179734
5967	265962	179685
5968	266028	179654
5969	266108	179634
5970	266169	179600
5971	266226	179564
5972	266253	179508
5973	266298	179464
5974	266352	179425
5975	266400	179383
5976	266460	179349
5977	266500	179301
5978	266594	179290
5979	266648	179252
5980	266663	179187
5981	266718	179149
5982	266746	179093
5983	266780	179042
5984	266813	178989
5985	266839	178933
5986	266864	178875
5987	266899	178824
5988	266942	178779
5989	267016	178753
5990	267060	178708
5991	267129	178680
5992	267197	178651
5993	267243	178608
5994	267308	178577
5995	268131	179052
5996	268185	179013
5997	268212	178957
5998	268249	178907
5999	268275	178850
6000	268296	178789
6001	268325	178734
6002	268361	178684
6003	268417	178647
6004	268452	178595
6005	268487	178544
6006	268528	178497
6007	268570	178451
6008	268641	178423
6009	268677	178373
6010	268724	178329
6011	268760	178279
6012	268787	178223
6013	268851	178191
6014	268920	178162
6015	269008	178146
6016	269084	178122
6017	269165	178101
6018	269273	178098
6019	269328	178061
6020	269355	178004
6021	269387	177951
6022	269431	177905
6023	269468	177856
6024	269497	177801
6025	269530	177749
6026	269556	177691
6027	269601	177647
6028	269649	177604
6029	269718	177576
6030	269769	177535
6031	269800	177481
6032	269855	177443
6033	269881	177386
6034	269920	177338
6035	269975	177300
6036	270013	177250
6037	270139	177259
6038	270220	177238
6039	270285	177206
6040	270333	177164
6041	270385	177124
6042	270439	177085
6043	270469	177031
6044	270524	176993
6045	270564	176945
6046	270611	176902
6047	270649	176853
6048	270673	176794
6049	270697	176736
6050	270709	176670
6051	270724	176605
6052	270738	176541
6053	270752	176476
6054	270766	176411
6055	270805	176363
6056	270887	176343
6057	270984	176332
6058	271064	176310
6059	271137	176283
6060	271186	176241
6061	271219	176190
6062	271268	176147
6063	271314	176103
6064	271359	176059
6065	271395	176009
6066	271464	175979
6067	271543	175957
6068	271587	175911
6069	271621	175860
6070	271653	175807
6071	271680	175750
6072	271711	175697
6073	271754	175651
6074	271796	175605
6075	271871	175580
6076	271919	175537
6077	271964	175492
6078	272014	175451
6079	272042	175395
6080	272071	175340
6081	272097	175284
6082	272136	175235
6083	272177	175188
6084	272227	175147
6085	272273	175103
6086	272305	175050
6087	272335	174996
6088	272372	174946
6089	272399	174890
6090	272441	174843
6091	272489	174800
6092	272534	174756
6093	272575	174709
6094	272630	174671
6095	272713	174650
6096	272746	174598
6097	272784	174549
6098	272824	174502
6099	272875	174461
6100	272922	174418
6101	272974	174378
6102	273023	174335
6103	273046	174277
6104	273065	174216
6105	273091	174159
6106	273116	174102
6107	273147	174048
6108	273173	173992
6109	273198	173934
6110	273226	173879
6111	273266	173831
6112	273313	173788
6113	273350	173738
6114	273401	173698
6115	273465	173666
6116	273517	173625
6117	273571	173586
6118	273629	173550
6119	273682	173511
6120	273726	173466
6121	273762	173415
6122	273825	173382
6123	273919	173368
6124	273964	173324
6125	274089	173330
6126	274189	173320
6127	274286	173309
6128	274345	173273
6129	274474	173281
6130	274528	173242
6131	274585	173205
6132	274630	173161
6133	274667	173111
6134	274700	173059
6135	274728	173003
6136	274780	172963
6137	274852	172935
6138	274928	172910
6139	275007	172887
6140	275046	172839
6141	275082	172788
6142	275131	172746
6143	275169	172697
6144	275195	172641
6145	275211	172578
6146	275232	172518
6147	275258	172461
6148	275314	172424
6149	275346	172371
6150	275372	172315
6151	275424	172274
6152	275472	172231
6153	275505	172179
6154	275527	172120
6155	275574	172077
6156	275617	172031
6157	275649	171978
6158	275687	171929
6159	275725	171880
6160	275750	171823
6161	275786	171773
6162	275845	171737
6163	275885	171690
6164	275922	171640
6165	275953	171586
6166	275978	171529
6167	276018	171482
6168	276075	171445
6169	276127	171404
6170	276765	171728
6171	276863	171716
6172	276921	171679
6173	276957	171629
6174	276989	171576
6175	277033	171531
6176	277065	171478
6177	277078	171413
6178	277092	171350
6179	277108	171287
6180	277140	171234
6181	277155	171170
6182	277169	171107
6183	277198	171052
6184	277211	170988
6185	277284	170960
6186	277304	170900
6187	277366	170866
6188	277406	170818
6189	277437	170765
6190	277464	170709
6191	277491	170653
6192	277543	170613
6193	277611	170582
6194	277682	170553
6195	277782	170543
6196	277825	170497
6197	277852	170441
6198	277911	170405
6199	277945	170353
6200	277970	170296
6201	277997	170240
6202	278065	170210
6203	278092	170154
6204	278114	170095
6205	278144	170041
6206	278164	169981
6207	278176	169917
6208	278190	169853
6209	278226	169803
6210	278291	169770
6211	278322	169717
6212	278346	169659
6213	278412	169628
6214	278480	169597
6215	278530	169555
6216	278584	169516
6217	278629	169471
6218	278684	169433
6219	278736	169392
6220	278775	169344
6221	278833	169307
6222	278888	169269
6223	278935	169225
6224	278990	169187
6225	279018	169132
6226	279047	169077
6227	279116	169047
6228	279145	168993
6229	279198	168953
6230	279276	168928
6231	279295	168867
6232	279341	168823
6233	279379	168774
6234	279424	168730
6235	279484	168694
6236	279538	168655
6237	279588	168613
6238	279608	168553
6239	279632	168496
6240	279661	168442
6241	279691	168388
6242	279713	168330
6243	279734	168270
6244	279753	168210
6245	279777	168153
6246	279797	168093
6247	279818	168034
6248	279854	167984
6249	279870	167922
6250	279891	167863
6251	279918	167807
6252	279949	167754
6253	279975	167698
6254	280005	167645
6255	280031	167589
6256	280059	167534
6257	280087	167479
6258	280101	167416
6259	280113	167352
6260	280126	167288
6261	280159	167236
6262	280186	167181
6263	280228	167134
6264	280262	167084
6265	280314	167043
6266	280341	166988
6267	280381	166940
6268	280417	166890
6269	280461	166845
6270	280505	166800
6271	280539	166749
6272	280596	166711
6273	280661	166679
6274	280711	166637
6275	280763	166597
6276	280810	166553
6277	280837	166498
6278	280876	166450
6279	280933	166412
6280	280970	166363
6281	281001	166310
6282	281059	166274
6283	281107	166231
6284	281143	166180
6285	281190	166137
6286	281218	166082
6287	281242	166025
6288	281288	165982
6289	281328	165934
6290	281351	165876
6291	281381	165823
6292	281411	165770
6293	281439	165715
6294	281493	165676
6295	281586	165660
6296	281631	165615
6297	281684	165575
6298	281736	165535
6299	281801	165502
6300	281857	165464
6301	281920	165430
6302	281968	165387
6303	282018	165345
6304	282065	165302
6305	282118	165262
6306	282164	165218
6307	282215	165177
6308	282257	165130
6309	282287	165077
6310	282331	165032
6311	282387	164994
6312	282424	164945
6313	282478	164905
6314	282529	164864
6315	282592	164830
6316	282636	164785
6317	282674	164736
6318	282723	164694
6319	282759	164644
6320	282823	164611
6321	282882	164574
6322	282923	164527
6323	282956	164476
6324	282988	164424
6325	283021	164372
6326	283070	164330
6327	283119	164288
6328	283159	164240
6329	283207	164197
6330	283244	164148
6331	283269	164092
6332	283308	164044
6333	283333	163987
6334	283346	163925
6335	283359	163861
6336	283376	163801
6337	283390	163738
6338	283407	163677
6339	283421	163615
6340	283438	163554
6341	283449	163491
6342	283463	163428
6343	283475	163365
6344	283489	163302
6345	283501	163238
6346	283513	163175
6347	283526	163112
6348	283539	163049
6349	283551	162986
6350	283565	162924
6351	283579	162861
6352	283620	162814
6353	283653	162763
6354	283677	162706
6355	283705	162652
6356	283744	162605
6357	283816	162576
6358	284432	162858
6359	284503	162829
6360	284550	162785
6361	284574	162729
6362	284630	162690
6363	284683	162650
6364	284743	162614
6365	284765	162556
6366	284807	162510
6367	284833	162455
6368	284857	162398
6369	284891	162348
6370	284915	162291
6371	284938	162234
6372	284972	162183
6373	284995	162126
6374	285021	162070
6375	285043	162013
6376	285080	161964
6377	285105	161908
6378	285127	161850
6379	285149	161793
6380	285176	161738
6381	285201	161682
6382	285263	161647
6383	285314	161606
6384	285326	161543
6385	285338	161480
6386	285390	161439
6387	285437	161396
