iter	Passed	Remaining
0	17	171637
1	30	153000
2	41	139229
3	52	130886
4	63	126264
5	73	123144
6	84	120658
7	95	119214
8	107	118998
9	117	117356
10	127	116224
11	139	116296
12	151	116480
13	161	115476
14	172	114812
15	190	118719
16	203	119692
17	215	119258
18	227	119493
19	238	118835
20	249	118567
21	260	117950
22	270	117342
23	282	117540
24	292	116683
25	302	116016
26	312	115398
27	322	114824
28	332	114205
29	342	113805
30	352	113300
31	361	112733
32	372	112575
33	382	112210
34	393	112115
35	405	112138
36	416	112032
37	426	111808
38	436	111496
39	447	111309
40	457	111106
41	467	110871
42	477	110567
43	487	110246
44	497	110032
45	508	110004
46	522	110624
47	538	111646
48	557	113186
49	571	113725
50	582	113549
51	592	113371
52	603	113264
53	615	113450
54	627	113452
55	639	113480
56	650	113412
57	661	113318
58	672	113238
59	683	113204
60	693	113061
61	704	112921
62	715	112777
63	725	112560
64	735	112429
65	746	112355
66	756	112185
67	767	112035
68	777	111948
69	788	111832
70	799	111860
71	810	111805
72	821	111667
73	833	111812
74	844	111805
75	856	111832
76	867	111789
77	877	111615
78	889	111764
79	901	111758
80	911	111623
81	921	111494
82	932	111390
83	943	111357
84	954	111395
85	965	111282
86	975	111123
87	984	110920
88	995	110843
89	1006	110878
90	1018	110932
91	1029	110853
92	1041	110982
93	1052	110963
94	1063	110917
95	1074	110851
96	1084	110756
97	1095	110694
98	1106	110627
99	1117	110589
100	1126	110429
101	1136	110259
102	1146	110150
103	1156	110066
104	1167	110038
105	1177	109893
106	1187	109782
107	1196	109625
108	1206	109483
109	1217	109431
110	1227	109327
111	1237	109259
112	1249	109309
113	1261	109424
114	1272	109416
115	1284	109483
116	1296	109550
117	1308	109565
118	1319	109568
119	1331	109585
120	1342	109579
121	1352	109541
122	1363	109513
123	1374	109476
124	1385	109446
125	1397	109544
126	1409	109578
127	1420	109574
128	1432	109582
129	1443	109600
130	1454	109561
131	1465	109524
132	1475	109494
133	1486	109461
134	1497	109439
135	1508	109408
136	1519	109374
137	1529	109333
138	1540	109285
139	1551	109243
140	1562	109219
141	1573	109225
142	1588	109479
143	1599	109466
144	1612	109624
145	1626	109744
146	1637	109785
147	1648	109762
148	1659	109739
149	1670	109678
150	1681	109656
151	1692	109627
152	1702	109549
153	1712	109487
154	1723	109491
155	1733	109413
156	1743	109332
157	1754	109278
158	1765	109253
159	1776	109231
160	1787	109225
161	1797	109138
162	1807	109077
163	1817	109011
164	1827	108943
165	1838	108886
166	1848	108854
167	1859	108819
168	1869	108770
169	1880	108725
170	1892	108775
171	1902	108686
172	1914	108734
173	1925	108711
174	1934	108615
175	1945	108567
176	1955	108520
177	1965	108445
178	1975	108385
179	1986	108395
180	1998	108393
181	2009	108404
182	2020	108383
183	2030	108349
184	2041	108305
185	2051	108260
186	2062	108249
187	2073	108234
188	2084	108207
189	2095	108203
190	2105	108124
191	2116	108101
192	2126	108052
193	2136	108013
194	2147	107980
195	2158	107980
196	2169	107935
197	2179	107889
198	2190	107869
199	2200	107812
200	2211	107793
201	2221	107773
202	2232	107756
203	2243	107734
204	2254	107702
205	2267	107798
206	2278	107779
207	2289	107806
208	2300	107789
209	2312	107808
210	2323	107786
211	2333	107759
212	2344	107735
213	2354	107679
214	2365	107658
215	2377	107692
216	2389	107703
217	2401	107744
218	2413	107800
219	2424	107790
220	2437	107856
221	2449	107879
222	2460	107878
223	2472	107909
224	2483	107893
225	2494	107870
226	2506	107910
227	2516	107873
228	2528	107865
229	2538	107835
230	2550	107843
231	2560	107808
232	2571	107785
233	2581	107729
234	2591	107699
235	2601	107636
236	2611	107588
237	2621	107538
238	2632	107513
239	2642	107448
240	2652	107411
241	2662	107374
242	2673	107347
243	2683	107298
244	2693	107257
245	2704	107224
246	2717	107285
247	2727	107267
248	2738	107227
249	2749	107227
250	2760	107221
251	2771	107215
252	2782	107199
253	2792	107164
254	2804	107190
255	2814	107142
256	2824	107095
257	2835	107072
258	2846	107059
259	2856	107016
260	2866	106974
261	2880	107074
262	2890	107030
263	2901	107001
264	2911	106970
265	2922	106939
266	2933	106922
267	2944	106908
268	2955	106912
269	2966	106896
270	2977	106878
271	2988	106872
272	2999	106868
273	3009	106842
274	3020	106818
275	3031	106812
276	3042	106781
277	3053	106769
278	3063	106734
279	3073	106707
280	3084	106677
281	3095	106670
282	3105	106633
283	3115	106600
284	3126	106587
285	3138	106592
286	3149	106585
287	3160	106583
288	3171	106578
289	3182	106558
290	3193	106532
291	3203	106515
292	3214	106489
293	3226	106506
294	3236	106491
295	3247	106477
296	3258	106471
297	3268	106425
298	3278	106373
299	3288	106332
300	3298	106272
301	3307	106214
302	3317	106166
303	3327	106143
304	3338	106105
305	3348	106070
306	3358	106054
307	3369	106032
308	3379	105989
309	3391	106020
310	3403	106027
311	3414	106032
312	3425	106013
313	3435	105979
314	3446	105960
315	3458	105988
316	3470	106019
317	3481	105995
318	3492	105991
319	3505	106029
320	3516	106034
321	3527	106034
322	3540	106063
323	3552	106082
324	3562	106066
325	3574	106066
326	3585	106061
327	3596	106046
328	3608	106074
329	3620	106080
330	3631	106085
331	3643	106101
332	3655	106104
333	3665	106094
334	3677	106105
335	3688	106091
336	3700	106098
337	3710	106066
338	3721	106056
339	3732	106034
340	3743	106023
341	3753	106010
342	3765	106015
343	3776	105994
344	3788	106010
345	3800	106030
346	3811	106032
347	3822	106029
348	3834	106030
349	3845	106036
350	3857	106037
351	3877	106288
352	3894	106439
353	3905	106427
354	3916	106396
355	3926	106369
356	3936	106327
357	3947	106308
358	3957	106268
359	3967	106239
360	3978	106239
361	3988	106204
362	3999	106175
363	4009	106153
364	4019	106113
365	4029	106077
366	4042	106110
367	4052	106082
368	4063	106057
369	4073	106013
370	4083	105986
371	4094	105967
372	4104	105927
373	4113	105881
374	4124	105856
375	4134	105815
376	4144	105778
377	4153	105734
378	4164	105710
379	4174	105679
380	4184	105637
381	4196	105667
382	4208	105662
383	4218	105642
384	4230	105642
385	4240	105622
386	4268	106016
387	4278	106002
388	4289	105977
389	4300	105966
390	4311	105953
391	4322	105937
392	4333	105932
393	4344	105934
394	4355	105905
395	4365	105870
396	4376	105852
397	4386	105819
398	4397	105809
399	4407	105785
400	4417	105754
401	4428	105723
402	4439	105718
403	4450	105703
404	4460	105680
405	4471	105659
406	4483	105682
407	4494	105675
408	4506	105680
409	4517	105667
410	4528	105655
411	4540	105659
412	4551	105660
413	4563	105659
414	4575	105673
415	4586	105658
416	4598	105668
417	4608	105644
418	4621	105679
419	4633	105689
420	4653	105883
421	4673	106062
422	4690	106188
423	4701	106183
424	4711	106155
425	4722	106125
426	4732	106098
427	4746	106161
428	4759	106176
429	4771	106197
430	4782	106171
431	4793	106156
432	4806	106192
433	4818	106214
434	4830	106207
435	4839	106167
436	4849	106132
437	4859	106098
438	4870	106069
439	4879	106028
440	4899	106195
441	4919	106374
442	4932	106416
443	4944	106422
444	4957	106441
445	4968	106425
446	4979	106424
447	4991	106418
448	5001	106400
449	5013	106400
450	5025	106395
451	5036	106382
452	5046	106360
453	5057	106334
454	5068	106319
455	5079	106306
456	5089	106276
457	5100	106259
458	5113	106292
459	5132	106453
460	5149	106548
461	5164	106616
462	5175	106608
463	5186	106598
464	5197	106570
465	5208	106555
466	5219	106543
467	5230	106525
468	5241	106509
469	5252	106495
470	5262	106475
471	5272	106443
472	5284	106428
473	5294	106407
474	5305	106385
475	5316	106369
476	5326	106342
477	5337	106326
478	5348	106308
479	5358	106275
480	5368	106243
481	5378	106217
482	5389	106203
483	5399	106164
484	5410	106148
485	5420	106121
486	5431	106090
487	5441	106064
488	5452	106043
489	5462	106020
490	5472	105985
491	5482	105955
492	5492	105917
493	5502	105879
494	5512	105852
495	5522	105821
496	5538	105899
497	5553	105970
498	5566	105992
499	5576	105953
500	5587	105930
501	5597	105915
502	5608	105887
503	5619	105880
504	5631	105886
505	5643	105886
506	5653	105863
507	5666	105869
508	5677	105869
509	5688	105851
510	5700	105849
511	5711	105844
512	5722	105831
513	5733	105806
514	5744	105799
515	5755	105776
516	5765	105755
517	5776	105737
518	5788	105738
519	5798	105718
520	5810	105713
521	5821	105692
522	5831	105668
523	5843	105664
524	5854	105659
525	5865	105647
526	5876	105636
527	5897	105797
528	5908	105784
529	5919	105773
530	5930	105758
531	5941	105741
532	5952	105726
533	5963	105708
534	5973	105685
535	5984	105662
536	5995	105650
537	6005	105627
538	6016	105606
539	6027	105590
540	6037	105567
541	6048	105542
542	6061	105567
543	6073	105574
544	6085	105575
545	6096	105556
546	6106	105536
547	6118	105528
548	6129	105522
549	6140	105496
550	6149	105463
551	6160	105435
552	6169	105387
553	6179	105357
554	6188	105317
555	6198	105283
556	6208	105255
557	6219	105232
558	6229	105206
559	6239	105183
560	6251	105189
561	6263	105179
562	6275	105192
563	6286	105174
564	6297	105162
565	6308	105153
566	6318	105126
567	6329	105100
568	6340	105098
569	6351	105071
570	6362	105059
571	6373	105050
572	6384	105036
573	6395	105016
574	6406	105004
575	6416	104981
576	6426	104956
577	6437	104930
578	6447	104906
579	6458	104898
580	6469	104884
581	6480	104863
582	6492	104876
583	6504	104868
584	6515	104859
585	6526	104848
586	6537	104830
587	6547	104810
588	6558	104788
589	6568	104768
590	6579	104751
591	6590	104729
592	6600	104703
593	6611	104686
594	6623	104689
595	6633	104672
596	6644	104658
597	6655	104639
598	6666	104623
599	6676	104602
600	6687	104583
601	6700	104606
602	6711	104594
603	6723	104587
604	6735	104590
605	6745	104572
606	6756	104558
607	6767	104547
608	6779	104537
609	6789	104512
610	6800	104500
611	6811	104487
612	6821	104460
613	6831	104438
614	6842	104411
615	6852	104389
616	6862	104363
617	6872	104337
618	6891	104440
619	6901	104417
620	6911	104388
621	6923	104386
622	6934	104372
623	6945	104354
624	6955	104331
625	6965	104306
626	6976	104290
627	6986	104258
628	6996	104241
629	7006	104213
630	7016	104187
631	7026	104157
632	7036	104121
633	7046	104093
634	7056	104068
635	7066	104036
636	7075	104001
637	7085	103967
638	7094	103928
639	7104	103907
640	7116	103899
641	7126	103883
642	7137	103869
643	7150	103881
644	7161	103875
645	7172	103862
646	7183	103846
647	7194	103829
648	7204	103811
649	7215	103795
650	7225	103768
651	7236	103750
652	7247	103746
653	7258	103731
654	7269	103721
655	7280	103705
656	7291	103687
657	7301	103670
658	7312	103651
659	7323	103642
660	7334	103621
661	7345	103610
662	7356	103597
663	7367	103592
664	7378	103572
665	7388	103554
666	7399	103533
667	7409	103508
668	7420	103496
669	7431	103487
670	7442	103470
671	7452	103441
672	7462	103416
673	7473	103408
674	7484	103395
675	7495	103378
676	7505	103361
677	7516	103342
678	7527	103333
679	7538	103322
680	7548	103292
681	7558	103270
682	7569	103255
683	7580	103244
684	7589	103211
685	7600	103193
686	7611	103176
687	7622	103173
688	7633	103158
689	7644	103139
690	7654	103118
691	7665	103104
692	7675	103084
693	7686	103065
694	7696	103041
695	7706	103012
696	7715	102986
697	7726	102972
698	7737	102955
699	7747	102936
700	7757	102910
701	7767	102886
702	7777	102855
703	7794	102916
704	7807	102937
705	7817	102913
706	7827	102889
707	7838	102874
708	7851	102890
709	7862	102874
710	7875	102894
711	7900	103055
712	7911	103052
713	7923	103045
714	7934	103033
715	7945	103027
716	7958	103035
717	7969	103024
718	7980	103010
719	7991	102999
720	8002	102982
721	8013	102982
722	8025	102975
723	8036	102967
724	8047	102954
725	8059	102953
726	8070	102944
727	8081	102934
728	8093	102933
729	8109	102976
730	8121	102981
731	8133	102973
732	8144	102963
733	8155	102955
734	8170	102998
735	8193	103125
736	8207	103151
737	8218	103137
738	8228	103123
739	8239	103110
740	8251	103098
741	8261	103084
742	8272	103068
743	8283	103052
744	8293	103034
745	8304	103020
746	8316	103013
747	8330	103036
748	8341	103025
749	8351	103006
750	8362	102986
751	8372	102967
752	8382	102941
753	8392	102916
754	8402	102888
755	8413	102870
756	8422	102838
757	8432	102812
758	8442	102792
759	8452	102759
760	8462	102734
761	8472	102716
762	8482	102691
763	8492	102662
764	8502	102643
765	8512	102620
766	8523	102600
767	8532	102571
768	8543	102555
769	8555	102555
770	8567	102557
771	8578	102547
772	8590	102536
773	8600	102515
774	8610	102496
775	8621	102477
776	8631	102452
777	8641	102431
778	8651	102406
779	8662	102394
780	8673	102381
781	8683	102361
782	8694	102341
783	8704	102318
784	8714	102302
785	8725	102280
786	8735	102264
787	8746	102252
788	8756	102229
789	8767	102217
790	8779	102209
791	8790	102194
792	8800	102177
793	8811	102166
794	8822	102155
795	8833	102135
796	8843	102118
797	8854	102102
798	8864	102084
799	8875	102065
800	8885	102049
801	8901	102088
802	8912	102077
803	8923	102063
804	8935	102066
805	8951	102104
806	8964	102120
807	8976	102117
808	8988	102114
809	8999	102105
810	9011	102101
811	9022	102096
812	9034	102092
813	9044	102069
814	9055	102059
815	9066	102043
816	9077	102026
817	9087	102007
818	9098	101992
819	9109	101977
820	9119	101959
821	9129	101938
822	9140	101924
823	9151	101914
824	9162	101900
825	9172	101878
826	9183	101866
827	9194	101852
828	9205	101836
829	9215	101812
830	9224	101784
831	9235	101770
832	9245	101748
833	9256	101731
834	9265	101703
835	9276	101682
836	9286	101662
837	9298	101657
838	9308	101642
839	9318	101617
840	9329	101598
841	9339	101581
842	9350	101573
843	9361	101556
844	9371	101537
845	9383	101528
846	9394	101516
847	9406	101523
848	9417	101507
849	9427	101488
850	9439	101479
851	9449	101461
852	9460	101449
853	9471	101439
854	9482	101426
855	9496	101441
856	9507	101436
857	9520	101438
858	9531	101433
859	9542	101421
860	9554	101413
861	9566	101412
862	9576	101393
863	9587	101377
864	9598	101368
865	9609	101350
866	9619	101334
867	9629	101308
868	9639	101289
869	9650	101278
870	9661	101262
871	9671	101242
872	9683	101233
873	9695	101233
874	9707	101230
875	9719	101228
876	9732	101240
877	9743	101229
878	9755	101224
879	9766	101214
880	9777	101203
881	9788	101187
882	9797	101161
883	9808	101147
884	9820	101145
885	9831	101138
886	9842	101120
887	9852	101103
888	9863	101087
889	9874	101073
890	9884	101052
891	9895	101036
892	9913	101094
893	9924	101084
894	9935	101080
895	9946	101067
896	9957	101048
897	9967	101031
898	9978	101017
899	9988	100996
900	9998	100976
901	10009	100959
902	10019	100934
903	10028	100910
904	10039	100894
905	10050	100878
906	10061	100869
907	10072	100855
908	10083	100842
909	10093	100825
910	10105	100819
911	10115	100802
912	10127	100800
913	10139	100791
914	10150	100782
915	10162	100777
916	10172	100763
917	10183	100749
918	10194	100737
919	10206	100732
920	10217	100721
921	10229	100716
922	10240	100704
923	10250	100683
924	10260	100668
925	10271	100655
926	10282	100639
927	10293	100626
928	10304	100612
929	10314	100591
930	10327	100599
931	10337	100580
932	10348	100571
933	10360	100561
934	10370	100546
935	10383	100552
936	10395	100546
937	10406	100539
938	10417	100527
939	10428	100510
940	10438	100494
941	10450	100484
942	10461	100473
943	10471	100454
944	10481	100438
945	10492	100420
946	10503	100410
947	10513	100392
948	10524	100372
949	10534	100350
950	10544	100335
951	10554	100316
952	10566	100308
953	10575	100282
954	10586	100270
955	10597	100258
956	10608	100241
957	10618	100219
958	10628	100204
959	10639	100187
960	10650	100172
961	10659	100148
962	10670	100129
963	10680	100116
964	10690	100096
965	10706	100128
966	10717	100113
967	10727	100091
968	10736	100065
969	10746	100040
970	10757	100026
971	10767	100007
972	10777	99984
973	10787	99966
974	10798	99958
975	10810	99948
976	10821	99942
977	10832	99929
978	10844	99923
979	10856	99928
980	10867	99916
981	10879	99905
982	10889	99891
983	10901	99881
984	10911	99869
985	10933	99955
986	10945	99952
987	10955	99933
988	10966	99920
989	10977	99910
990	10988	99891
991	10999	99882
992	11011	99876
993	11022	99869
994	11033	99857
995	11044	99844
996	11055	99835
997	11068	99837
998	11080	99831
999	11091	99819
1000	11102	99810
1001	11112	99793
1002	11123	99780
1003	11135	99774
1004	11145	99752
1005	11155	99734
1006	11165	99714
1007	11176	99703
1008	11187	99690
1009	11198	99674
1010	11208	99659
1011	11219	99646
1012	11230	99631
1013	11241	99623
1014	11252	99611
1015	11262	99592
1016	11275	99594
1017	11285	99577
1018	11297	99573
1019	11309	99563
1020	11320	99556
1021	11331	99540
1022	11342	99528
1023	11352	99514
1024	11363	99501
1025	11373	99481
1026	11384	99468
1027	11394	99444
1028	11404	99426
1029	11414	99409
1030	11425	99391
1031	11436	99380
1032	11446	99360
1033	11457	99346
1034	11468	99335
1035	11477	99310
1036	11489	99303
1037	11499	99285
1038	11509	99268
1039	11521	99264
1040	11533	99262
1041	11544	99246
1042	11555	99231
1043	11565	99217
1044	11576	99200
1045	11587	99187
1046	11596	99166
1047	11607	99149
1048	11618	99135
1049	11629	99124
1050	11639	99109
1051	11650	99096
1052	11661	99080
1053	11672	99070
1054	11682	99054
1055	11693	99041
1056	11705	99039
1057	11717	99033
1058	11728	99025
1059	11739	99012
1060	11751	99003
1061	11762	98991
1062	11772	98979
1063	11783	98960
1064	11793	98941
1065	11803	98924
1066	11814	98909
1067	11824	98890
1068	11834	98873
1069	11845	98860
1070	11856	98845
1071	11867	98834
1072	11878	98822
1073	11889	98809
1074	11899	98794
1075	11910	98782
1076	11926	98809
1077	11950	98907
1078	11962	98899
1079	11973	98889
1080	11985	98890
1081	11996	98874
1082	12006	98856
1083	12016	98839
1084	12027	98824
1085	12039	98818
1086	12049	98803
1087	12060	98792
1088	12070	98769
1089	12080	98751
1090	12091	98739
1091	12102	98725
1092	12111	98702
1093	12122	98683
1094	12132	98668
1095	12143	98658
1096	12154	98644
1097	12164	98624
1098	12175	98609
1099	12188	98617
1100	12200	98608
1101	12209	98586
1102	12220	98569
1103	12229	98546
1104	12239	98526
1105	12250	98516
1106	12261	98497
1107	12270	98473
1108	12281	98462
1109	12291	98445
1110	12302	98427
1111	12313	98416
1112	12323	98398
1113	12336	98400
1114	12347	98395
1115	12359	98386
1116	12371	98387
1117	12382	98377
1118	12394	98372
1119	12407	98372
1120	12419	98366
1121	12429	98351
1122	12440	98340
1123	12451	98325
1124	12461	98311
1125	12473	98302
1126	12484	98293
1127	12496	98285
1128	12507	98274
1129	12518	98265
1130	12528	98246
1131	12540	98242
1132	12551	98228
1133	12563	98225
1134	12574	98215
1135	12587	98220
1136	12600	98221
1137	12616	98251
1138	12627	98235
1139	12638	98222
1140	12648	98208
1141	12659	98192
1142	12670	98179
1143	12680	98166
1144	12692	98155
1145	12703	98143
1146	12713	98127
1147	12723	98109
1148	12734	98097
1149	12746	98093
1150	12757	98081
1151	12768	98065
1152	12781	98072
1153	12792	98064
1154	12804	98053
1155	12814	98036
1156	12825	98022
1157	12835	98005
1158	12846	97991
1159	12856	97978
1160	12867	97962
1161	12877	97944
1162	12887	97924
1163	12896	97901
1164	12906	97882
1165	12916	97861
1166	12927	97847
1167	12946	97899
1168	12967	97961
1169	12979	97953
1170	12989	97936
1171	12999	97920
1172	13011	97912
1173	13022	97903
1174	13034	97894
1175	13044	97879
1176	13057	97877
1177	13067	97859
1178	13078	97847
1179	13088	97829
1180	13098	97815
1181	13110	97804
1182	13120	97790
1183	13130	97772
1184	13141	97757
1185	13151	97738
1186	13162	97723
1187	13172	97709
1188	13184	97701
1189	13195	97692
1190	13206	97680
1191	13217	97670
1192	13230	97670
1193	13241	97655
1194	13252	97646
1195	13263	97634
1196	13274	97623
1197	13285	97610
1198	13296	97596
1199	13306	97583
1200	13317	97568
1201	13328	97555
1202	13338	97538
1203	13349	97524
1204	13360	97512
1205	13370	97498
1206	13381	97486
1207	13392	97472
1208	13404	97467
1209	13415	97453
1210	13425	97439
1211	13458	97583
1212	13469	97574
1213	13481	97569
1214	13492	97559
1215	13504	97551
1216	13517	97552
1217	13529	97546
1218	13539	97531
1219	13549	97510
1220	13559	97492
1221	13569	97477
1222	13580	97460
1223	13590	97445
1224	13601	97428
1225	13611	97410
1226	13622	97397
1227	13631	97376
1228	13642	97363
1229	13653	97348
1230	13663	97330
1231	13674	97319
1232	13686	97313
1233	13697	97299
1234	13707	97285
1235	13718	97270
1236	13729	97261
1237	13739	97245
1238	13750	97229
1239	13761	97218
1240	13771	97202
1241	13783	97192
1242	13794	97183
1243	13805	97169
1244	13816	97156
1245	13827	97145
1246	13837	97130
1247	13848	97117
1248	13859	97104
1249	13870	97091
1250	13882	97086
1251	13893	97078
1252	13905	97071
1253	13915	97054
1254	13928	97053
1255	13939	97041
1256	13950	97028
1257	13971	97087
1258	13983	97086
1259	13995	97077
1260	14004	97056
1261	14015	97038
1262	14025	97022
1263	14035	97004
1264	14045	96986
1265	14055	96969
1266	14066	96954
1267	14076	96935
1268	14087	96924
1269	14098	96914
1270	14109	96898
1271	14119	96882
1272	14129	96867
1273	14141	96861
1274	14152	96850
1275	14164	96839
1276	14175	96830
1277	14186	96816
1278	14197	96805
1279	14208	96793
1280	14218	96779
1281	14229	96765
1282	14239	96744
1283	14248	96723
1284	14260	96715
1285	14270	96698
1286	14282	96689
1287	14294	96685
1288	14304	96666
1289	14313	96647
1290	14323	96625
1291	14333	96606
1292	14343	96586
1293	14354	96575
1294	14364	96558
1295	14374	96542
1296	14385	96531
1297	14397	96520
1298	14407	96508
1299	14418	96496
1300	14429	96481
1301	14439	96463
1302	14450	96447
1303	14459	96428
1304	14469	96410
1305	14480	96396
1306	14492	96390
1307	14502	96375
1308	14513	96360
1309	14524	96348
1310	14535	96336
1311	14545	96322
1312	14556	96307
1313	14567	96296
1314	14577	96281
1315	14589	96270
1316	14599	96255
1317	14611	96248
1318	14623	96243
1319	14634	96235
1320	14646	96227
1321	14659	96228
1322	14670	96217
1323	14681	96205
1324	14692	96196
1325	14703	96180
1326	14713	96164
1327	14724	96151
1328	14737	96155
1329	14748	96142
1330	14759	96129
1331	14769	96113
1332	14781	96109
1333	14792	96093
1334	14802	96076
1335	14812	96061
1336	14823	96050
1337	14836	96049
1338	14847	96037
1339	14858	96028
1340	14869	96015
1341	14880	96001
1342	14891	95989
1343	14902	95980
1344	14913	95968
1345	14924	95955
1346	14934	95939
1347	14945	95927
1348	14955	95909
1349	14966	95895
1350	14976	95879
1351	15000	95947
1352	15011	95936
1353	15021	95920
1354	15032	95907
1355	15042	95888
1356	15051	95868
1357	15064	95864
1358	15074	95851
1359	15085	95839
1360	15095	95821
1361	15105	95802
1362	15116	95787
1363	15125	95766
1364	15136	95751
1365	15146	95733
1366	15156	95719
1367	15166	95699
1368	15176	95682
1369	15193	95707
1370	15208	95718
1371	15226	95753
1372	15244	95786
1373	15256	95777
1374	15266	95765
1375	15277	95750
1376	15287	95735
1377	15298	95722
1378	15309	95711
1379	15321	95704
1380	15333	95696
1381	15344	95684
1382	15354	95669
1383	15365	95654
1384	15376	95644
1385	15386	95625
1386	15397	95612
1387	15407	95600
1388	15418	95585
1389	15428	95570
1390	15439	95556
1391	15450	95541
1392	15460	95525
1393	15471	95512
1394	15482	95500
1395	15492	95486
1396	15503	95474
1397	15514	95459
1398	15526	95454
1399	15537	95445
1400	15548	95432
1401	15559	95421
1402	15570	95409
1403	15580	95393
1404	15591	95380
1405	15602	95367
1406	15613	95355
1407	15623	95341
1408	15634	95324
1409	15644	95308
1410	15655	95295
1411	15666	95284
1412	15678	95278
1413	15688	95264
1414	15699	95251
1415	15714	95265
1416	15729	95275
1417	15740	95265
1418	15752	95261
1419	15764	95252
1420	15775	95240
1421	15786	95228
1422	15797	95219
1423	15808	95205
1424	15824	95222
1425	15837	95223
1426	15849	95220
1427	15859	95203
1428	15871	95195
1429	15882	95182
1430	15892	95168
1431	15903	95153
1432	15914	95139
1433	15925	95128
1434	15935	95113
1435	15952	95137
1436	15970	95164
1437	15980	95151
1438	15992	95140
1439	16028	95281
1440	16040	95274
1441	16051	95261
1442	16062	95248
1443	16073	95236
1444	16083	95222
1445	16094	95208
1446	16105	95197
1447	16116	95185
1448	16127	95172
1449	16138	95158
1450	16149	95149
1451	16160	95139
1452	16171	95128
1453	16182	95115
1454	16194	95106
1455	16204	95092
1456	16215	95080
1457	16227	95070
1458	16238	95060
1459	16249	95049
1460	16260	95036
1461	16271	95022
1462	16281	95009
1463	16292	94993
1464	16302	94976
1465	16313	94962
1466	16323	94949
1467	16333	94931
1468	16344	94916
1469	16355	94905
1470	16365	94891
1471	16376	94878
1472	16387	94864
1473	16397	94848
1474	16409	94840
1475	16420	94828
1476	16430	94813
1477	16441	94799
1478	16452	94787
1479	16462	94772
1480	16472	94751
1481	16481	94730
1482	16491	94714
1483	16501	94696
1484	16512	94681
1485	16522	94663
1486	16531	94644
1487	16542	94629
1488	16552	94614
1489	16562	94597
1490	16573	94582
1491	16584	94572
1492	16597	94572
1493	16608	94561
1494	16620	94551
1495	16631	94542
1496	16641	94525
1497	16651	94509
1498	16662	94493
1499	16673	94482
1500	16684	94469
1501	16694	94452
1502	16704	94437
1503	16714	94421
1504	16726	94410
1505	16736	94397
1506	16747	94384
1507	16758	94372
1508	16769	94362
1509	16780	94351
1510	16791	94339
1511	16802	94325
1512	16815	94325
1513	16828	94323
1514	16840	94315
1515	16851	94305
1516	16862	94292
1517	16872	94277
1518	16885	94275
1519	16895	94259
1520	16906	94249
1521	16917	94233
1522	16927	94219
1523	16938	94207
1524	16951	94204
1525	16962	94193
1526	16973	94180
1527	16983	94166
1528	16994	94153
1529	17005	94139
1530	17029	94202
1531	17042	94200
1532	17054	94194
1533	17065	94182
1534	17076	94170
1535	17086	94154
1536	17096	94137
1537	17106	94121
1538	17116	94104
1539	17127	94087
1540	17137	94072
1541	17147	94056
1542	17157	94037
1543	17167	94022
1544	17179	94013
1545	17189	93996
1546	17199	93979
1547	17209	93960
1548	17219	93945
1549	17229	93928
1550	17240	93918
1551	17251	93902
1552	17261	93888
1553	17271	93872
1554	17281	93855
1555	17293	93845
1556	17304	93834
1557	17314	93820
1558	17325	93808
1559	17336	93794
1560	17347	93780
1561	17357	93768
1562	17368	93753
1563	17379	93741
1564	17389	93727
1565	17400	93715
1566	17411	93701
1567	17422	93689
1568	17433	93676
1569	17443	93663
1570	17454	93651
1571	17466	93644
1572	17478	93635
1573	17489	93626
1574	17500	93612
1575	17511	93601
1576	17522	93589
1577	17533	93578
1578	17544	93568
1579	17554	93552
1580	17565	93539
1581	17576	93524
1582	17586	93509
1583	17596	93492
1584	17607	93483
1585	17626	93513
1586	17645	93543
1587	17664	93573
1588	17675	93561
1589	17690	93568
1590	17712	93614
1591	17730	93641
1592	17743	93639
1593	17753	93622
1594	17764	93610
1595	17774	93593
1596	17789	93605
1597	17799	93588
1598	17810	93573
1599	17820	93558
1600	17830	93542
1601	17840	93524
1602	17850	93505
1603	17860	93490
1604	17870	93474
1605	17882	93463
1606	17895	93461
1607	17907	93459
1608	17918	93447
1609	17929	93435
1610	17940	93422
1611	17950	93407
1612	17962	93397
1613	17973	93383
1614	17982	93365
1615	17994	93356
1616	18005	93348
1617	18016	93331
1618	18028	93327
1619	18053	93386
1620	18066	93388
1621	18078	93381
1622	18089	93368
1623	18100	93357
1624	18110	93340
1625	18121	93329
1626	18133	93318
1627	18144	93308
1628	18156	93299
1629	18167	93287
1630	18177	93272
1631	18188	93262
1632	18199	93247
1633	18209	93233
1634	18220	93221
1635	18231	93206
1636	18241	93192
1637	18252	93177
1638	18265	93177
1639	18275	93162
1640	18286	93148
1641	18297	93135
1642	18308	93123
1643	18318	93108
1644	18329	93096
1645	18340	93085
1646	18351	93071
1647	18362	93062
1648	18373	93049
1649	18384	93036
1650	18395	93023
1651	18406	93011
1652	18416	92996
1653	18426	92981
1654	18437	92967
1655	18448	92953
1656	18458	92938
1657	18469	92927
1658	18480	92912
1659	18490	92899
1660	18500	92882
1661	18511	92867
1662	18522	92855
1663	18531	92836
1664	18541	92819
1665	18551	92800
1666	18560	92781
1667	18571	92766
1668	18581	92752
1669	18592	92737
1670	18602	92723
1671	18614	92715
1672	18625	92702
1673	18636	92692
1674	18646	92674
1675	18656	92661
1676	18667	92646
1677	18677	92630
1678	18687	92614
1679	18697	92598
1680	18708	92583
1681	18717	92566
1682	18728	92550
1683	18738	92533
1684	18748	92518
1685	18759	92504
1686	18770	92493
1687	18781	92482
1688	18791	92465
1689	18802	92454
1690	18813	92442
1691	18824	92432
1692	18835	92421
1693	18847	92412
1694	18859	92405
1695	18870	92394
1696	18881	92383
1697	18892	92371
1698	18903	92359
1699	18914	92348
1700	18926	92339
1701	18937	92327
1702	18948	92314
1703	18958	92301
1704	18969	92289
1705	18979	92273
1706	18989	92256
1707	19000	92241
1708	19010	92224
1709	19022	92219
1710	19033	92208
1711	19044	92196
1712	19074	92276
1713	19087	92273
1714	19098	92265
1715	19110	92254
1716	19120	92238
1717	19132	92232
1718	19144	92224
1719	19155	92213
1720	19166	92201
1721	19177	92189
1722	19188	92178
1723	19199	92164
1724	19209	92150
1725	19220	92139
1726	19230	92123
1727	19243	92117
1728	19255	92114
1729	19267	92103
1730	19277	92090
1731	19288	92074
1732	19298	92062
1733	19309	92047
1734	19319	92034
1735	19330	92019
1736	19340	92005
1737	19350	91988
1738	19360	91972
1739	19371	91956
1740	19380	91939
1741	19391	91925
1742	19401	91909
1743	19411	91894
1744	19421	91877
1745	19431	91861
1746	19442	91846
1747	19452	91830
1748	19462	91816
1749	19472	91800
1750	19483	91786
1751	19494	91777
1752	19508	91776
1753	19528	91806
1754	19547	91835
1755	19562	91842
1756	19574	91836
1757	19585	91824
1758	19596	91811
1759	19607	91799
1760	19620	91796
1761	19631	91782
1762	19641	91767
1763	19652	91754
1764	19662	91741
1765	19673	91729
1766	19683	91713
1767	19695	91702
1768	19705	91690
1769	19717	91679
1770	19728	91668
1771	19739	91658
1772	19751	91651
1773	19763	91643
1774	19775	91634
1775	19786	91623
1776	19797	91611
1777	19807	91596
1778	19818	91583
1779	19828	91569
1780	19838	91552
1781	19849	91540
1782	19860	91528
1783	19871	91516
1784	19881	91501
1785	19892	91486
1786	19903	91473
1787	19913	91461
1788	19924	91447
1789	19935	91435
1790	19945	91421
1791	19956	91407
1792	19968	91402
1793	19987	91423
1794	20006	91450
1795	20024	91471
1796	20038	91472
1797	20048	91456
1798	20058	91437
1799	20084	91495
1800	20098	91495
1801	20108	91483
1802	20119	91469
1803	20128	91450
1804	20139	91435
1805	20149	91422
1806	20160	91406
1807	20171	91398
1808	20190	91421
1809	20202	91413
1810	20213	91401
1811	20225	91392
1812	20235	91378
1813	20247	91371
1814	20259	91362
1815	20269	91347
1816	20281	91339
1817	20292	91327
1818	20303	91314
1819	20317	91315
1820	20328	91303
1821	20338	91289
1822	20351	91283
1823	20362	91273
1824	20374	91266
1825	20386	91257
1826	20397	91247
1827	20410	91243
1828	20422	91238
1829	20434	91228
1830	20444	91214
1831	20455	91203
1832	20466	91189
1833	20477	91178
1834	20488	91163
1835	20499	91151
1836	20509	91139
1837	20520	91125
1838	20531	91113
1839	20541	91097
1840	20551	91081
1841	20562	91068
1842	20572	91050
1843	20582	91036
1844	20595	91031
1845	20606	91020
1846	20619	91017
1847	20630	91006
1848	20641	90996
1849	20652	90984
1850	20663	90971
1851	20674	90956
1852	20684	90943
1853	20695	90929
1854	20705	90916
1855	20716	90900
1856	20726	90887
1857	20737	90874
1858	20748	90861
1859	20758	90845
1860	20768	90829
1861	20778	90812
1862	20788	90797
1863	20798	90781
1864	20808	90764
1865	20818	90750
1866	20830	90741
1867	20841	90728
1868	20852	90717
1869	20862	90703
1870	20872	90687
1871	20883	90673
1872	20893	90657
1873	20903	90642
1874	20914	90627
1875	20923	90610
1876	20934	90597
1877	20945	90583
1878	20956	90575
1879	20967	90560
1880	20977	90544
1881	20987	90529
1882	20998	90519
1883	21009	90505
1884	21020	90494
1885	21031	90482
1886	21041	90467
1887	21052	90454
1888	21063	90441
1889	21073	90424
1890	21083	90410
1891	21113	90480
1892	21128	90483
1893	21139	90475
1894	21151	90464
1895	21162	90452
1896	21172	90439
1897	21183	90427
1898	21193	90410
1899	21204	90398
1900	21214	90383
1901	21225	90369
1902	21235	90354
1903	21246	90342
1904	21257	90330
1905	21268	90318
1906	21278	90304
1907	21290	90294
1908	21301	90283
1909	21320	90303
1910	21331	90291
1911	21342	90283
1912	21353	90268
1913	21362	90251
1914	21373	90239
1915	21385	90229
1916	21396	90217
1917	21406	90203
1918	21418	90192
1919	21430	90185
1920	21440	90172
1921	21453	90167
1922	21466	90161
1923	21476	90148
1924	21487	90135
1925	21497	90121
1926	21507	90104
1927	21518	90091
1928	21528	90077
1929	21539	90063
1930	21549	90048
1931	21559	90033
1932	21569	90018
1933	21580	90003
1934	21590	89987
1935	21600	89974
1936	21611	89958
1937	21621	89942
1938	21630	89925
1939	21640	89910
1940	21650	89892
1941	21661	89879
1942	21671	89862
1943	21681	89847
1944	21691	89832
1945	21702	89820
1946	21713	89810
1947	21724	89797
1948	21736	89788
1949	21748	89781
1950	21760	89774
1951	21771	89764
1952	21783	89756
1953	21795	89746
1954	21806	89736
1955	21818	89726
1956	21828	89713
1957	21841	89708
1958	21852	89694
1959	21862	89682
1960	21873	89671
1961	21885	89659
1962	21896	89649
1963	21906	89635
1964	21917	89623
1965	21928	89611
1966	21940	89600
1967	21950	89586
1968	21960	89572
1969	21972	89561
1970	21982	89548
1971	21993	89535
1972	22005	89528
1973	22016	89517
1974	22027	89504
1975	22038	89492
1976	22049	89479
1977	22059	89465
1978	22071	89455
1979	22081	89442
1980	22092	89428
1981	22119	89483
1982	22133	89481
1983	22147	89483
1984	22157	89467
1985	22168	89455
1986	22179	89442
1987	22188	89425
1988	22199	89409
1989	22211	89403
1990	22223	89397
1991	22235	89387
1992	22245	89373
1993	22255	89358
1994	22266	89343
1995	22276	89330
1996	22286	89312
1997	22296	89297
1998	22306	89282
1999	22316	89267
2000	22326	89250
2001	22336	89234
2002	22347	89222
2003	22357	89207
2004	22367	89190
2005	22377	89175
2006	22388	89162
2007	22398	89146
2008	22407	89129
2009	22418	89116
2010	22428	89102
2011	22442	89099
2012	22455	89096
2013	22466	89086
2014	22478	89077
2015	22490	89068
2016	22501	89057
2017	22514	89053
2018	22524	89039
2019	22536	89030
2020	22546	89016
2021	22558	89005
2022	22568	88992
2023	22580	88981
2024	22590	88968
2025	22602	88958
2026	22612	88944
2027	22623	88932
2028	22634	88920
2029	22646	88912
2030	22657	88900
2031	22668	88888
2032	22678	88874
2033	22689	88863
2034	22700	88850
2035	22712	88841
2036	22723	88831
2037	22735	88823
2038	22746	88811
2039	22757	88797
2040	22767	88784
2041	22779	88773
2042	22790	88761
2043	22801	88750
2044	22814	88745
2045	22824	88732
2046	22835	88719
2047	22844	88702
2048	22855	88689
2049	22866	88678
2050	22877	88666
2051	22890	88660
2052	22910	88685
2053	22929	88705
2054	22946	88715
2055	22957	88703
2056	22967	88688
2057	22977	88672
2058	22987	88657
2059	22998	88643
2060	23008	88627
2061	23018	88612
2062	23027	88595
2063	23037	88578
2064	23047	88562
2065	23057	88548
2066	23067	88532
2067	23078	88518
2068	23088	88505
2069	23100	88494
2070	23119	88514
2071	23451	89730
2072	23465	89729
2073	23476	89717
2074	23488	89708
2075	23499	89695
2076	23509	89680
2077	23519	89665
2078	23531	89654
2079	23541	89637
2080	23551	89622
2081	23566	89623
2082	23577	89611
2083	23588	89598
2084	23598	89583
2085	23608	89568
2086	23618	89552
2087	23628	89536
2088	23638	89519
2089	23649	89504
2090	23659	89487
2091	23668	89470
2092	23678	89453
2093	23689	89439
2094	23699	89425
2095	23709	89409
2096	23719	89392
2097	23729	89374
2098	23740	89361
2099	23752	89353
2100	23764	89345
2101	23775	89334
2102	23790	89337
2103	23803	89330
2104	23816	89325
2105	23828	89315
2106	23839	89305
2107	23851	89296
2108	23862	89284
2109	23874	89273
2110	23886	89264
2111	23896	89251
2112	23908	89240
2113	23919	89226
2114	23929	89212
2115	23940	89199
2116	23951	89186
2117	23962	89174
2118	23973	89163
2119	23984	89151
2120	23996	89140
2121	24007	89129
2122	24019	89118
2123	24030	89108
2124	24042	89097
2125	24053	89085
2126	24064	89073
2127	24075	89061
2128	24086	89048
2129	24097	89037
2130	24109	89026
2131	24120	89013
2132	24131	89003
2133	24142	88989
2134	24152	88975
2135	24164	88963
2136	24175	88951
2137	24186	88941
2138	24198	88930
2139	24209	88919
2140	24220	88906
2141	24232	88899
2142	24246	88897
2143	24258	88886
2144	24269	88874
2145	24279	88859
2146	24290	88847
2147	24301	88833
2148	24312	88820
2149	24323	88807
2150	24333	88793
2151	24344	88779
2152	24354	88763
2153	24364	88747
2154	24374	88731
2155	24384	88715
2156	24394	88698
2157	24404	88682
2158	24415	88670
2159	24425	88656
2160	24459	88727
2161	24474	88729
2162	24485	88717
2163	24496	88705
2164	24507	88692
2165	24518	88680
2166	24530	88669
2167	24540	88654
2168	24550	88638
2169	24561	88624
2170	24572	88612
2171	24582	88597
2172	24597	88598
2173	24613	88602
2174	24624	88590
2175	24634	88576
2176	24645	88564
2177	24657	88552
2178	24669	88546
2179	24681	88534
2180	24692	88525
2181	24704	88513
2182	24714	88500
2183	24726	88488
2184	24737	88476
2185	24748	88466
2186	24759	88451
2187	24770	88441
2188	24782	88430
2189	24793	88417
2190	24804	88407
2191	24815	88393
2192	24826	88380
2193	24837	88367
2194	24847	88354
2195	24858	88341
2196	24870	88330
2197	24882	88322
2198	24893	88311
2199	24905	88300
2200	24916	88289
2201	24927	88277
2202	24939	88267
2203	24950	88256
2204	24961	88244
2205	24973	88232
2206	24984	88220
2207	24995	88207
2208	25005	88191
2209	25016	88179
2210	25027	88167
2211	25037	88152
2212	25048	88138
2213	25059	88127
2214	25070	88116
2215	25082	88106
2216	25093	88093
2217	25105	88084
2218	25117	88073
2219	25128	88062
2220	25139	88049
2221	25150	88036
2222	25161	88025
2223	25172	88012
2224	25182	87998
2225	25193	87985
2226	25203	87970
2227	25221	87981
2228	25234	87976
2229	25246	87966
2230	25258	87956
2231	25274	87963
2232	25287	87955
2233	25298	87946
2234	25310	87934
2235	25320	87920
2236	25331	87907
2237	25341	87892
2238	25352	87879
2239	25363	87865
2240	25374	87855
2241	25385	87841
2242	25396	87828
2243	25408	87818
2244	25419	87806
2245	25429	87792
2246	25439	87777
2247	25450	87764
2248	25491	87855
2249	25505	87851
2250	25516	87840
2251	25527	87828
2252	25538	87813
2253	25549	87800
2254	25560	87789
2255	25571	87776
2256	25582	87763
2257	25592	87749
2258	25603	87735
2259	25614	87723
2260	25625	87710
2261	25636	87697
2262	25646	87683
2263	25656	87668
2264	25667	87655
2265	25678	87643
2266	25690	87633
2267	25700	87618
2268	25712	87608
2269	25724	87600
2270	25736	87590
2271	25747	87579
2272	25759	87567
2273	25769	87552
2274	25779	87537
2275	25789	87520
2276	25799	87506
2277	25809	87489
2278	25819	87473
2279	25829	87457
2280	25839	87441
2281	25849	87426
2282	25860	87413
2283	25870	87399
2284	25880	87382
2285	25890	87367
2286	25901	87353
2287	25911	87338
2288	25922	87323
2289	25932	87308
2290	25942	87294
2291	25952	87277
2292	25962	87262
2293	25973	87251
2294	25987	87248
2295	25998	87236
2296	26009	87223
2297	26020	87209
2298	26030	87195
2299	26042	87185
2300	26052	87171
2301	26065	87162
2302	26080	87163
2303	26090	87150
2304	26101	87138
2305	26112	87123
2306	26122	87108
2307	26133	87096
2308	26144	87084
2309	26155	87072
2310	26166	87059
2311	26176	87045
2312	26187	87030
2313	26197	87016
2314	26208	87003
2315	26220	86992
2316	26230	86979
2317	26242	86969
2318	26253	86958
2319	26265	86947
2320	26276	86936
2321	26287	86921
2322	26298	86909
2323	26309	86896
2324	26320	86887
2325	26331	86872
2326	26342	86860
2327	26353	86848
2328	26364	86836
2329	26375	86824
2330	26386	86811
2331	26397	86799
2332	26407	86784
2333	26418	86772
2334	26429	86760
2335	26440	86745
2336	26450	86730
2337	26460	86716
2338	26472	86706
2339	26482	86688
2340	26519	86763
2341	26534	86762
2342	26544	86748
2343	26554	86733
2344	26565	86719
2345	26575	86703
2346	26584	86685
2347	26594	86670
2348	26605	86656
2349	26615	86640
2350	26624	86624
2351	26635	86609
2352	26644	86592
2353	26655	86578
2354	26665	86562
2355	26675	86547
2356	26685	86532
2357	26695	86516
2358	26705	86500
2359	26719	86497
2360	26730	86487
2361	26741	86475
2362	26752	86463
2363	26763	86450
2364	26774	86437
2365	26789	86437
2366	26800	86424
2367	26810	86410
2368	26821	86396
2369	26831	86382
2370	26842	86369
2371	26852	86354
2372	26863	86340
2373	26873	86325
2374	26884	86312
2375	26895	86300
2376	26906	86288
2377	26916	86274
2378	26928	86263
2379	26939	86250
2380	26949	86237
2381	26961	86226
2382	26971	86212
2383	26982	86199
2384	26993	86187
2385	27003	86172
2386	27014	86158
2387	27024	86144
2388	27035	86129
2389	27045	86115
2390	27056	86102
2391	27067	86091
2392	27078	86079
2393	27089	86065
2394	27100	86052
2395	27110	86039
2396	27121	86026
2397	27131	86011
2398	27143	86002
2399	27155	85992
2400	27166	85980
2401	27177	85967
2402	27187	85953
2403	27198	85941
2404	27209	85926
2405	27219	85911
2406	27229	85898
2407	27240	85884
2408	27250	85870
2409	27261	85855
2410	27272	85843
2411	27282	85829
2412	27294	85818
2413	27305	85807
2414	27315	85791
2415	27324	85775
2416	27335	85761
2417	27348	85754
2418	27359	85743
2419	27372	85737
2420	27384	85726
2421	27395	85715
2422	27406	85703
2423	27417	85691
2424	27427	85677
2425	27438	85663
2426	27449	85651
2427	27459	85637
2428	27470	85623
2429	27480	85608
2430	27491	85594
2431	27502	85583
2432	27512	85569
2433	27562	85677
2434	27582	85692
2435	27594	85684
2436	27605	85671
2437	27617	85662
2438	27628	85650
2439	27639	85636
2440	27650	85624
2441	27661	85611
2442	27672	85599
2443	27683	85587
2444	27694	85576
2445	27705	85564
2446	27716	85551
2447	27727	85539
2448	27739	85527
2449	27750	85517
2450	27762	85507
2451	27773	85495
2452	27784	85484
2453	27795	85471
2454	27806	85458
2455	27817	85446
2456	27828	85433
2457	27839	85422
2458	27850	85409
2459	27861	85396
2460	27871	85382
2461	27882	85369
2462	27893	85356
2463	27903	85341
2464	27914	85329
2465	27925	85315
2466	27935	85302
2467	27946	85289
2468	27958	85279
2469	27969	85266
2470	27980	85255
2471	27992	85244
2472	28003	85232
2473	28013	85218
2474	28024	85206
2475	28034	85191
2476	28045	85179
2477	28056	85166
2478	28066	85151
2479	28077	85137
2480	28088	85127
2481	28099	85113
2482	28109	85099
2483	28119	85083
2484	28130	85069
2485	28140	85054
2486	28150	85040
2487	28160	85024
2488	28171	85011
2489	28181	84997
2490	28192	84985
2491	28203	84971
2492	28213	84956
2493	28223	84942
2494	28233	84928
2495	28244	84914
2496	28255	84900
2497	28265	84886
2498	28275	84872
2499	28286	84858
2500	28296	84844
2501	28307	84831
2502	28318	84820
2503	28329	84806
2504	28339	84792
2505	28350	84778
2506	28360	84765
2507	28371	84751
2508	28382	84740
2509	28393	84728
2510	28404	84715
2511	28414	84700
2512	28426	84692
2513	28438	84680
2514	28449	84669
2515	28461	84659
2516	28472	84647
2517	28483	84634
2518	28494	84624
2519	28506	84614
2520	28517	84601
2521	28529	84591
2522	28562	84645
2523	28576	84643
2524	28589	84636
2525	28601	84625
2526	28613	84618
2527	28624	84604
2528	28636	84596
2529	28648	84587
2530	28660	84576
2531	28671	84566
2532	28683	84556
2533	28698	84555
2534	28722	84580
2535	28738	84583
2536	28749	84572
2537	28760	84560
2538	28777	84565
2539	28789	84553
2540	28798	84538
2541	28808	84522
2542	28818	84507
2543	28828	84491
2544	28838	84477
2545	28849	84463
2546	28859	84448
2547	28869	84432
2548	28880	84421
2549	28892	84410
2550	28903	84399
2551	28914	84385
2552	28924	84372
2553	28934	84357
2554	28945	84344
2555	28955	84330
2556	28966	84315
2557	28976	84300
2558	28986	84286
2559	28997	84275
2560	29008	84261
2561	29019	84248
2562	29029	84233
2563	29040	84220
2564	29050	84206
2565	29060	84192
2566	29071	84179
2567	29082	84167
2568	29094	84157
2569	29105	84145
2570	29116	84134
2571	29126	84118
2572	29137	84106
2573	29148	84094
2574	29159	84082
2575	29171	84072
2576	29182	84059
2577	29193	84047
2578	29204	84034
2579	29214	84019
2580	29224	84004
2581	29235	83991
2582	29246	83979
2583	29256	83965
2584	29266	83948
2585	29276	83935
2586	29287	83923
2587	29298	83910
2588	29309	83898
2589	29319	83884
2590	29330	83869
2591	29343	83863
2592	29354	83853
2593	29366	83842
2594	29377	83830
2595	29388	83819
2596	29399	83806
2597	29409	83791
2598	29419	83776
2599	29429	83761
2600	29439	83745
2601	29450	83732
2602	29460	83719
2603	29471	83705
2604	29482	83693
2605	29492	83679
2606	29503	83666
2607	29513	83653
2608	29524	83638
2609	29535	83626
2610	29546	83616
2611	29560	83610
2612	29585	83637
2613	29612	83672
2614	29625	83664
2615	29635	83650
2616	29645	83635
2617	29655	83620
2618	29666	83606
2619	29676	83591
2620	29686	83578
2621	29697	83565
2622	29708	83552
2623	29718	83538
2624	29729	83524
2625	29740	83514
2626	29755	83512
2627	29779	83537
2628	29794	83534
2629	29805	83522
2630	29816	83511
2631	29826	83497
2632	29837	83484
2633	29848	83470
2634	29858	83456
2635	29869	83443
2636	29880	83431
2637	29891	83418
2638	29901	83405
2639	29912	83392
2640	29923	83379
2641	29934	83367
2642	29944	83353
2643	29955	83341
2644	29967	83331
2645	29979	83321
2646	29990	83309
2647	30001	83297
2648	30012	83284
2649	30023	83273
2650	30034	83261
2651	30044	83246
2652	30055	83233
2653	30065	83219
2654	30076	83206
2655	30086	83192
2656	30097	83179
2657	30108	83166
2658	30119	83154
2659	30129	83139
2660	30140	83126
2661	30151	83114
2662	30162	83101
2663	30173	83090
2664	30186	83083
2665	30197	83071
2666	30209	83060
2667	30219	83048
2668	30231	83036
2669	30241	83022
2670	30252	83011
2671	30263	82998
2672	30274	82985
2673	30284	82969
2674	30294	82955
2675	30303	82939
2676	30313	82922
2677	30323	82907
2678	30332	82891
2679	30344	82880
2680	30353	82864
2681	30363	82849
2682	30374	82835
2683	30384	82822
2684	30396	82811
2685	30413	82815
2686	30430	82821
2687	30441	82807
2688	30451	82793
2689	30461	82779
2690	30471	82763
2691	30481	82747
2692	30494	82740
2693	30505	82728
2694	30515	82715
2695	30526	82701
2696	30537	82690
2697	30547	82676
2698	30558	82663
2699	30569	82650
2700	30580	82637
2701	30591	82626
2702	30633	82698
2703	30645	82688
2704	30656	82677
2705	30667	82665
2706	30679	82653
2707	30689	82639
2708	30700	82627
2709	30711	82614
2710	30722	82603
2711	30733	82589
2712	30743	82575
2713	30754	82562
2714	30765	82550
2715	30776	82538
2716	30790	82533
2717	30806	82534
2718	30818	82526
2719	30829	82513
2720	30840	82500
2721	30851	82490
2722	30862	82478
2723	30873	82464
2724	30884	82453
2725	30895	82439
2726	30905	82426
2727	30915	82411
2728	30926	82398
2729	30937	82386
2730	30947	82373
2731	30958	82359
2732	30969	82346
2733	30979	82333
2734	30990	82320
2735	31000	82306
2736	31010	82290
2737	31022	82280
2738	31033	82268
2739	31048	82267
2740	31061	82259
2741	31071	82245
2742	31081	82230
2743	31091	82215
2744	31101	82200
2745	31111	82185
2746	31121	82171
2747	31131	82157
2748	31141	82141
2749	31152	82128
2750	31162	82113
2751	31172	82099
2752	31182	82084
2753	31192	82069
2754	31206	82065
2755	31218	82056
2756	31230	82047
2757	31243	82038
2758	31254	82027
2759	31265	82015
2760	31275	81999
2761	31286	81987
2762	31296	81974
2763	31307	81961
2764	31317	81946
2765	31328	81933
2766	31339	81920
2767	31349	81907
2768	31360	81894
2769	31371	81881
2770	31382	81869
2771	31392	81857
2772	31403	81843
2773	31414	81831
2774	31425	81819
2775	31436	81807
2776	31447	81796
2777	31459	81785
2778	31470	81773
2779	31481	81761
2780	31492	81748
2781	31502	81734
2782	31513	81721
2783	31523	81708
2784	31534	81694
2785	31546	81685
2786	31556	81671
2787	31567	81658
2788	31577	81645
2789	31588	81632
2790	31599	81619
2791	31609	81606
2792	31633	81626
2793	31664	81666
2794	31685	81679
2795	31700	81677
2796	31715	81676
2797	31730	81674
2798	31741	81660
2799	31753	81651
2800	31766	81644
2801	31776	81630
2802	31786	81616
2803	31796	81600
2804	31806	81586
2805	31816	81571
2806	31826	81556
2807	31838	81547
2808	31849	81534
2809	31860	81521
2810	31871	81508
2811	31882	81497
2812	31892	81483
2813	31904	81472
2814	31916	81463
2815	31935	81472
2816	31955	81481
2817	31969	81477
2818	31979	81463
2819	31990	81451
2820	32001	81439
2821	32013	81429
2822	32029	81429
2823	32052	81448
2824	32066	81443
2825	32077	81430
2826	32088	81418
2827	32099	81406
2828	32110	81394
2829	32122	81383
2830	32132	81369
2831	32143	81356
2832	32153	81343
2833	32165	81331
2834	32176	81319
2835	32186	81307
2836	32198	81296
2837	32209	81284
2838	32220	81271
2839	32230	81258
2840	32241	81244
2841	32251	81231
2842	32263	81219
2843	32273	81206
2844	32285	81194
2845	32296	81183
2846	32307	81171
2847	32318	81158
2848	32328	81145
2849	32339	81131
2850	32350	81119
2851	32360	81105
2852	32371	81092
2853	32380	81077
2854	32391	81063
2855	32401	81049
2856	32412	81036
2857	32422	81022
2858	32432	81006
2859	32442	80992
2860	32452	80977
2861	32462	80962
2862	32472	80948
2863	32482	80933
2864	32492	80918
2865	32504	80910
2866	32515	80898
2867	32526	80884
2868	32536	80870
2869	32546	80857
2870	32557	80843
2871	32568	80831
2872	32579	80818
2873	32589	80804
2874	32599	80789
2875	32609	80775
2876	32619	80760
2877	32628	80744
2878	32638	80729
2879	32651	80720
2880	32696	80794
2881	32710	80789
2882	32725	80785
2883	32744	80793
2884	32754	80780
2885	32766	80768
2886	32777	80756
2887	32787	80742
2888	32798	80730
2889	32809	80717
2890	32819	80704
2891	32830	80691
2892	32841	80678
2893	32851	80663
2894	32862	80652
2895	32873	80639
2896	32883	80625
2897	32894	80613
2898	32904	80599
2899	32916	80588
2900	32938	80603
2901	32961	80621
2902	32981	80629
2903	32992	80618
2904	33002	80604
2905	33013	80590
2906	33024	80577
2907	33034	80563
2908	33045	80551
2909	33055	80536
2910	33065	80522
2911	33076	80509
2912	33086	80494
2913	33096	80480
2914	33106	80466
2915	33116	80452
2916	33128	80442
2917	33138	80427
2918	33149	80416
2919	33159	80400
2920	33170	80387
2921	33180	80373
2922	33190	80359
2923	33200	80345
2924	33211	80330
2925	33221	80316
2926	33231	80301
2927	33240	80286
2928	33251	80273
2929	33261	80259
2930	33271	80244
2931	33282	80231
2932	33292	80216
2933	33301	80201
2934	33311	80186
2935	33322	80173
2936	33332	80158
2937	33341	80143
2938	33352	80130
2939	33363	80118
2940	33374	80106
2941	33385	80092
2942	33395	80079
2943	33407	80068
2944	33417	80055
2945	33429	80045
2946	33441	80034
2947	33452	80022
2948	33463	80010
2949	33474	79998
2950	33486	79988
2951	33497	79976
2952	33508	79964
2953	33519	79952
2954	33530	79939
2955	33541	79927
2956	33552	79914
2957	33562	79901
2958	33573	79888
2959	33583	79875
2960	33595	79863
2961	33606	79851
2962	33616	79838
2963	33626	79823
2964	33637	79811
2965	33647	79797
2966	33658	79784
2967	33669	79771
2968	33699	79805
2969	33727	79833
2970	33740	79825
2971	33751	79813
2972	33762	79800
2973	33773	79788
2974	33784	79775
2975	33794	79762
2976	33805	79749
2977	33814	79733
2978	33824	79718
2979	33835	79705
2980	33845	79693
2981	33857	79681
2982	33867	79667
2983	33877	79653
2984	33888	79641
2985	33901	79632
2986	33912	79620
2987	33922	79606
2988	33932	79591
2989	33943	79579
2990	33954	79566
2991	33964	79554
2992	33975	79540
2993	33985	79525
2994	33994	79510
2995	34005	79497
2996	34015	79482
2997	34025	79468
2998	34035	79454
2999	34046	79441
3000	34056	79426
3001	34068	79416
3002	34080	79407
3003	34091	79395
3004	34102	79383
3005	34120	79387
3006	34142	79401
3007	34163	79412
3008	34177	79406
3009	34188	79393
3010	34198	79380
3011	34209	79367
3012	34220	79355
3013	34231	79343
3014	34243	79333
3015	34253	79319
3016	34265	79309
3017	34276	79297
3018	34287	79285
3019	34298	79272
3020	34315	79274
3021	34326	79261
3022	34342	79260
3023	34353	79250
3024	34365	79238
3025	34375	79225
3026	34386	79213
3027	34397	79200
3028	34408	79188
3029	34419	79176
3030	34431	79165
3031	34442	79153
3032	34453	79141
3033	34464	79129
3034	34476	79119
3035	34487	79107
3036	34498	79095
3037	34509	79083
3038	34521	79072
3039	34532	79062
3040	34543	79048
3041	34553	79035
3042	34565	79024
3043	34575	79009
3044	34586	78997
3045	34602	78997
3046	34612	78982
3047	34622	78968
3048	34632	78954
3049	34642	78939
3050	34652	78924
3051	34662	78909
3052	34672	78896
3053	34682	78882
3054	34692	78867
3055	34702	78852
3056	34751	78926
3057	34766	78924
3058	34784	78927
3059	34795	78915
3060	34806	78902
3061	34816	78889
3062	34827	78877
3063	34839	78866
3064	34849	78852
3065	34860	78839
3066	34870	78826
3067	34882	78815
3068	34893	78802
3069	34904	78790
3070	34915	78777
3071	34926	78765
3072	34936	78751
3073	34948	78743
3074	34963	78738
3075	34974	78727
3076	34985	78715
3077	34997	78703
3078	35008	78693
3079	35019	78680
3080	35030	78668
3081	35041	78655
3082	35052	78642
3083	35063	78630
3084	35073	78617
3085	35084	78604
3086	35095	78592
3087	35106	78580
3088	35117	78567
3089	35128	78555
3090	35139	78543
3091	35150	78530
3092	35162	78522
3093	35174	78511
3094	35185	78499
3095	35196	78487
3096	35207	78474
3097	35218	78462
3098	35229	78449
3099	35239	78436
3100	35250	78424
3101	35261	78410
3102	35271	78397
3103	35281	78383
3104	35292	78371
3105	35306	78365
3106	35324	78369
3107	35343	78373
3108	35353	78359
3109	35365	78350
3110	35376	78338
3111	35387	78326
3112	35398	78312
3113	35408	78298
3114	35418	78285
3115	35430	78274
3116	35441	78262
3117	35452	78249
3118	35462	78235
3119	35472	78221
3120	35482	78207
3121	35493	78194
3122	35504	78181
3123	35514	78168
3124	35525	78156
3125	35536	78143
3126	35547	78131
3127	35558	78119
3128	35569	78107
3129	35580	78095
3130	35591	78082
3131	35602	78070
3132	35613	78058
3133	35624	78047
3134	35635	78035
3135	35646	78021
3136	35657	78009
3137	35669	77999
3138	35679	77984
3139	35689	77970
3140	35700	77958
3141	35710	77945
3142	35724	77938
3143	35762	77985
3144	35792	78015
3145	35813	78025
3146	35825	78014
3147	35838	78006
3148	35851	77998
3149	35863	77988
3150	35873	77974
3151	35884	77962
3152	35895	77949
3153	35906	77938
3154	35917	77925
3155	35928	77912
3156	35939	77900
3157	35949	77887
3158	35960	77874
3159	35971	77861
3160	35981	77848
3161	35991	77834
3162	36003	77824
3163	36015	77814
3164	36027	77802
3165	36037	77789
3166	36048	77776
3167	36059	77764
3168	36069	77750
3169	36079	77736
3170	36090	77722
3171	36099	77708
3172	36109	77693
3173	36119	77679
3174	36130	77665
3175	36140	77651
3176	36150	77637
3177	36160	77623
3178	36171	77610
3179	36181	77595
3180	36191	77582
3181	36201	77568
3182	36212	77554
3183	36222	77541
3184	36232	77528
3185	36243	77515
3186	36254	77502
3187	36264	77489
3188	36275	77477
3189	36286	77465
3190	36297	77452
3191	36308	77439
3192	36319	77427
3193	36330	77414
3194	36340	77402
3195	36351	77389
3196	36362	77376
3197	36373	77364
3198	36384	77352
3199	36395	77340
3200	36406	77327
3201	36416	77314
3202	36427	77301
3203	36437	77288
3204	36448	77275
3205	36458	77261
3206	36469	77248
3207	36480	77236
3208	36492	77225
3209	36504	77215
3210	36515	77204
3211	36527	77194
3212	36539	77184
3213	36550	77172
3214	36563	77163
3215	36574	77152
3216	36586	77141
3217	36597	77130
3218	36609	77119
3219	36620	77107
3220	36631	77095
3221	36641	77081
3222	36652	77069
3223	36662	77055
3224	36673	77043
3225	36684	77030
3226	36695	77018
3227	36706	77006
3228	36717	76993
3229	36728	76981
3230	36739	76968
3231	36751	76960
3232	36762	76948
3233	36773	76936
3234	36783	76921
3235	36821	76966
3236	36837	76964
3237	36849	76954
3238	36859	76940
3239	36869	76926
3240	36879	76911
3241	36890	76898
3242	36900	76884
3243	36910	76869
3244	36920	76855
3245	36931	76843
3246	36941	76829
3247	36951	76814
3248	36961	76801
3249	36971	76786
3250	36984	76778
3251	36996	76768
3252	37007	76756
3253	37018	76743
3254	37028	76731
3255	37040	76719
3256	37050	76706
3257	37060	76692
3258	37071	76679
3259	37081	76665
3260	37092	76653
3261	37103	76640
3262	37113	76626
3263	37123	76613
3264	37133	76599
3265	37145	76588
3266	37156	76576
3267	37167	76563
3268	37177	76549
3269	37187	76536
3270	37198	76524
3271	37209	76511
3272	37221	76501
3273	37232	76489
3274	37243	76477
3275	37254	76465
3276	37265	76453
3277	37276	76440
3278	37287	76428
3279	37297	76415
3280	37308	76402
3281	37319	76390
3282	37329	76376
3283	37340	76364
3284	37351	76351
3285	37362	76338
3286	37373	76328
3287	37385	76318
3288	37396	76305
3289	37407	76293
3290	37419	76282
3291	37429	76269
3292	37440	76256
3293	37451	76244
3294	37464	76236
3295	37474	76223
3296	37485	76210
3297	37495	76197
3298	37506	76183
3299	37516	76169
3300	37526	76156
3301	37536	76142
3302	37547	76128
3303	37556	76112
3304	37566	76098
3305	37576	76084
3306	37585	76069
3307	37595	76055
3308	37607	76043
3309	37617	76030
3310	37628	76019
3311	37639	76006
3312	37650	75994
3313	37661	75982
3314	37671	75968
3315	37682	75956
3316	37692	75942
3317	37702	75928
3318	37713	75915
3319	37727	75908
3320	37737	75896
3321	37749	75885
3322	37760	75872
3323	37770	75859
3324	37781	75846
3325	37791	75832
3326	37801	75819
3327	37811	75805
3328	37823	75795
3329	37847	75809
3330	37882	75844
3331	37895	75836
3332	37906	75823
3333	37916	75811
3334	37927	75798
3335	37938	75785
3336	37949	75774
3337	37961	75763
3338	37972	75751
3339	37982	75737
3340	37993	75725
3341	38003	75712
3342	38014	75698
3343	38024	75685
3344	38036	75675
3345	38048	75665
3346	38059	75653
3347	38071	75642
3348	38082	75630
3349	38092	75617
3350	38104	75605
3351	38115	75594
3352	38125	75580
3353	38136	75567
3354	38146	75554
3355	38157	75541
3356	38167	75527
3357	38177	75514
3358	38188	75500
3359	38198	75487
3360	38209	75474
3361	38219	75460
3362	38231	75450
3363	38241	75437
3364	38253	75426
3365	38269	75425
3366	38289	75430
3367	38308	75433
3368	38318	75420
3369	38329	75407
3370	38339	75393
3371	38349	75379
3372	38360	75366
3373	38370	75352
3374	38380	75339
3375	38390	75325
3376	38400	75310
3377	38409	75295
3378	38419	75280
3379	38432	75272
3380	38444	75262
3381	38455	75250
3382	38465	75236
3383	38476	75225
3384	38488	75213
3385	38499	75202
3386	38510	75190
3387	38521	75178
3388	38532	75166
3389	38543	75153
3390	38553	75140
3391	38564	75127
3392	38575	75115
3393	38585	75102
3394	38596	75089
3395	38607	75076
3396	38617	75063
3397	38628	75050
3398	38639	75038
3399	38649	75024
3400	38660	75012
3401	38672	75002
3402	38682	74990
3403	38694	74978
3404	38705	74966
3405	38716	74955
3406	38726	74941
3407	38737	74929
3408	38748	74916
3409	38760	74906
3410	38771	74895
3411	38783	74884
3412	38794	74872
3413	38806	74862
3414	38817	74850
3415	38829	74839
3416	38840	74827
3417	38851	74815
3418	39157	75372
3419	39192	75405
3420	39205	75397
3421	39216	75385
3422	39227	75373
3423	39238	75359
3424	39249	75346
3425	39258	75332
3426	39269	75318
3427	39279	75305
3428	39292	75296
3429	39302	75282
3430	39312	75267
3431	39323	75255
3432	39335	75244
3433	39346	75233
3434	39358	75222
3435	39369	75209
3436	39379	75196
3437	39389	75182
3438	39401	75170
3439	39411	75157
3440	39422	75144
3441	39433	75132
3442	39444	75119
3443	39455	75106
3444	39465	75093
3445	39476	75080
3446	39487	75068
3447	39498	75055
3448	39509	75043
3449	39519	75030
3450	39531	75019
3451	39542	75007
3452	39553	74995
3453	39565	74983
3454	39576	74971
3455	39587	74959
3456	39598	74947
3457	39608	74933
3458	39619	74920
3459	39630	74908
3460	39641	74895
3461	39651	74882
3462	39661	74868
3463	39673	74856
3464	39683	74843
3465	39693	74828
3466	39703	74813
3467	39713	74800
3468	39722	74785
3469	39733	74771
3470	39742	74756
3471	39753	74743
3472	39763	74730
3473	39775	74718
3474	39786	74706
3475	39797	74694
3476	39807	74679
3477	39817	74665
3478	39826	74650
3479	39836	74636
3480	39847	74623
3481	39859	74612
3482	39869	74599
3483	39879	74585
3484	39889	74571
3485	39900	74559
3486	39911	74546
3487	39921	74533
3488	39932	74520
3489	39943	74507
3490	39954	74494
3491	39964	74481
3492	39975	74469
3493	39986	74457
3494	39998	74445
3495	40008	74432
3496	40019	74419
3497	40031	74410
3498	40043	74398
3499	40054	74387
3500	40066	74377
3501	40078	74365
3502	40089	74354
3503	40100	74341
3504	40110	74328
3505	40122	74316
3506	40133	74304
3507	40145	74293
3508	40156	74281
3509	40167	74269
3510	40209	74315
3511	40227	74314
3512	40239	74305
3513	40250	74293
3514	40262	74281
3515	40278	74278
3516	40295	74277
3517	40307	74267
3518	40318	74254
3519	40329	74242
3520	40340	74229
3521	40350	74216
3522	40360	74202
3523	40371	74190
3524	40381	74176
3525	40393	74165
3526	40403	74151
3527	40413	74137
3528	40423	74123
3529	40435	74112
3530	40445	74099
3531	40456	74085
3532	40466	74072
3533	40477	74060
3534	40489	74050
3535	40500	74036
3536	40510	74023
3537	40520	74009
3538	40530	73995
3539	40540	73980
3540	40550	73967
3541	40560	73953
3542	40570	73939
3543	40581	73925
3544	40591	73911
3545	40603	73901
3546	40614	73889
3547	40625	73877
3548	40636	73864
3549	40647	73851
3550	40658	73840
3551	40669	73828
3552	40681	73816
3553	40692	73804
3554	40702	73791
3555	40714	73780
3556	40725	73767
3557	40736	73755
3558	40746	73742
3559	40758	73731
3560	40768	73718
3561	40779	73704
3562	40790	73692
3563	40800	73679
3564	40811	73665
3565	40821	73653
3566	40832	73640
3567	40843	73628
3568	40855	73617
3569	40866	73605
3570	40876	73591
3571	40886	73577
3572	40898	73566
3573	40908	73553
3574	40919	73541
3575	40931	73530
3576	40942	73517
3577	40953	73505
3578	40968	73500
3579	40988	73504
3580	41000	73493
3581	41010	73480
3582	41020	73466
3583	41031	73454
3584	41042	73441
3585	41053	73428
3586	41063	73414
3587	41073	73401
3588	41084	73388
3589	41095	73376
3590	41107	73365
3591	41117	73352
3592	41127	73337
3593	41137	73324
3594	41148	73312
3595	41159	73300
3596	41170	73286
3597	41180	73273
3598	41190	73260
3599	41201	73247
3600	41252	73306
3601	41267	73300
3602	41279	73289
3603	41289	73276
3604	41299	73261
3605	41309	73248
3606	41320	73235
3607	41330	73221
3608	41341	73210
3609	41354	73201
3610	41365	73189
3611	41377	73177
3612	41388	73165
3613	41398	73152
3614	41410	73140
3615	41420	73128
3616	41431	73115
3617	41442	73102
3618	41453	73090
3619	41464	73078
3620	41475	73066
3621	41486	73054
3622	41498	73042
3623	41509	73030
3624	41521	73020
3625	41532	73009
3626	41545	72999
3627	41559	72992
3628	41571	72982
3629	41583	72971
3630	41595	72960
3631	41606	72948
3632	41617	72937
3633	41629	72925
3634	41642	72917
3635	41664	72925
3636	41676	72913
3637	41689	72905
3638	41702	72895
3639	41713	72883
3640	41722	72868
3641	41733	72855
3642	41743	72842
3643	41754	72829
3644	41764	72816
3645	41775	72803
3646	41785	72790
3647	41796	72777
3648	41807	72764
3649	41818	72753
3650	41829	72740
3651	41840	72728
3652	41851	72715
3653	41862	72703
3654	41872	72689
3655	41882	72675
3656	41892	72661
3657	41902	72648
3658	41913	72634
3659	41922	72620
3660	41932	72605
3661	41942	72591
3662	41952	72577
3663	41962	72564
3664	41973	72550
3665	41982	72536
3666	41993	72523
3667	42002	72508
3668	42012	72493
3669	42022	72480
3670	42032	72465
3671	42041	72450
3672	42052	72438
3673	42063	72426
3674	42074	72414
3675	42086	72403
3676	42097	72391
3677	42108	72378
3678	42119	72366
3679	42130	72354
3680	42140	72341
3681	42151	72329
3682	42162	72316
3683	42173	72303
3684	42183	72289
3685	42193	72276
3686	42204	72264
3687	42215	72252
3688	42226	72240
3689	42253	72254
3690	42290	72286
3691	42302	72276
3692	42313	72264
3693	42324	72252
3694	42335	72239
3695	42346	72227
3696	42356	72213
3697	42367	72201
3698	42378	72189
3699	42389	72176
3700	42400	72164
3701	42410	72150
3702	42421	72137
3703	42432	72125
3704	42443	72113
3705	42454	72100
3706	42464	72087
3707	42474	72073
3708	42486	72062
3709	42497	72051
3710	42508	72039
3711	42519	72027
3712	42531	72015
3713	42542	72003
3714	42553	71991
3715	42565	71980
3716	42575	71967
3717	42589	71959
3718	42600	71947
3719	42610	71934
3720	42621	71921
3721	42631	71908
3722	42642	71894
3723	42652	71882
3724	42662	71867
3725	42672	71853
3726	42682	71840
3727	42693	71826
3728	42703	71813
3729	42713	71800
3730	42723	71786
3731	42734	71774
3732	42746	71763
3733	42757	71750
3734	42767	71737
3735	42778	71724
3736	42789	71712
3737	42801	71702
3738	42812	71690
3739	42823	71677
3740	42834	71666
3741	42845	71653
3742	42856	71641
3743	42867	71628
3744	42878	71617
3745	42889	71604
3746	42900	71592
3747	42911	71580
3748	42922	71568
3749	42934	71557
3750	42945	71544
3751	42958	71535
3752	42969	71524
3753	42981	71513
3754	42992	71501
3755	43004	71490
3756	43015	71478
3757	43026	71466
3758	43037	71454
3759	43048	71442
3760	43059	71430
3761	43070	71417
3762	43082	71406
3763	43093	71394
3764	43104	71382
3765	43115	71371
3766	43126	71359
3767	43138	71347
3768	43148	71334
3769	43159	71322
3770	43171	71311
3771	43183	71300
3772	43194	71288
3773	43205	71276
3774	43217	71266
3775	43229	71254
3776	43239	71242
3777	43251	71230
3778	43261	71217
3779	43293	71239
3780	43326	71263
3781	43341	71257
3782	43351	71244
3783	43362	71231
3784	43372	71217
3785	43382	71204
3786	43392	71190
3787	43403	71177
3788	43412	71162
3789	43422	71148
3790	43432	71135
3791	43443	71122
3792	43454	71110
3793	43465	71097
3794	43475	71083
3795	43485	71070
3796	43495	71056
3797	43506	71043
3798	43516	71030
3799	43528	71020
3800	43538	71006
3801	43550	70996
3802	43560	70982
3803	43571	70969
3804	43582	70957
3805	43592	70944
3806	43603	70930
3807	43614	70920
3808	43626	70908
3809	43637	70895
3810	43648	70883
3811	43658	70870
3812	43672	70862
3813	43682	70849
3814	43695	70840
3815	43716	70845
3816	43727	70832
3817	43739	70822
3818	43751	70811
3819	43763	70800
3820	43774	70788
3821	43785	70776
3822	43796	70764
3823	43808	70752
3824	43818	70739
3825	43829	70727
3826	43841	70716
3827	43851	70703
3828	43861	70690
3829	43872	70677
3830	43883	70665
3831	43896	70655
3832	43908	70645
3833	43919	70633
3834	43930	70621
3835	43941	70609
3836	43953	70597
3837	43964	70585
3838	43975	70573
3839	43985	70560
3840	43996	70548
3841	44007	70536
3842	44018	70524
3843	44030	70512
3844	44040	70499
3845	44051	70486
3846	44061	70473
3847	44071	70459
3848	44082	70447
3849	44092	70433
3850	44102	70419
3851	44112	70406
3852	44125	70396
3853	44145	70399
3854	44160	70393
3855	44171	70380
3856	44181	70367
3857	44191	70354
3858	44201	70340
3859	44212	70327
3860	44222	70314
3861	44233	70301
3862	44243	70288
3863	44253	70274
3864	44264	70261
3865	44274	70248
3866	44285	70235
3867	44295	70221
3868	44322	70235
3869	44363	70271
3870	44377	70264
3871	44389	70252
3872	44400	70239
3873	44410	70226
3874	44420	70213
3875	44431	70201
3876	44442	70188
3877	44453	70176
3878	44464	70164
3879	44475	70152
3880	44485	70138
3881	44496	70126
3882	44509	70116
3883	44520	70104
3884	44530	70091
3885	44542	70080
3886	44553	70068
3887	44563	70055
3888	44575	70043
3889	44585	70030
3890	44596	70018
3891	44607	70006
3892	44618	69993
3893	44629	69981
3894	44639	69967
3895	44652	69957
3896	44663	69946
3897	44674	69933
3898	44684	69920
3899	44695	69907
3900	44705	69895
3901	44716	69882
3902	44727	69870
3903	44738	69858
3904	44749	69846
3905	44760	69834
3906	44771	69822
3907	44784	69812
3908	44797	69804
3909	44808	69791
3910	44820	69781
3911	44831	69768
3912	44842	69756
3913	44853	69743
3914	44863	69730
3915	44874	69718
3916	44884	69704
3917	44894	69690
3918	44904	69676
3919	44915	69664
3920	44925	69651
3921	44936	69638
3922	44946	69624
3923	44957	69612
3924	44967	69599
3925	44978	69586
3926	44993	69581
3927	45007	69573
3928	45018	69561
3929	45034	69557
3930	45045	69545
3931	45056	69532
3932	45067	69519
3933	45077	69507
3934	45089	69495
3935	45100	69483
3936	45110	69470
3937	45121	69457
3938	45131	69443
3939	45141	69430
3940	45152	69418
3941	45162	69404
3942	45173	69392
3943	45184	69380
3944	45195	69367
3945	45205	69355
3946	45217	69344
3947	45228	69332
3948	45241	69322
3949	45259	69321
3950	45270	69309
3951	45281	69297
3952	45291	69283
3953	45302	69271
3954	45314	69259
3955	45324	69247
3956	45335	69234
3957	45360	69243
3958	45402	69278
3959	45415	69270
3960	45428	69260
3961	45440	69250
3962	45450	69237
3963	45461	69224
3964	45478	69221
3965	45499	69223
3966	45517	69223
3967	45537	69224
3968	45547	69211
3969	45558	69197
3970	45568	69184
3971	45578	69170
3972	45588	69157
3973	45598	69143
3974	45608	69129
3975	45618	69116
3976	45628	69102
3977	45639	69089
3978	45649	69076
3979	45660	69064
3980	45671	69051
3981	45681	69039
3982	45692	69025
3983	45701	69011
3984	45711	68998
3985	45723	68986
3986	45734	68973
3987	45744	68961
3988	45756	68949
3989	45767	68937
3990	45777	68924
3991	45788	68912
3992	45799	68900
3993	45810	68887
3994	45820	68874
3995	45831	68862
3996	45842	68849
3997	45852	68836
3998	45863	68824
3999	45875	68812
4000	45885	68799
4001	45896	68787
4002	45908	68776
4003	45919	68764
4004	45939	68766
4005	45957	68763
4006	45971	68755
4007	45982	68743
4008	45993	68731
4009	46004	68719
4010	46015	68707
4011	46026	68694
4012	46037	68683
4013	46048	68671
4014	46058	68657
4015	46069	68645
4016	46080	68633
4017	46093	68623
4018	46109	68618
4019	46119	68606
4020	46130	68594
4021	46141	68581
4022	46152	68569
4023	46163	68557
4024	46175	68545
4025	46186	68533
4026	46197	68521
4027	46207	68508
4028	46218	68496
4029	46230	68485
4030	46240	68471
4031	46250	68458
4032	46261	68445
4033	46271	68432
4034	46280	68417
4035	46290	68403
4036	46300	68390
4037	46311	68376
4038	46320	68363
4039	46330	68349
4040	46340	68334
4041	46350	68320
4042	46359	68307
4043	46370	68293
4044	46379	68279
4045	46439	68339
4046	46454	68333
4047	46466	68321
4048	46476	68308
4049	46487	68296
4050	46498	68284
4051	46509	68272
4052	46520	68259
4053	46530	68246
4054	46541	68234
4055	46552	68221
4056	46563	68209
4057	46574	68196
4058	46584	68184
4059	46595	68171
4060	46606	68159
4061	46616	68145
4062	46628	68135
4063	46641	68126
4064	46652	68113
4065	46663	68101
4066	46674	68089
4067	46685	68077
4068	46696	68065
4069	46707	68052
4070	46719	68042
4071	46729	68029
4072	46740	68015
4073	46750	68003
4074	46761	67990
4075	46772	67978
4076	46783	67966
4077	46794	67953
4078	46804	67941
4079	46816	67929
4080	46826	67916
4081	46837	67903
4082	46847	67890
4083	46859	67879
4084	46871	67868
4085	46882	67856
4086	46893	67844
4087	46904	67833
4088	46915	67820
4089	46925	67807
4090	46936	67795
4091	46947	67782
4092	46959	67772
4093	46969	67758
4094	46980	67746
4095	46991	67733
4096	47001	67720
4097	47010	67705
4098	47020	67692
4099	47030	67678
4100	47040	67664
4101	47050	67650
4102	47059	67636
4103	47069	67622
4104	47080	67610
4105	47091	67598
4106	47102	67585
4107	47112	67572
4108	47124	67561
4109	47135	67549
4110	47146	67537
4111	47158	67526
4112	47169	67514
4113	47180	67501
4114	47192	67491
4115	47203	67479
4116	47213	67465
4117	47223	67452
4118	47234	67439
4119	47246	67429
4120	47257	67417
4121	47268	67404
4122	47278	67391
4123	47288	67378
4124	47298	67365
4125	47310	67353
4126	47321	67341
4127	47334	67332
4128	47346	67321
4129	47357	67309
4130	47368	67297
4131	47379	67285
4132	47390	67273
4133	47401	67261
4134	47412	67248
4135	47437	67257
4136	47479	67289
4137	47494	67281
4138	47506	67271
4139	47517	67259
4140	47528	67246
4141	47539	67234
4142	47550	67223
4143	47562	67211
4144	47573	67199
4145	47584	67187
4146	47595	67175
4147	47606	67163
4148	47617	67150
4149	47627	67138
4150	47638	67126
4151	47648	67112
4152	47660	67101
4153	47671	67089
4154	47681	67075
4155	47691	67062
4156	47702	67049
4157	47712	67035
4158	47722	67021
4159	47731	67007
4160	47741	66993
4161	47751	66980
4162	47761	66967
4163	47771	66953
4164	47781	66939
4165	47791	66926
4166	47802	66913
4167	47813	66901
4168	47823	66888
4169	47833	66875
4170	47843	66861
4171	47853	66848
4172	47864	66835
4173	47874	66822
4174	47884	66809
4175	47894	66796
4176	47906	66784
4177	47916	66771
4178	47927	66759
4179	47938	66747
4180	47949	66734
4181	47960	66722
4182	47970	66708
4183	47981	66696
4184	47993	66685
4185	48003	66672
4186	48015	66661
4187	48037	66665
4188	48060	66669
4189	48079	66669
4190	48090	66656
4191	48100	66643
4192	48112	66631
4193	48122	66619
4194	48132	66605
4195	48144	66594
4196	48156	66583
4197	48166	66570
4198	48177	66558
4199	48188	66545
4200	48199	66533
4201	48209	66520
4202	48222	66511
4203	48234	66500
4204	48245	66488
4205	48256	66476
4206	48267	66463
4207	48278	66451
4208	48289	66439
4209	48299	66426
4210	48310	66413
4211	48320	66400
4212	48329	66386
4213	48340	66373
4214	48350	66360
4215	48361	66347
4216	48371	66334
4217	48382	66321
4218	48392	66309
4219	48404	66297
4220	48415	66285
4221	48424	66271
4222	48435	66259
4223	48448	66248
4224	48489	66279
4225	48532	66310
4226	48546	66302
4227	48557	66289
4228	48568	66277
4229	48578	66264
4230	48588	66251
4231	48598	66237
4232	48608	66223
4233	48620	66213
4234	48631	66201
4235	48643	66190
4236	48660	66185
4237	48672	66175
4238	48683	66163
4239	48695	66152
4240	48706	66139
4241	48716	66127
4242	48728	66115
4243	48739	66103
4244	48750	66091
4245	48761	66079
4246	48773	66068
4247	48783	66055
4248	48793	66042
4249	48805	66030
4250	48816	66018
4251	48827	66006
4252	48838	65994
4253	48851	65985
4254	48863	65973
4255	48874	65961
4256	48884	65949
4257	48896	65937
4258	48906	65924
4259	48917	65912
4260	48928	65900
4261	48939	65887
4262	48949	65874
4263	48959	65860
4264	48971	65849
4265	48981	65836
4266	48991	65823
4267	49002	65811
4268	49013	65798
4269	49023	65785
4270	49034	65773
4271	49045	65761
4272	49056	65748
4273	49067	65736
4274	49081	65729
4275	49100	65727
4276	49110	65714
4277	49121	65701
4278	49132	65689
4279	49143	65677
4280	49153	65664
4281	49164	65651
4282	49174	65638
4283	49184	65625
4284	49194	65611
4285	49204	65598
4286	49214	65585
4287	49225	65572
4288	49235	65559
4289	49244	65544
4290	49254	65531
4291	49264	65517
4292	49275	65504
4293	49285	65492
4294	49296	65479
4295	49306	65466
4296	49316	65452
4297	49325	65438
4298	49336	65426
4299	49346	65412
4300	49356	65398
4301	49366	65386
4302	49377	65374
4303	49396	65372
4304	49408	65361
4305	49419	65348
4306	49429	65336
4307	49440	65324
4308	49451	65311
4309	49463	65301
4310	49475	65289
4311	49486	65278
4312	49498	65267
4313	49510	65256
4314	49583	65325
4315	49607	65330
4316	49618	65318
4317	49629	65307
4318	49640	65294
4319	49651	65282
4320	49662	65270
4321	49672	65257
4322	49683	65244
4323	49694	65232
4324	49705	65220
4325	49716	65208
4326	49727	65195
4327	49737	65183
4328	49749	65171
4329	49760	65160
4330	49772	65148
4331	49783	65136
4332	49794	65124
4333	49804	65111
4334	49815	65099
4335	49826	65087
4336	49836	65073
4337	49846	65060
4338	49856	65046
4339	49866	65033
4340	49876	65020
4341	49887	65007
4342	49897	64993
4343	49908	64981
4344	49918	64968
4345	49928	64955
4346	49938	64941
4347	49948	64928
4348	49960	64917
4349	49974	64908
4350	49985	64897
4351	49995	64883
4352	50005	64871
4353	50015	64857
4354	50025	64844
4355	50037	64833
4356	50048	64820
4357	50058	64807
4358	50069	64795
4359	50080	64782
4360	50090	64769
4361	50101	64757
4362	50112	64745
4363	50123	64733
4364	50133	64720
4365	50144	64707
4366	50154	64694
4367	50165	64682
4368	50176	64670
4369	50191	64662
4370	50211	64662
4371	50232	64662
4372	50252	64662
4373	50266	64654
4374	50277	64642
4375	50287	64629
4376	50298	64617
4377	50309	64604
4378	50320	64592
4379	50331	64580
4380	50341	64567
4381	50352	64554
4382	50363	64542
4383	50377	64534
4384	50391	64526
4385	50403	64515
4386	50414	64504
4387	50426	64491
4388	50436	64479
4389	50448	64467
4390	50459	64455
4391	50470	64443
4392	50480	64430
4393	50491	64418
4394	50501	64405
4395	50512	64393
4396	50522	64379
4397	50534	64368
4398	50544	64355
4399	50554	64342
4400	50840	64680
4401	50877	64700
4402	50896	64698
4403	50909	64688
4404	50921	64677
4405	50933	64666
4406	50944	64654
4407	50955	64641
4408	50966	64629
4409	50977	64617
4410	50988	64605
4411	51000	64594
4412	51011	64581
4413	51022	64570
4414	51034	64558
4415	51045	64546
4416	51056	64534
4417	51068	64523
4418	51080	64511
4419	51092	64500
4420	51103	64488
4421	51114	64476
4422	51125	64464
4423	51136	64452
4424	51147	64440
4425	51161	64431
4426	51172	64418
4427	51182	64406
4428	51193	64393
4429	51203	64380
4430	51214	64367
4431	51224	64354
4432	51234	64341
4433	51245	64328
4434	51255	64315
4435	51266	64302
4436	51276	64289
4437	51287	64276
4438	51297	64263
4439	51307	64250
4440	51318	64238
4441	51329	64225
4442	51340	64213
4443	51350	64199
4444	51360	64186
4445	51371	64173
4446	51381	64160
4447	51391	64147
4448	51402	64134
4449	51415	64125
4450	51426	64113
4451	51437	64100
4452	51448	64088
4453	51458	64075
4454	51469	64062
4455	51480	64050
4456	51490	64036
4457	51501	64024
4458	51512	64012
4459	51523	63999
4460	51534	63987
4461	51545	63975
4462	51556	63963
4463	51570	63954
4464	51587	63950
4465	51608	63949
4466	51627	63948
4467	51647	63947
4468	51664	63942
4469	51684	63941
4470	51696	63930
4471	51707	63918
4472	51719	63906
4473	51729	63893
4474	51740	63880
4475	51752	63869
4476	51762	63856
4477	51775	63846
4478	51787	63834
4479	51798	63822
4480	51808	63810
4481	51819	63797
4482	51830	63785
4483	51841	63773
4484	51852	63760
4485	51879	63767
4486	51924	63797
4487	51938	63789
4488	51950	63777
4489	51960	63765
4490	51971	63752
4491	51982	63739
4492	51992	63726
4493	52004	63714
4494	52014	63702
4495	52025	63689
4496	52035	63675
4497	52045	63663
4498	52056	63650
4499	52067	63637
4500	52077	63624
4501	52087	63611
4502	52098	63598
4503	52108	63584
4504	52119	63573
4505	52130	63561
4506	52141	63547
4507	52151	63535
4508	52162	63523
4509	52174	63511
4510	52186	63500
4511	52198	63489
4512	52210	63478
4513	52221	63466
4514	52232	63454
4515	52246	63444
4516	52258	63433
4517	52269	63422
4518	52282	63411
4519	52293	63400
4520	52305	63389
4521	52316	63376
4522	52328	63365
4523	52339	63353
4524	52350	63341
4525	52365	63333
4526	52384	63331
4527	52397	63320
4528	52407	63308
4529	52418	63295
4530	52428	63282
4531	52440	63270
4532	52451	63258
4533	52462	63246
4534	52474	63235
4535	52485	63223
4536	52498	63213
4537	52509	63200
4538	52520	63189
4539	52531	63176
4540	52542	63164
4541	52553	63151
4542	52564	63139
4543	52574	63126
4544	52585	63113
4545	52596	63101
4546	52606	63088
4547	52617	63075
4548	52627	63062
4549	52638	63050
4550	52651	63040
4551	52664	63030
4552	52675	63018
4553	52685	63005
4554	52696	62992
4555	52706	62979
4556	52716	62966
4557	52726	62952
4558	52737	62939
4559	52747	62927
4560	52758	62915
4561	52769	62901
4562	52779	62888
4563	52790	62876
4564	52802	62865
4565	52812	62852
4566	52823	62839
4567	52833	62826
4568	52843	62813
4569	52855	62801
4570	52866	62789
4571	52876	62776
4572	52887	62763
4573	52897	62750
4574	52928	62762
4575	52974	62791
4576	52987	62781
4577	52998	62769
4578	53009	62756
4579	53020	62744
4580	53031	62732
4581	53042	62719
4582	53052	62707
4583	53063	62694
4584	53074	62682
4585	53084	62669
4586	53096	62657
4587	53107	62645
4588	53118	62633
4589	53130	62622
4590	53142	62610
4591	53153	62598
4592	53164	62587
4593	53176	62575
4594	53187	62563
4595	53197	62550
4596	53209	62538
4597	53219	62525
4598	53230	62512
4599	53241	62500
4600	53254	62491
4601	53265	62478
4602	53275	62465
4603	53286	62453
4604	53297	62440
4605	53307	62426
4606	53318	62415
4607	53329	62402
4608	53340	62390
4609	53350	62377
4610	53360	62364
4611	53371	62351
4612	53380	62337
4613	53392	62326
4614	53403	62314
4615	53415	62302
4616	53425	62289
4617	53435	62276
4618	53445	62262
4619	53456	62249
4620	53466	62236
4621	53476	62223
4622	53487	62210
4623	53497	62198
4624	53507	62184
4625	53517	62171
4626	53527	62157
4627	53537	62144
4628	53547	62131
4629	53558	62118
4630	53569	62106
4631	53582	62096
4632	53593	62084
4633	53605	62072
4634	53616	62061
4635	53628	62049
4636	53639	62037
4637	53650	62025
4638	53662	62014
4639	53673	62001
4640	53684	61989
4641	53695	61977
4642	53706	61965
4643	53717	61953
4644	53728	61941
4645	53739	61928
4646	53750	61916
4647	53761	61904
4648	53772	61891
4649	53783	61879
4650	53794	61867
4651	53805	61855
4652	53816	61842
4653	53827	61831
4654	53838	61818
4655	53849	61806
4656	53860	61794
4657	53871	61782
4658	53883	61770
4659	53894	61758
4660	53905	61746
4661	53916	61735
4662	53927	61722
4663	53938	61709
4664	53976	61729
4665	54018	61751
4666	54031	61742
4667	54043	61730
4668	54053	61717
4669	54066	61707
4670	54078	61696
4671	54088	61682
4672	54098	61670
4673	54109	61657
4674	54118	61643
4675	54130	61631
4676	54140	61618
4677	54151	61606
4678	54163	61594
4679	54173	61582
4680	54184	61569
4681	54194	61556
4682	54205	61543
4683	54214	61529
4684	54224	61516
4685	54235	61504
4686	54245	61491
4687	54256	61477
4688	54266	61465
4689	54276	61451
4690	54287	61439
4691	54297	61426
4692	54308	61414
4693	54319	61401
4694	54331	61390
4695	54348	61385
4696	54369	61384
4697	54389	61381
4698	54409	61379
4699	54420	61367
4700	54431	61355
4701	54441	61342
4702	54452	61329
4703	54462	61317
4704	54473	61304
4705	54484	61292
4706	54495	61279
4707	54506	61267
4708	54518	61256
4709	54529	61244
4710	54539	61231
4711	54550	61218
4712	54562	61207
4713	54573	61195
4714	54584	61183
4715	54596	61172
4716	54607	61160
4717	54618	61148
4718	54629	61135
4719	54640	61123
4720	54651	61111
4721	54662	61098
4722	54674	61087
4723	54685	61075
4724	54709	61078
4725	54721	61067
4726	54733	61055
4727	54743	61042
4728	54753	61029
4729	54764	61016
4730	54774	61003
4731	54786	60992
4732	54796	60978
4733	54808	60967
4734	54818	60954
4735	54828	60941
4736	54839	60928
4737	54849	60915
4738	54860	60903
4739	54871	60891
4740	54882	60878
4741	54892	60865
4742	54902	60852
4743	54913	60840
4744	54923	60826
4745	54933	60813
4746	54943	60799
4747	54953	60786
4748	54962	60772
4749	54972	60759
4750	54983	60747
4751	54992	60732
4752	55055	60778
4753	55074	60774
4754	55088	60764
4755	55099	60753
4756	55111	60741
4757	55122	60730
4758	55133	60717
4759	55143	60704
4760	55153	60691
4761	55164	60679
4762	55175	60666
4763	55186	60654
4764	55197	60641
4765	55208	60629
4766	55219	60617
4767	55231	60606
4768	55244	60596
4769	55261	60590
4770	55277	60584
4771	55293	60577
4772	55310	60571
4773	55330	60568
4774	55346	60562
4775	55357	60550
4776	55368	60538
4777	55379	60525
4778	55390	60513
4779	55401	60501
4780	55412	60489
4781	55423	60476
4782	55434	60464
4783	55445	60452
4784	55455	60439
4785	55464	60424
4786	55475	60412
4787	55486	60400
4788	55497	60388
4789	55509	60376
4790	55519	60363
4791	55529	60349
4792	55539	60337
4793	55550	60324
4794	55560	60310
4795	55570	60298
4796	55580	60285
4797	55590	60271
4798	55600	60258
4799	55611	60245
4800	55621	60232
4801	55631	60218
4802	55642	60206
4803	55652	60193
4804	55662	60180
4805	55672	60166
4806	55682	60154
4807	55692	60140
4808	55703	60127
4809	55714	60116
4810	55726	60105
4811	55738	60093
4812	55749	60081
4813	55760	60069
4814	55771	60056
4815	55781	60043
4816	55792	60031
4817	55803	60019
4818	55813	60006
4819	55824	59994
4820	55835	59981
4821	55848	59971
4822	55859	59959
4823	55869	59946
4824	55881	59935
4825	55892	59922
4826	55904	59911
4827	55915	59899
4828	55926	59887
4829	55936	59874
4830	55948	59862
4831	55958	59850
4832	55969	59837
4833	55980	59825
4834	55991	59812
4835	56001	59799
4836	56012	59787
4837	56024	59776
4838	56034	59763
4839	56045	59751
4840	56056	59738
4841	56122	59784
4842	56135	59775
4843	56147	59764
4844	56160	59753
4845	56170	59740
4846	56182	59729
4847	56194	59717
4848	56204	59705
4849	56215	59693
4850	56226	59680
4851	56237	59667
4852	56247	59654
4853	56258	59642
4854	56268	59629
4855	56278	59616
4856	56289	59603
4857	56299	59591
4858	56309	59577
4859	56319	59564
4860	56329	59551
4861	56339	59537
4862	56349	59524
4863	56360	59512
4864	56370	59498
4865	56380	59485
4866	56390	59472
4867	56402	59460
4868	56413	59448
4869	56423	59435
4870	56436	59425
4871	56447	59413
4872	56457	59400
4873	56468	59387
4874	56479	59375
4875	56489	59362
4876	56500	59350
4877	56510	59337
4878	56521	59324
4879	56531	59311
4880	56541	59298
4881	56552	59285
4882	56562	59273
4883	56573	59260
4884	56584	59248
4885	56595	59236
4886	56605	59223
4887	56616	59211
4888	56627	59199
4889	56638	59186
4890	56649	59174
4891	56660	59162
4892	56670	59149
4893	56681	59136
4894	56692	59124
4895	56703	59112
4896	56713	59099
4897	56724	59087
4898	56734	59074
4899	56745	59061
4900	56755	59048
4901	56766	59036
4902	56777	59023
4903	56788	59011
4904	56799	58999
4905	56810	58987
4906	56820	58974
4907	56832	58963
4908	56843	58951
4909	56854	58939
4910	56866	58927
4911	56877	58915
4912	56888	58903
4913	56899	58891
4914	56910	58878
4915	56922	58867
4916	56932	58854
4917	56942	58841
4918	56954	58830
4919	56965	58817
4920	56975	58804
4921	56985	58791
4922	56995	58778
4923	57006	58766
4924	57016	58753
4925	57026	58740
4926	57038	58728
4927	57048	58715
4928	57059	58703
4929	57069	58689
4930	57079	58677
4931	57089	58663
4932	57099	58650
4933	57157	58686
4934	57175	58681
4935	57190	58673
4936	57204	58664
4937	57219	58656
4938	57231	58644
4939	57242	58633
4940	57254	58622
4941	57265	58609
4942	57276	58597
4943	57292	58590
4944	57312	58587
4945	57333	58585
4946	57347	58576
4947	57357	58562
4948	57368	58550
4949	57378	58537
4950	57389	58525
4951	57400	58513
4952	57411	58500
4953	57421	58487
4954	57431	58475
4955	57443	58463
4956	57454	58451
4957	57465	58439
4958	57477	58427
4959	57488	58416
4960	57500	58404
4961	57510	58391
4962	57521	58379
4963	57532	58367
4964	57547	58359
4965	57560	58349
4966	57571	58336
4967	57582	58324
4968	57592	58310
4969	57602	58298
4970	57613	58286
4971	57624	58273
4972	57635	58261
4973	57645	58248
4974	57656	58235
4975	57667	58223
4976	57678	58211
4977	57689	58198
4978	57699	58185
4979	57709	58172
4980	57719	58159
4981	57732	58150
4982	57752	58146
4983	57764	58135
4984	57774	58122
4985	57784	58109
4986	57795	58097
4987	57805	58083
4988	57816	58071
4989	57825	58057
4990	57835	58044
4991	57845	58030
4992	57859	58021
4993	57878	58017
4994	57897	58013
4995	57910	58003
4996	57921	57990
4997	57932	57978
4998	57943	57966
4999	57955	57955
5000	57966	57943
5001	57977	57930
5002	57987	57918
5003	57998	57905
5004	58009	57893
5005	58019	57880
5006	58030	57868
5007	58041	57856
5008	58052	57843
5009	58063	57831
5010	58073	57818
5011	58083	57805
5012	58093	57792
5013	58104	57780
5014	58114	57767
5015	58125	57754
5016	58136	57742
5017	58146	57729
5018	58174	57734
5019	58228	57764
5020	58249	57762
5021	58263	57753
5022	58274	57740
5023	58284	57727
5024	58295	57715
5025	58305	57702
5026	58316	57690
5027	58327	57678
5028	58338	57665
5029	58349	57653
5030	58360	57641
5031	58371	57629
5032	58384	57618
5033	58395	57606
5034	58407	57595
5035	58418	57583
5036	58430	57571
5037	58441	57559
5038	58452	57547
5039	58463	57535
5040	58474	57523
5041	58485	57510
5042	58495	57497
5043	58506	57485
5044	58517	57473
5045	58527	57460
5046	58537	57447
5047	58548	57435
5048	58558	57422
5049	58568	57408
5050	58578	57396
5051	58589	57382
5052	58599	57370
5053	58610	57358
5054	58621	57345
5055	58631	57332
5056	58641	57319
5057	58651	57306
5058	58662	57294
5059	58672	57280
5060	58681	57267
5061	58691	57254
5062	58701	57241
5063	58712	57228
5064	58722	57214
5065	58731	57201
5066	58743	57189
5067	58753	57176
5068	58764	57165
5069	58775	57152
5070	58785	57139
5071	58797	57128
5072	58809	57117
5073	58820	57105
5074	58832	57093
5075	58843	57081
5076	58854	57068
5077	58865	57056
5078	58875	57044
5079	58885	57031
5080	58897	57019
5081	58907	57006
5082	58918	56994
5083	58929	56981
5084	58940	56969
5085	58951	56957
5086	58961	56944
5087	58972	56932
5088	58983	56919
5089	58993	56907
5090	59004	56895
5091	59015	56883
5092	59026	56871
5093	59039	56860
5094	59050	56848
5095	59061	56836
5096	59071	56823
5097	59082	56811
5098	59093	56798
5099	59103	56785
5100	59113	56772
5101	59124	56760
5102	59134	56747
5103	59145	56735
5104	59156	56723
5105	59167	56711
5106	59177	56698
5107	59188	56685
5108	59200	56674
5109	59211	56662
5110	59222	56650
5111	59564	56954
5112	59580	56946
5113	59591	56934
5114	59602	56922
5115	59612	56909
5116	59623	56896
5117	59634	56884
5118	59644	56871
5119	59655	56858
5120	59665	56845
5121	59677	56834
5122	59688	56822
5123	59699	56810
5124	59711	56798
5125	59722	56786
5126	59732	56773
5127	59743	56760
5128	59753	56748
5129	59764	56735
5130	59775	56722
5131	59785	56710
5132	59796	56697
5133	59806	56684
5134	59817	56672
5135	59828	56659
5136	59839	56647
5137	59850	56635
5138	59860	56622
5139	59871	56609
5140	59882	56597
5141	59895	56587
5142	59907	56575
5143	59918	56563
5144	59928	56550
5145	59939	56538
5146	59950	56526
5147	59960	56513
5148	59970	56499
5149	59980	56486
5150	59990	56473
5151	59999	56459
5152	60009	56446
5153	60019	56432
5154	60029	56419
5155	60038	56405
5156	60048	56392
5157	60059	56379
5158	60069	56366
5159	60079	56353
5160	60089	56340
5161	60101	56328
5162	60112	56316
5163	60123	56304
5164	60133	56291
5165	60143	56278
5166	60153	56265
5167	60164	56253
5168	60176	56241
5169	60186	56228
5170	60197	56216
5171	60207	56203
5172	60217	56190
5173	60228	56177
5174	60239	56165
5175	60250	56152
5176	60260	56140
5177	60270	56127
5178	60281	56114
5179	60293	56103
5180	60304	56091
5181	60316	56079
5182	60327	56067
5183	60339	56055
5184	60350	56043
5185	60362	56032
5186	60373	56019
5187	60384	56007
5188	60394	55994
5189	60405	55982
5190	60416	55970
5191	60427	55957
5192	60437	55944
5193	60448	55932
5194	60459	55920
5195	60470	55908
5196	60480	55895
5197	60491	55883
5198	60502	55870
5199	60513	55858
5200	60524	55846
5201	60545	55843
5202	60616	55886
5203	60633	55880
5204	60646	55868
5205	60657	55856
5206	60667	55843
5207	60678	55831
5208	60689	55819
5209	60699	55806
5210	60710	55793
5211	60721	55781
5212	60732	55769
5213	60744	55758
5214	60756	55746
5215	60766	55734
5216	60778	55722
5217	60789	55709
5218	60802	55699
5219	60814	55688
5220	60830	55680
5221	60848	55674
5222	60860	55663
5223	60871	55651
5224	60882	55639
5225	60893	55626
5226	60903	55613
5227	60914	55601
5228	60925	55588
5229	60935	55576
5230	60946	55563
5231	60957	55551
5232	60968	55539
5233	60978	55526
5234	60991	55515
5235	61002	55503
5236	61013	55491
5237	61024	55478
5238	61035	55466
5239	61045	55453
5240	61058	55442
5241	61077	55438
5242	61093	55430
5243	61104	55418
5244	61115	55406
5245	61126	55393
5246	61137	55381
5247	61147	55368
5248	61157	55355
5249	61168	55342
5250	61179	55330
5251	61190	55318
5252	61203	55308
5253	61214	55295
5254	61224	55282
5255	61235	55270
5256	61246	55258
5257	61257	55246
5258	61268	55234
5259	61279	55221
5260	61289	55208
5261	61299	55195
5262	61310	55182
5263	61320	55170
5264	61331	55157
5265	61341	55144
5266	61353	55132
5267	61364	55120
5268	61374	55107
5269	61384	55094
5270	61394	55081
5271	61404	55068
5272	61414	55055
5273	61425	55042
5274	61436	55030
5275	61445	55017
5276	61456	55004
5277	61468	54993
5278	61483	54984
5279	61498	54976
5280	61507	54962
5281	61517	54949
5282	61527	54935
5283	61538	54923
5284	61548	54910
5285	61558	54897
5286	61568	54884
5287	61578	54871
5288	61588	54857
5289	61600	54846
5290	61674	54890
5291	61693	54885
5292	61706	54874
5293	61717	54862
5294	61728	54850
5295	61738	54837
5296	61749	54825
5297	61760	54812
5298	61771	54800
5299	61781	54787
5300	61792	54775
5301	61803	54763
5302	61815	54751
5303	61826	54739
5304	61837	54726
5305	61850	54716
5306	61866	54709
5307	61877	54696
5308	61888	54684
5309	61899	54671
5310	61910	54659
5311	61920	54646
5312	61930	54633
5313	61942	54621
5314	61952	54608
5315	61963	54596
5316	61974	54584
5317	61984	54571
5318	61996	54560
5319	62007	54547
5320	62019	54536
5321	62031	54524
5322	62040	54511
5323	62051	54499
5324	62062	54486
5325	62074	54475
5326	62084	54462
5327	62096	54450
5328	62106	54437
5329	62116	54424
5330	62127	54412
5331	62137	54399
5332	62147	54386
5333	62157	54373
5334	62167	54360
5335	62177	54347
5336	62187	54334
5337	62197	54320
5338	62207	54307
5339	62217	54294
5340	62227	54281
5341	62237	54268
5342	62247	54255
5343	62257	54242
5344	62267	54229
5345	62279	54217
5346	62292	54207
5347	62303	54195
5348	62313	54182
5349	62324	54170
5350	62334	54157
5351	62345	54144
5352	62355	54131
5353	62366	54119
5354	62376	54106
5355	62387	54093
5356	62399	54082
5357	62409	54069
5358	62420	54057
5359	62430	54044
5360	62441	54031
5361	62452	54019
5362	62462	54007
5363	62473	53994
5364	62485	53983
5365	62497	53971
5366	62508	53959
5367	62519	53947
5368	62533	53937
5369	62544	53925
5370	62555	53913
5371	62565	53900
5372	62576	53888
5373	62587	53876
5374	62598	53863
5375	62608	53850
5376	62619	53838
5377	62629	53825
5378	62639	53812
5379	62650	53799
5380	62683	53806
5381	62731	53826
5382	62746	53818
5383	62758	53806
5384	62769	53794
5385	62779	53781
5386	62790	53768
5387	62800	53755
5388	62810	53742
5389	62820	53729
5390	62830	53716
5391	62839	53702
5392	62849	53689
5393	62859	53676
5394	62870	53664
5395	62880	53651
5396	62890	53638
5397	62903	53627
5398	62914	53615
5399	62925	53603
5400	62936	53590
5401	62946	53577
5402	62956	53564
5403	62966	53551
5404	62979	53541
5405	62990	53528
5406	63001	53516
5407	63011	53504
5408	63022	53491
5409	63034	53480
5410	63045	53467
5411	63056	53455
5412	63067	53443
5413	63079	53432
5414	63092	53421
5415	63102	53409
5416	63113	53396
5417	63124	53384
5418	63136	53373
5419	63147	53360
5420	63157	53347
5421	63170	53337
5422	63181	53325
5423	63193	53313
5424	63205	53302
5425	63217	53290
5426	63228	53279
5427	63240	53267
5428	63251	53255
5429	63263	53243
5430	63275	53232
5431	63286	53220
5432	63296	53207
5433	63306	53194
5434	63317	53182
5435	63328	53169
5436	63339	53157
5437	63351	53146
5438	63362	53133
5439	63373	53121
5440	63384	53109
5441	63394	53096
5442	63405	53084
5443	63416	53072
5444	63428	53060
5445	63439	53049
5446	63450	53036
5447	63462	53024
5448	63471	53011
5449	63481	52998
5450	63492	52986
5451	63503	52974
5452	63512	52960
5453	63522	52947
5454	63531	52933
5455	63542	52920
5456	63552	52907
5457	63561	52894
5458	63572	52881
5459	63582	52868
5460	63591	52855
5461	63604	52844
5462	63615	52832
5463	63626	52820
5464	63636	52807
5465	63646	52794
5466	63657	52782
5467	63668	52769
5468	63678	52757
5469	63688	52743
5470	63700	52732
5471	63710	52719
5472	63780	52756
5473	63795	52747
5474	63807	52736
5475	63820	52724
5476	63831	52713
5477	63847	52705
5478	63869	52702
5479	63881	52690
5480	63892	52677
5481	63902	52665
5482	63913	52653
5483	63923	52640
5484	63933	52627
5485	63944	52614
5486	63954	52602
5487	63965	52589
5488	63976	52577
5489	63987	52565
5490	63997	52552
5491	64008	52540
5492	64021	52529
5493	64032	52517
5494	64043	52505
5495	64054	52493
5496	64065	52480
5497	64076	52468
5498	64088	52456
5499	64099	52444
5500	64110	52432
5501	64120	52420
5502	64130	52407
5503	64141	52394
5504	64150	52381
5505	64161	52368
5506	64172	52356
5507	64182	52343
5508	64192	52330
5509	64201	52316
5510	64212	52304
5511	64223	52292
5512	64234	52279
5513	64244	52266
5514	64257	52256
5515	64267	52243
5516	64277	52230
5517	64288	52218
5518	64298	52205
5519	64308	52192
5520	64320	52181
5521	64331	52168
5522	64341	52156
5523	64351	52142
5524	64361	52129
5525	64371	52116
5526	64381	52103
5527	64392	52091
5528	64403	52079
5529	64413	52066
5530	64424	52054
5531	64435	52042
5532	64446	52030
5533	64457	52018
5534	64470	52006
5535	64482	51995
5536	64493	51983
5537	64503	51971
5538	64515	51959
5539	64525	51946
5540	64536	51934
5541	64547	51922
5542	64559	51910
5543	64569	51897
5544	64580	51885
5545	64591	51873
5546	64601	51860
5547	64613	51848
5548	64623	51836
5549	64634	51824
5550	64645	51811
5551	64656	51799
5552	64667	51787
5553	64678	51775
5554	64689	51763
5555	64700	51751
5556	64711	51739
5557	64722	51727
5558	64733	51714
5559	64744	51702
5560	64754	51689
5561	64772	51683
5562	64838	51714
5563	64852	51704
5564	64864	51693
5565	64875	51681
5566	64885	51668
5567	64895	51655
5568	64905	51642
5569	64915	51629
5570	64925	51616
5571	64935	51603
5572	64946	51591
5573	64958	51579
5574	64968	51566
5575	64978	51554
5576	64988	51541
5577	64999	51528
5578	65009	51515
5579	65018	51502
5580	65028	51489
5581	65038	51475
5582	65047	51462
5583	65057	51449
5584	65067	51436
5585	65077	51423
5586	65087	51410
5587	65097	51397
5588	65108	51385
5589	65119	51372
5590	65130	51360
5591	65142	51350
5592	65153	51337
5593	65164	51325
5594	65175	51313
5595	65186	51301
5596	65197	51288
5597	65208	51276
5598	65219	51264
5599	65230	51252
5600	65241	51240
5601	65252	51227
5602	65263	51215
5603	65274	51203
5604	65284	51191
5605	65295	51178
5606	65306	51166
5607	65316	51153
5608	65327	51141
5609	65338	51129
5610	65350	51117
5611	65362	51106
5612	65376	51097
5613	65388	51085
5614	65401	51074
5615	65411	51062
5616	65423	51050
5617	65433	51037
5618	65445	51025
5619	65456	51014
5620	65467	51001
5621	65477	50989
5622	65488	50976
5623	65499	50964
5624	65510	50952
5625	65522	50940
5626	65532	50928
5627	65543	50916
5628	65554	50904
5629	65565	50891
5630	65576	50879
5631	65590	50870
5632	65602	50858
5633	65613	50846
5634	65627	50836
5635	65640	50825
5636	65650	50812
5637	65660	50799
5638	65670	50786
5639	65681	50774
5640	65691	50761
5641	65701	50748
5642	65711	50736
5643	65722	50724
5644	65732	50710
5645	65742	50698
5646	65753	50685
5647	65764	50674
5648	65780	50666
5649	65791	50653
5650	65801	50640
5651	65811	50627
5652	65829	50621
5653	65895	50650
5654	65909	50641
5655	65922	50630
5656	65934	50619
5657	65945	50607
5658	65956	50594
5659	65966	50582
5660	65978	50570
5661	65988	50557
5662	65998	50545
5663	66009	50532
5664	66020	50520
5665	66031	50508
5666	66042	50496
5667	66054	50484
5668	66066	50473
5669	66077	50461
5670	66088	50449
5671	66099	50436
5672	66110	50424
5673	66121	50412
5674	66132	50400
5675	66143	50388
5676	66153	50375
5677	66164	50363
5678	66175	50351
5679	66186	50338
5680	66196	50326
5681	66207	50313
5682	66217	50301
5683	66228	50289
5684	66239	50276
5685	66250	50264
5686	66261	50252
5687	66273	50241
5688	66284	50229
5689	66295	50216
5690	66306	50204
5691	66316	50191
5692	66326	50178
5693	66336	50166
5694	66347	50153
5695	66357	50140
5696	66366	50127
5697	66376	50114
5698	66386	50101
5699	66396	50088
5700	66406	50075
5701	66417	50063
5702	66427	50050
5703	66438	50038
5704	66448	50025
5705	66459	50013
5706	66468	50000
5707	66479	49987
5708	66489	49974
5709	66499	49962
5710	66510	49949
5711	66521	49937
5712	66532	49925
5713	66542	49912
5714	66553	49900
5715	66563	49887
5716	66574	49875
5717	66585	49863
5718	66596	49851
5719	66606	49838
5720	66616	49825
5721	66626	49812
5722	66637	49800
5723	66647	49787
5724	66657	49775
5725	66668	49762
5726	66678	49749
5727	66689	49737
5728	66701	49726
5729	66713	49714
5730	66726	49704
5731	66737	49692
5732	66748	49679
5733	66759	49667
5734	66770	49655
5735	66780	49643
5736	66791	49630
5737	66801	49618
5738	66812	49605
5739	66822	49593
5740	66833	49580
5741	66844	49568
5742	66853	49555
5743	66864	49543
5744	66876	49531
5745	67211	49759
5746	67226	49749
5747	67238	49738
5748	67248	49726
5749	67260	49713
5750	67271	49701
5751	67281	49689
5752	67291	49676
5753	67302	49664
5754	67312	49651
5755	67323	49638
5756	67334	49626
5757	67345	49614
5758	67355	49601
5759	67366	49589
5760	67378	49577
5761	67389	49565
5762	67400	49553
5763	67411	49540
5764	67422	49528
5765	67433	49516
5766	67443	49503
5767	67454	49491
5768	67464	49478
5769	67475	49466
5770	67486	49454
5771	67497	49442
5772	67507	49429
5773	67518	49416
5774	67529	49404
5775	67539	49392
5776	67550	49379
5777	67562	49368
5778	67573	49355
5779	67584	49343
5780	67595	49331
5781	67606	49319
5782	67617	49306
5783	67628	49294
5784	67638	49282
5785	67650	49270
5786	67661	49258
5787	67672	49246
5788	67683	49233
5789	67697	49223
5790	67709	49212
5791	67723	49202
5792	67733	49189
5793	67746	49178
5794	67755	49165
5795	67766	49152
5796	67776	49140
5797	67786	49127
5798	67797	49114
5799	67809	49103
5800	67819	49090
5801	67831	49078
5802	67843	49067
5803	67857	49057
5804	67870	49046
5805	67881	49034
5806	67893	49022
5807	67904	49011
5808	67915	48998
5809	67925	48985
5810	67935	48973
5811	67945	48960
5812	67955	48947
5813	67965	48934
5814	67976	48922
5815	67987	48910
5816	67998	48897
5817	68009	48885
5818	68021	48873
5819	68032	48862
5820	68044	48850
5821	68055	48837
5822	68067	48826
5823	68083	48817
5824	68094	48806
5825	68105	48794
5826	68116	48781
5827	68128	48769
5828	68139	48757
5829	68150	48745
5830	68161	48733
5831	68173	48722
5832	68183	48709
5833	68212	48709
5834	68274	48734
5835	68289	48724
5836	68304	48715
5837	68320	48706
5838	68331	48694
5839	68343	48682
5840	68354	48671
5841	68366	48659
5842	68377	48647
5843	68388	48635
5844	68400	48623
5845	68412	48612
5846	68425	48600
5847	68435	48588
5848	68445	48575
5849	68455	48562
5850	68468	48551
5851	68482	48541
5852	68503	48536
5853	68521	48529
5854	68540	48522
5855	68550	48509
5856	68560	48496
5857	68569	48483
5858	68579	48470
5859	68589	48457
5860	68601	48445
5861	68611	48432
5862	68621	48419
5863	68631	48407
5864	68641	48394
5865	68652	48381
5866	68662	48369
5867	68673	48356
5868	68684	48344
5869	68696	48333
5870	68708	48321
5871	68718	48309
5872	68730	48297
5873	68740	48284
5874	68751	48272
5875	68761	48259
5876	68773	48248
5877	68784	48235
5878	68794	48223
5879	68805	48210
5880	68815	48197
5881	68825	48184
5882	68835	48172
5883	68846	48159
5884	68857	48147
5885	68867	48134
5886	68878	48122
5887	68889	48110
5888	68901	48098
5889	68913	48087
5890	68924	48075
5891	68935	48062
5892	68946	48050
5893	68957	48038
5894	68968	48026
5895	68979	48013
5896	68990	48001
5897	69001	47989
5898	69012	47977
5899	69022	47965
5900	69033	47952
5901	69043	47939
5902	69054	47927
5903	69064	47914
5904	69075	47902
5905	69086	47890
5906	69097	47878
5907	69109	47866
5908	69122	47855
5909	69132	47843
5910	69143	47831
5911	69156	47819
5912	69167	47807
5913	69177	47795
5914	69188	47783
5915	69199	47770
5916	69210	47758
5917	69222	47747
5918	69233	47734
5919	69243	47721
5920	69267	47718
5921	69331	47742
5922	69346	47733
5923	69360	47723
5924	69372	47712
5925	69388	47703
5926	69403	47693
5927	69413	47681
5928	69424	47668
5929	69434	47655
5930	69445	47643
5931	69455	47630
5932	69466	47618
5933	69476	47605
5934	69486	47592
5935	69497	47580
5936	69508	47568
5937	69518	47555
5938	69529	47543
5939	69540	47531
5940	69552	47519
5941	69564	47508
5942	69581	47500
5943	69593	47488
5944	69604	47476
5945	69615	47464
5946	69626	47451
5947	69637	47439
5948	69649	47427
5949	69659	47415
5950	69670	47403
5951	69680	47390
5952	69691	47378
5953	69702	47365
5954	69712	47353
5955	69723	47340
5956	69734	47328
5957	69745	47316
5958	69756	47303
5959	69766	47291
5960	69777	47279
5961	69788	47267
5962	69800	47255
5963	69813	47244
5964	69825	47232
5965	69835	47220
5966	69847	47208
5967	69858	47196
5968	69869	47184
5969	69879	47171
5970	69888	47158
5971	69899	47145
5972	69909	47132
5973	69919	47120
5974	69928	47106
5975	69938	47094
5976	69949	47081
5977	69959	47068
5978	69969	47055
5979	69979	47042
5980	69988	47029
5981	69998	47017
5982	70010	47005
5983	70021	46992
5984	70031	46980
5985	70042	46967
5986	70052	46955
5987	70063	46942
5988	70073	46930
5989	70083	46917
5990	70096	46906
5991	70107	46894
5992	70118	46882
5993	70129	46870
5994	70140	46857
5995	70150	46845
5996	70161	46832
5997	70171	46820
5998	70181	46807
5999	70192	46794
6000	70203	46782
6001	70214	46770
6002	70225	46758
6003	70235	46745
6004	70248	46734
6005	70260	46723
6006	70271	46711
6007	70282	46699
6008	70293	46686
6009	70304	46674
6010	70332	46673
6011	70391	46693
6012	70406	46683
6013	70417	46671
6014	70429	46660
6015	70439	46647
6016	70450	46635
6017	70461	46623
6018	70472	46611
6019	70484	46599
6020	70496	46587
6021	70508	46576
6022	70519	46564
6023	70530	46552
6024	70543	46540
6025	70555	46529
6026	70574	46522
6027	70589	46513
6028	70599	46500
6029	70611	46488
6030	70621	46475
6031	70631	46463
6032	70644	46451
6033	70655	46439
6034	70667	46428
6035	70679	46416
6036	70689	46404
6037	70700	46392
6038	70710	46379
6039	70722	46367
6040	70733	46355
6041	70743	46342
6042	70754	46330
6043	70765	46318
6044	70775	46305
6045	70785	46292
6046	70796	46280
6047	70807	46268
6048	70817	46255
6049	70828	46243
6050	70840	46231
6051	70851	46219
6052	70861	46207
6053	70872	46194
6054	70883	46182
6055	70893	46169
6056	70903	46156
6057	70914	46144
6058	70925	46132
6059	70938	46121
6060	70949	46109
6061	70959	46096
6062	70970	46084
6063	70981	46072
6064	70992	46060
6065	71002	46047
6066	71013	46035
6067	71024	46023
6068	71036	46011
6069	71047	45999
6070	71057	45986
6071	71067	45973
6072	71077	45961
6073	71088	45948
6074	71099	45936
6075	71109	45923
6076	71122	45912
6077	71133	45901
6078	71145	45889
6079	71156	45877
6080	71167	45865
6081	71178	45853
6082	71190	45841
6083	71200	45828
6084	71210	45816
6085	71221	45803
6086	71233	45791
6087	71244	45779
6088	71254	45767
6089	71265	45754
6090	71276	45743
6091	71287	45730
6092	71298	45718
6093	71308	45705
6094	71318	45693
6095	71329	45680
6096	71341	45669
6097	71352	45657
6098	71363	45644
6099	71387	45641
6100	71449	45661
6101	71464	45651
6102	71475	45639
6103	71485	45627
6104	71495	45614
6105	71507	45602
6106	71518	45590
6107	71528	45577
6108	71540	45566
6109	71551	45554
6110	71563	45542
6111	71574	45530
6112	71584	45517
6113	71595	45505
6114	71606	45493
6115	71618	45481
6116	71630	45469
6117	71641	45457
6118	71658	45449
6119	71672	45439
6120	71684	45428
6121	71695	45415
6122	71706	45403
6123	71717	45391
6124	71729	45379
6125	71740	45367
6126	71752	45356
6127	71763	45344
6128	71774	45331
6129	71786	45320
6130	71797	45307
6131	71807	45295
6132	71819	45284
6133	71830	45271
6134	71841	45259
6135	71852	45247
6136	71862	45234
6137	71873	45222
6138	71884	45210
6139	71895	45197
6140	71906	45185
6141	71916	45173
6142	71927	45160
6143	71938	45148
6144	71949	45136
6145	71961	45125
6146	71971	45112
6147	71983	45100
6148	71994	45088
6149	72004	45076
6150	72015	45063
6151	72025	45051
6152	72036	45038
6153	72046	45026
6154	72056	45013
6155	72067	45000
6156	72077	44988
6157	72089	44976
6158	72099	44963
6159	72109	44951
6160	72119	44938
6161	72129	44925
6162	72139	44912
6163	72149	44900
6164	72158	44887
6165	72169	44874
6166	72178	44861
6167	72188	44848
6168	72199	44836
6169	72209	44823
6170	72219	44811
6171	72230	44798
6172	72240	44786
6173	72252	44774
6174	72262	44761
6175	72273	44749
6176	72284	44737
6177	72295	44725
6178	72305	44712
6179	72316	44700
6180	72327	44688
6181	72337	44675
6182	72349	44663
6183	72360	44651
6184	72371	44639
6185	72382	44627
6186	72392	44615
6187	72404	44603
6188	72414	44590
6189	72425	44578
6190	72448	44573
6191	72544	44613
6192	72565	44607
6193	72584	44600
6194	72595	44588
6195	72605	44575
6196	72615	44563
6197	72626	44551
6198	72637	44538
6199	72648	44526
6200	72659	44514
6201	72670	44502
6202	72681	44489
6203	72693	44478
6204	72705	44466
6205	72717	44455
6206	72727	44442
6207	72739	44431
6208	72751	44419
6209	72762	44407
6210	72773	44395
6211	72783	44382
6212	72794	44370
6213	72805	44358
6214	72816	44346
6215	72827	44333
6216	72837	44321
6217	72847	44308
6218	72857	44295
6219	72868	44283
6220	72879	44271
6221	72890	44259
6222	72901	44246
6223	72910	44233
6224	72920	44221
6225	72931	44208
6226	72941	44196
6227	72953	44184
6228	72964	44172
6229	72975	44160
6230	72986	44148
6231	72997	44135
6232	73008	44123
6233	73018	44111
6234	73029	44099
6235	73040	44086
6236	73057	44077
6237	73076	44070
6238	73096	44064
6239	73110	44053
6240	73120	44041
6241	73131	44028
6242	73142	44016
6243	73153	44004
6244	73163	43991
6245	73174	43979
6246	73185	43967
6247	73197	43955
6248	73208	43943
6249	73219	43931
6250	73230	43919
6251	73241	43907
6252	73252	43895
6253	73262	43882
6254	73274	43870
6255	73285	43858
6256	73295	43846
6257	73306	43833
6258	73317	43821
6259	73327	43809
6260	73338	43797
6261	73349	43784
6262	73360	43772
6263	73371	43760
6264	73381	43748
6265	73392	43735
6266	73402	43723
6267	73414	43711
6268	73432	43703
6269	73443	43691
6270	73454	43679
6271	73464	43666
6272	73475	43654
6273	73486	43642
6274	73495	43628
6275	73505	43616
6276	73515	43603
6277	73802	43755
6278	73868	43775
6279	73882	43764
6280	73894	43753
6281	73906	43741
6282	73916	43728
6283	73927	43716
6284	73938	43704
6285	73948	43691
6286	73959	43679
6287	73971	43667
6288	73982	43655
6289	73992	43642
6290	74003	43630
6291	74013	43617
6292	74025	43606
6293	74035	43593
6294	74047	43581
6295	74060	43570
6296	74071	43558
6297	74083	43546
6298	74094	43534
6299	74105	43522
6300	74117	43510
6301	74128	43498
6302	74139	43486
6303	74150	43473
6304	74161	43461
6305	74172	43449
6306	74182	43437
6307	74194	43424
6308	74204	43412
6309	74220	43403
6310	74235	43393
6311	74247	43381
6312	74262	43371
6313	74272	43359
6314	74283	43347
6315	74295	43335
6316	74306	43322
6317	74318	43311
6318	74328	43298
6319	74343	43288
6320	74353	43276
6321	74365	43263
6322	74375	43251
6323	74385	43238
6324	74396	43226
6325	74407	43214
6326	74418	43201
6327	74428	43189
6328	74439	43176
6329	74451	43165
6330	74461	43152
6331	74472	43140
6332	74484	43128
6333	74497	43117
6334	74509	43105
6335	74520	43094
6336	74532	43082
6337	74543	43069
6338	74554	43057
6339	74565	43045
6340	74576	43033
6341	74585	43020
6342	74596	43008
6343	74608	42996
6344	74619	42984
6345	74629	42971
6346	74639	42958
6347	74650	42946
6348	74661	42934
6349	74672	42922
6350	74683	42909
6351	74696	42898
6352	74707	42886
6353	74718	42874
6354	74729	42861
6355	74739	42849
6356	74749	42836
6357	74760	42824
6358	74771	42812
6359	74781	42799
6360	74791	42786
6361	74802	42774
6362	74812	42761
6363	74822	42748
6364	74832	42736
6365	74842	42723
6366	74865	42718
6367	74932	42737
6368	74952	42730
6369	74969	42721
6370	74979	42709
6371	74990	42696
6372	75000	42684
6373	75011	42671
6374	75022	42659
6375	75032	42647
6376	75042	42634
6377	75053	42622
6378	75064	42609
6379	75074	42597
6380	75084	42584
6381	75095	42572
6382	75105	42559
6383	75118	42548
6384	75128	42535
6385	75140	42523
6386	75151	42511
6387	75162	42499
6388	75172	42486
6389	75183	42474
6390	75193	42462
6391	75204	42449
6392	75215	42437
6393	75226	42425
6394	75236	42412
6395	75247	42400
6396	75257	42387
6397	75268	42375
6398	75278	42362
6399	75289	42350
6400	75301	42338
6401	75312	42326
6402	75324	42314
6403	75345	42308
6404	75359	42297
6405	75370	42285
6406	75381	42273
6407	75392	42261
6408	75402	42248
6409	75412	42235
6410	75423	42223
6411	75433	42210
6412	75444	42198
6413	75454	42185
6414	75465	42173
6415	75475	42160
6416	75485	42148
6417	75497	42136
6418	75508	42124
6419	75523	42114
6420	75535	42102
6421	75546	42090
6422	75558	42078
6423	75569	42066
6424	75580	42054
6425	75590	42041
6426	75600	42029
6427	75611	42016
6428	75621	42004
6429	75632	41992
6430	75642	41979
6431	75653	41966
6432	75663	41953
6433	75673	41941
6434	75683	41928
6435	75693	41916
6436	75704	41903
6437	75714	41891
6438	75726	41879
6439	75738	41867
6440	75751	41857
6441	75763	41845
6442	75775	41833
6443	75786	41821
6444	75798	41809
6445	75808	41797
6446	75819	41785
6447	75830	41772
6448	75840	41759
6449	75851	41747
6450	75861	41734
6451	75871	41722
6452	75881	41709
6453	75892	41697
6454	75901	41684
6455	75912	41671
6456	75922	41658
6457	75941	41651
6458	76013	41672
6459	76027	41662
6460	76040	41650
6461	76051	41638
6462	76062	41626
6463	76073	41614
6464	76084	41602
6465	76095	41589
6466	76106	41577
6467	76116	41565
6468	76127	41552
6469	76137	41540
6470	76148	41527
6471	76160	41516
6472	76172	41504
6473	76182	41492
6474	76194	41480
6475	76205	41468
6476	76216	41455
6477	76227	41443
6478	76237	41430
6479	76247	41418
6480	76257	41405
6481	76267	41393
6482	76277	41380
6483	76288	41367
6484	76298	41355
6485	76308	41342
6486	76318	41329
6487	76328	41316
6488	76338	41304
6489	76348	41291
6490	76358	41279
6491	76369	41266
6492	76379	41254
6493	76389	41241
6494	76401	41229
6495	76412	41217
6496	76423	41205
6497	76433	41192
6498	76444	41180
6499	76453	41167
6500	76466	41155
6501	76476	41143
6502	76487	41131
6503	76498	41118
6504	76508	41106
6505	76519	41094
6506	76529	41081
6507	76540	41069
6508	76550	41056
6509	76562	41045
6510	76575	41033
6511	76586	41021
6512	76599	41010
6513	76612	40999
6514	76624	40987
6515	76636	40976
6516	76647	40964
6517	76658	40952
6518	76670	40940
6519	76682	40928
6520	76693	40916
6521	76711	40907
6522	76722	40896
6523	76733	40883
6524	76744	40871
6525	76756	40859
6526	76768	40848
6527	76780	40836
6528	76797	40827
6529	76808	40815
6530	76819	40803
6531	76831	40791
6532	76842	40779
6533	76854	40767
6534	76866	40756
6535	76876	40743
6536	76887	40731
6537	76899	40719
6538	76910	40707
6539	76921	40695
6540	76932	40683
6541	76942	40670
6542	76952	40657
6543	76963	40645
6544	76974	40633
6545	76984	40621
6546	76994	40608
6547	77076	40633
6548	77101	40628
6549	77117	40619
6550	77127	40606
6551	77136	40593
6552	77146	40580
6553	77156	40568
6554	77166	40555
6555	77176	40542
6556	77186	40529
6557	77198	40518
6558	77209	40505
6559	77220	40493
6560	77231	40481
6561	77242	40469
6562	77254	40457
6563	77265	40445
6564	77275	40432
6565	77285	40420
6566	77297	40408
6567	77308	40396
6568	77318	40383
6569	77329	40371
6570	77340	40359
6571	77350	40346
6572	77361	40334
6573	77371	40321
6574	77382	40309
6575	77393	40297
6576	77404	40285
6577	77414	40272
6578	77425	40260
6579	77437	40248
6580	77447	40236
6581	77458	40223
6582	77473	40213
6583	77484	40201
6584	77495	40189
6585	77506	40177
6586	77516	40164
6587	77527	40152
6588	77538	40140
6589	77549	40127
6590	77559	40115
6591	77569	40102
6592	77581	40090
6593	77591	40078
6594	77601	40065
6595	77612	40053
6596	77622	40040
6597	77633	40028
6598	77644	40016
6599	77654	40003
6600	77664	39991
6601	77675	39979
6602	77686	39966
6603	77697	39954
6604	77708	39942
6605	77718	39930
6606	77729	39917
6607	77740	39905
6608	77750	39892
6609	77760	39880
6610	77770	39867
6611	77780	39855
6612	77790	39842
6613	77802	39830
6614	77812	39817
6615	77822	39805
6616	77832	39792
6617	77842	39779
6618	77851	39766
6619	77862	39754
6620	77873	39742
6621	77883	39729
6622	77895	39717
6623	77905	39705
6624	77916	39693
6625	77926	39680
6626	77939	39669
6627	77950	39657
6628	77961	39645
6629	77973	39633
6630	77984	39621
6631	77994	39608
6632	78005	39596
6633	78016	39584
6634	78026	39572
6635	78037	39559
6636	78047	39547
6637	78058	39534
6638	78143	39560
6639	78159	39550
6640	78172	39539
6641	78183	39527
6642	78195	39515
6643	78206	39503
6644	78217	39491
6645	78227	39478
6646	78238	39466
6647	78249	39454
6648	78259	39441
6649	78270	39429
6650	78280	39417
6651	78291	39404
6652	78302	39392
6653	78314	39380
6654	78324	39368
6655	78336	39356
6656	78346	39344
6657	78357	39331
6658	78368	39319
6659	78380	39307
6660	78392	39296
6661	78403	39284
6662	78413	39271
6663	78423	39258
6664	78433	39246
6665	78443	39233
6666	78453	39221
6667	78463	39208
6668	78473	39195
6669	78483	39182
6670	78493	39170
6671	78502	39157
6672	78513	39144
6673	78524	39132
6674	78534	39120
6675	78543	39107
6676	78553	39094
6677	78563	39081
6678	78573	39069
6679	78583	39056
6680	78593	39043
6681	78603	39031
6682	78613	39018
6683	78623	39006
6684	78634	38993
6685	78644	38981
6686	78655	38969
6687	78667	38957
6688	78679	38945
6689	78690	38933
6690	78700	38920
6691	78710	38908
6692	78721	38896
6693	78732	38883
6694	78742	38871
6695	78753	38859
6696	78763	38846
6697	78775	38834
6698	78786	38822
6699	78796	38810
6700	78807	38797
6701	78817	38785
6702	78827	38773
6703	78838	38760
6704	78853	38750
6705	78872	38742
6706	78893	38735
6707	78911	38726
6708	78922	38714
6709	78940	38705
6710	78960	38697
6711	78973	38686
6712	78984	38674
6713	78995	38662
6714	79007	38650
6715	79018	38638
6716	79029	38626
6717	79041	38614
6718	79052	38602
6719	79064	38591
6720	79075	38578
6721	79085	38566
6722	79096	38554
6723	79106	38541
6724	79117	38529
6725	79410	38654
6726	79476	38668
6727	79490	38658
6728	79502	38646
6729	79513	38634
6730	79525	38622
6731	79536	38610
6732	79547	38598
6733	79558	38585
6734	79569	38573
6735	79580	38561
6736	79590	38549
6737	79601	38536
6738	79612	38524
6739	79624	38512
6740	79634	38499
6741	79643	38487
6742	79654	38474
6743	79665	38462
6744	79676	38450
6745	79686	38437
6746	79696	38424
6747	79706	38412
6748	79716	38399
6749	79726	38386
6750	79737	38374
6751	79748	38362
6752	79758	38349
6753	79769	38337
6754	79780	38325
6755	79791	38313
6756	79802	38300
6757	79813	38288
6758	79824	38276
6759	79834	38264
6760	79845	38251
6761	79855	38238
6762	79866	38226
6763	79876	38214
6764	79886	38201
6765	79895	38188
6766	79905	38175
6767	79914	38162
6768	79925	38150
6769	79935	38137
6770	79945	38125
6771	79954	38111
6772	79966	38100
6773	79978	38088
6774	79988	38075
6775	79999	38063
6776	80009	38051
6777	80020	38038
6778	80030	38026
6779	80041	38013
6780	80051	38000
6781	80061	37988
6782	80072	37976
6783	80083	37964
6784	80093	37951
6785	80104	37939
6786	80114	37926
6787	80125	37914
6788	80136	37902
6789	80148	37890
6790	80166	37881
6791	80179	37870
6792	80189	37857
6793	80200	37845
6794	80212	37833
6795	80223	37821
6796	80234	37809
6797	80245	37797
6798	80256	37785
6799	80267	37772
6800	80283	37762
6801	80297	37752
6802	80308	37739
6803	80318	37727
6804	80329	37715
6805	80340	37702
6806	80351	37690
6807	80361	37678
6808	80373	37666
6809	80385	37654
6810	80396	37642
6811	80411	37632
6812	80424	37621
6813	80436	37609
6814	80448	37597
6815	80476	37593
6816	80544	37608
6817	80557	37596
6818	80569	37584
6819	80579	37572
6820	80591	37560
6821	80602	37548
6822	80612	37535
6823	80624	37524
6824	80641	37514
6825	80661	37506
6826	80675	37495
6827	80691	37485
6828	80702	37473
6829	80712	37461
6830	80722	37448
6831	80731	37435
6832	80741	37422
6833	80751	37409
6834	80761	37397
6835	80771	37384
6836	80783	37372
6837	80795	37361
6838	80806	37349
6839	80817	37336
6840	80828	37324
6841	80839	37312
6842	80850	37300
6843	80861	37287
6844	80871	37275
6845	80882	37262
6846	80891	37250
6847	80902	37237
6848	80913	37225
6849	80923	37212
6850	80935	37201
6851	80945	37188
6852	80956	37176
6853	80967	37164
6854	80978	37151
6855	80988	37139
6856	81000	37127
6857	81010	37115
6858	81021	37102
6859	81032	37090
6860	81042	37078
6861	81054	37066
6862	81066	37054
6863	81076	37042
6864	81087	37029
6865	81098	37017
6866	81109	37005
6867	81120	36993
6868	81131	36981
6869	81142	36968
6870	81152	36956
6871	81163	36944
6872	81174	36931
6873	81186	36920
6874	81196	36907
6875	81207	36895
6876	81218	36883
6877	81229	36870
6878	81240	36858
6879	81250	36846
6880	81263	36834
6881	81282	36826
6882	81292	36813
6883	81303	36801
6884	81313	36788
6885	81324	36776
6886	81335	36764
6887	81346	36752
6888	81357	36740
6889	81367	36727
6890	81378	36715
6891	81389	36703
6892	81400	36691
6893	81410	36678
6894	81420	36665
6895	81430	36653
6896	81440	36640
6897	81450	36627
6898	81460	36615
6899	81470	36602
6900	81480	36589
6901	81490	36577
6902	81500	36564
6903	81511	36552
6904	81521	36540
6905	81599	36557
6906	81617	36548
6907	81630	36537
6908	81641	36525
6909	81652	36513
6910	81663	36500
6911	81673	36488
